role,description,required_skills
Chief Executives,"Determine and formulate policies and provide overall direction of companies or private and public sector organizations within guidelines set up by a board of directors or similar governing body. Plan, direct, or coordinate operational activities at the highest level of management with the help of subordinate executives and staff managers.","Active Learning, Active Listening, AdSense Tracker, Adobe Acrobat, Atlassian JIRA, Blackbaud The Raiser's Edge, Complex Problem Solving, ComputerEase construction accounting software, Coordination, Critical Thinking, Database reporting software, Databox, Email software, Exact Software Macola ES Labor Performance, Extensible markup language XML, Fund accounting software, Graphic presentation software, Intuit QuickBooks, Judgment and Decision Making, Management of Financial Resources, Management of Material Resources, Management of Personnel Resources, Microsoft Access, Microsoft Excel, Microsoft Office software, Microsoft Outlook, Microsoft PowerPoint, Microsoft Project, Microsoft SharePoint, Microsoft Word, Monitoring, Negotiation, Oracle PeopleSoft, PHP, Persuasion, Reading Comprehension, SAP software, Social Perceptiveness, Speaking, Structured query language SQL, Systems Analysis, Systems Evaluation, Time Management, Writing"
Chief Sustainability Officers,"Communicate and coordinate with management, shareholders, customers, and employees to address sustainability issues. Enact or oversee a corporate sustainability strategy.","Active Learning, Active Listening, Adobe Acrobat, Adobe Photoshop, Complex Problem Solving, Coordination, Critical Thinking, Email software, Facebook, Judgment and Decision Making, Management information systems MIS, Microsoft Access, Microsoft Dynamics GP, Microsoft Excel, Microsoft Office software, Microsoft Outlook, Microsoft PowerPoint, Microsoft Project, Microsoft SharePoint, Microsoft Word, Monitoring, Persuasion, Reading Comprehension, SAP software, Salesforce software, Scheduling software, Social Perceptiveness, Speaking, Structure query language SQL, Systems Analysis, Systems Evaluation, Tableau, Teleconferencing software, Web browser software, Writing"
General and Operations Managers,"Plan, direct, or coordinate the operations of public or private sector organizations, overseeing multiple departments or locations. Duties and responsibilities include formulating policies, managing daily operations, and planning the use of materials and human resources, but are too diverse and general in nature to be classified in any one functional area of management or administration, such as personnel, purchasing, or administrative services. Usually manage through subordinate supervisors. Excludes First-Line Supervisors.","Active Learning, Active Listening, Adobe Acrobat, Adobe Creative Cloud software, Adobe Photoshop, Amazon Web Services AWS software, Apache Hadoop, Apple macOS, Atlassian Confluence, Atlassian JIRA, Autodesk AutoCAD, Complex Problem Solving, Coordination, Critical Thinking, Extensible markup language XML, Facebook, Google Analytics, Google Docs, HubSpot software, IBM SPSS Statistics, Intuit QuickBooks, Judgment and Decision Making, Kronos Workforce Timekeeper, Management of Personnel Resources, Marketo Marketing Automation, Microsoft Access, Microsoft Excel, Microsoft Office software, Microsoft Outlook, Microsoft PowerPoint, Microsoft Project, Microsoft SharePoint, Monitoring, Negotiation, Persuasion, Reading Comprehension, Social Perceptiveness, Speaking, Time Management, Writing"
Legislators,"Develop, introduce, or enact laws and statutes at the local, tribal, state, or federal level. Includes only workers in elected positions.","Adobe Acrobat, Adobe FrameMaker, Antenna House, Apple Numbers for Mac, Apple iWork Keynote, Apple iWork Pages, Cisco AnyConnect, Cisco Webex, Corel WordPerfect Office Suite, GoodReader, IBM Domino, Legislative Automative Workflow System LAWS, LogMeIn GoToMeeting, Mapping software, Meeting scheduling software, Microsoft Access, Microsoft Excel, Microsoft Office software, Microsoft Outlook, Microsoft SQL Server, Microsoft SharePoint, Microsoft Visual Basic, Microsoft Word, Structured query language SQL, iAnnotate"
Advertising and Promotions Managers,"Plan, direct, or coordinate advertising policies and programs or produce collateral materials, such as posters, contests, coupons, or giveaways, to create extra interest in the purchase of a product or service for a department, an entire organization, or on an account basis.","Active Listening, Adobe Acrobat, Adobe After Effects, Adobe Creative Cloud software, Adobe Illustrator, Adobe InDesign, Adobe Photoshop, Complex Problem Solving, Coordination, Critical Thinking, Extensible markup language XML, Facebook, Google Analytics, HubSpot software, Hypertext markup language HTML, JavaScript, Judgment and Decision Making, Marketo Marketing Automation, Microsoft Access, Microsoft Excel, Microsoft Office software, Microsoft Outlook, Microsoft PowerPoint, Microsoft Project, Microsoft SQL Server, Microsoft SharePoint, Microsoft Windows, Microsoft Word, Reading Comprehension, SAP software, Salesforce software, Social Perceptiveness, Speaking, Time Management, Writing"
Marketing Managers,"Plan, direct, or coordinate marketing policies and programs, such as determining the demand for products and services offered by a firm and its competitors, and identify potential customers. Develop pricing strategies with the goal of maximizing the firm's profits or share of the market while ensuring the firm's customers are satisfied. Oversee product development or monitor trends that indicate the need for new products and services.","Active Learning, Active Listening, Adobe Acrobat, Adobe After Effects, Adobe Creative Cloud software, Adobe Illustrator, Adobe InDesign, Adobe Photoshop, Amazon Redshift, Amazon Web Services AWS software, Apache Cassandra, Apache Hadoop, Apache Hive, Apple macOS, Asana, Atlassian Confluence, Atlassian JIRA, C, Canva, Cascading style sheets CSS, Complex Problem Solving, Coordination, Critical Thinking, Elasticsearch, Extensible markup language XML, Facebook, Figma, GitHub, Google Analytics, Google Docs, Judgment and Decision Making, Monitoring, Negotiation, Persuasion, Reading Comprehension, Social Perceptiveness, Speaking, Systems Evaluation, Time Management"
Sales Managers,"Plan, direct, or coordinate the actual distribution or movement of a product or service to the customer. Coordinate sales distribution by establishing sales territories, quotas, and goals and establish training programs for sales representatives. Analyze sales statistics gathered by staff to determine sales potential and inventory requirements and monitor the preferences of customers.","Active Learning, Active Listening, Adobe Acrobat, Adobe Creative Cloud software, Bentley MicroStation, Complex Problem Solving, Coordination, Critical Thinking, Eclipse IDE, Facebook, Google Analytics, Google Docs, HubSpot software, Hypertext markup language HTML, IBM SPSS Statistics, Instructing, Judgment and Decision Making, Management of Personnel Resources, Marketo Marketing Automation, Microsoft Access, Microsoft Azure software, Microsoft Excel, Microsoft Office software, Microsoft Outlook, Microsoft PowerPoint, Microsoft Project, Microsoft SQL Server, Microsoft SharePoint, Microsoft Teams, Microsoft Visio, Microsoft Visual Basic, Microsoft Visual Basic for Applications VBA, Microsoft Windows, Monitoring, Negotiation, Persuasion, Reading Comprehension, Service Orientation, Social Perceptiveness, Speaking, Systems Analysis, Systems Evaluation, Time Management, Writing"
Public Relations Managers,"Plan, direct, or coordinate activities designed to create or maintain a favorable public image or raise issue awareness for their organization or client.","Adobe Acrobat, Adobe After Effects, Adobe Creative Cloud software, Adobe Illustrator, Adobe InDesign, Adobe Photoshop, Canva, Facebook, Google Analytics, Google Docs, Google Workspace software, HubSpot software, Hypertext markup language HTML, Marketo Marketing Automation, Microsoft Access, Microsoft Excel, Microsoft Office software, Microsoft Outlook, Microsoft PowerPoint, Microsoft Project, Microsoft SharePoint, Microsoft Word, Salesforce software, Slack, Teradata Database"
Fundraising Managers,"Plan, direct, or coordinate activities to solicit and maintain funds for special projects or nonprofit organizations.","Active Listening, Adobe Acrobat, Adobe After Effects, Adobe Creative Cloud software, Adobe Distiller, Adobe Illustrator, Adobe InDesign, Adobe Photoshop, Complex Problem Solving, Coordination, Critical Thinking, Facebook, Google Analytics, Google Docs, HubSpot software, Hypertext markup language HTML, Judgment and Decision Making, Marketo Marketing Automation, Microsoft Access, Microsoft Excel, Microsoft Office software, Microsoft Outlook, Microsoft PowerPoint, Microsoft Project, Microsoft SharePoint, Microsoft Word, Persuasion, Reading Comprehension, Salesforce software, Slack, Social Perceptiveness, Speaking, Teradata Database, Time Management, Writing, Yardi software"
Administrative Services Managers,"Plan, direct, or coordinate one or more administrative services of an organization, such as records and information management, mail distribution, and other office support services.","ADP Enterprise HR, ADP Workforce Now, Active Listening, Adobe Acrobat, Adobe PageMaker, Atlassian JIRA, Autodesk AutoCAD, Coordination, Critical Thinking, Google Docs, IBM SPSS Statistics, Intuit QuickBooks, Microsoft Access, Microsoft Excel, Microsoft Office software, Microsoft Outlook, Microsoft PowerPoint, Microsoft Project, Microsoft SharePoint, Microsoft Visio, Microsoft Word, Negotiation, Oracle PeopleSoft, Oracle Primavera Enterprise Project Portfolio Management, R, Reading Comprehension, SAP software, SAS, Speaking, Teradata Database, Time Management, Writing, Yardi software"
Facilities Managers,"Plan, direct, or coordinate operations and functionalities of facilities and buildings. May include surrounding grounds or multiple facilities of an organization's campus.","ADP Enterprise HR, ADP Workforce Now, Active Listening, Adobe Acrobat, Adobe PageMaker, Autodesk AutoCAD, Autodesk Revit, Blackbaud The Raiser's Edge, Coordination, Critical Thinking, Delphi Technology, Google Docs, Google Workspace software, Intuit QuickBooks, Judgment and Decision Making, Management of Personnel Resources, Microsoft Access, Microsoft Excel, Microsoft Office software, Microsoft Outlook, Microsoft PowerPoint, Microsoft Project, Microsoft SharePoint, Microsoft Visio, Microsoft Word, Monitoring, Oracle PeopleSoft, Oracle Primavera Enterprise Project Portfolio Management, Reading Comprehension, SAP software, Social Perceptiveness, Speaking, Teradata Database, Yardi software"
Security Managers,"Direct an organization's security functions, including physical security and safety of employees and facilities.","Active Learning, Active Listening, Alarm system software, Amazon Web Services AWS software, Complex Problem Solving, Coordination, Corel WordPerfect Office Suite, Critical Thinking, Emergency notification system software, Facebook, FieldSoft AIMSonScene, Firewall software, Graphics software, Human resources management system HRMS, Incident command system ICS software, Inventory tracking software, Judgment and Decision Making, Maintenance management software, Management of Financial Resources, Management of Personnel Resources, Mapping software, McAfee, Microsoft Access, Microsoft Azure software, Microsoft Excel, Microsoft Office software, Microsoft Outlook, Microsoft PowerPoint, Microsoft Project, Microsoft Visio, Microsoft Word, Monitoring, Oracle PeopleSoft, Reading Comprehension, SAP software, Social Perceptiveness, Speaking, Time Management, Writing"
Computer and Information Systems Managers,"Plan, direct, or coordinate activities in such fields as electronic data processing, information systems, systems analysis, and computer programming.","Active Listening, Amazon Web Services AWS software, Apache Cassandra, Apache Hadoop, Apache Maven, Apache Tomcat, Apple macOS, Atlassian JIRA, C, C#, C++, Complex Problem Solving, Coordination, Critical Thinking, Eclipse IDE, Extensible markup language XML, Google Analytics, Hypertext markup language HTML, IBM SPSS Statistics, JavaScript, Judgment and Decision Making, Linux, Management of Personnel Resources, Microsoft .NET Framework, Microsoft Access, Microsoft Active Server Pages ASP, Microsoft Azure software, Microsoft Excel, Microsoft Office software, Microsoft Outlook, Microsoft PowerPoint, Monitoring, Reading Comprehension, Social Perceptiveness, Speaking, Systems Analysis, Systems Evaluation, Writing"
Financial Managers,"Plan, direct, or coordinate accounting, investing, banking, insurance, securities, and other financial activities of a branch, office, or department of an establishment.","Active Learning, Active Listening, Adobe Acrobat, Alteryx software, Complex Problem Solving, Coordination, Critical Thinking, IBM SPSS Statistics, Intuit QuickBooks, Judgment and Decision Making, Management of Personnel Resources, Marketo Marketing Automation, Mathematics, Microsoft Access, Microsoft Excel, Microsoft Office software, Microsoft Outlook, Microsoft PowerPoint, Microsoft Project, Microsoft SQL Server, Microsoft SharePoint, Microsoft Visio, Microsoft Visual Basic, Microsoft Visual Basic for Applications VBA, Microsoft Windows, Microsoft Word, Monitoring, Oracle Database, Oracle PeopleSoft, Oracle Primavera Enterprise Project Portfolio Management, R, Reading Comprehension, SAP software, SAS, Salesforce software, Service Orientation, Social Perceptiveness, Speaking, Time Management, Writing"
Treasurers and Controllers,"Direct financial activities, such as planning, procurement, and investments for all or part of an organization.","ADERANT Expert Back Office, Powered by Keystone, ADP Workforce Now, ADP software, Active Learning, Active Listening, Automatic Data Processing PC payroll for windows PCPW, Blackbaud The Raiser's Edge, Complex Problem Solving, Corel QuattroPro, Critical Thinking, Deltek professional services software, Exact Software Macola ES, FileMaker Pro, Fund accounting software, Hyperion Enterprise, Hypertext markup language HTML, Intuit QuickBooks, Judgment and Decision Making, Management of Financial Resources, Mathematics, Microsoft Access, Microsoft Excel, Microsoft Office software, Microsoft Outlook, Microsoft PowerPoint, Microsoft Project, Microsoft Word, Monitoring, Oracle PeopleSoft, Oracle Primavera Enterprise Project Portfolio Management, Reading Comprehension, SAP software, Speaking, Structured query language SQL, Systems Evaluation, Writing, Yardi software"
Investment Fund Managers,"Plan, direct, or coordinate investment strategy or operations for a large pool of liquid assets supplied by institutional investors or individual investors.","Active Learning, Active Listening, Autodesk AutoCAD Blue Sky, Complex Problem Solving, Critical Thinking, Financial accounting software, Judgment and Decision Making, Microsoft Access, Microsoft Excel, Microsoft MapPoint, Microsoft Office software, Microsoft Outlook, Microsoft Power BI, Microsoft PowerPoint, Microsoft Project, Microsoft Visio, Microsoft Word, Monitoring, Oracle Hyperion, Oracle Hyperion Planning, Portfolio analysis software, ReadSoft, Reading Comprehension, Risk analysis software, SAP software, SAS, Speaking, Statistical analysis software, Structured query language SQL, SunGard Financial Systems AddVantage, Tableau, Web browser software, Writing"
Industrial Production Managers,"Plan, direct, or coordinate the work activities and resources necessary for manufacturing products in accordance with cost, quality, and quantity specifications.","ABB Optimize IT Predict & Control, AVEVA InTouch HMI, Active Learning, Active Listening, Adobe Acrobat, Adobe After Effects, Adobe InDesign, Adobe Photoshop, Apple Final Cut Pro, Autodesk AutoCAD, Citect IIM, CitectSCADA Reports, Clockware, Complex Problem Solving, Computer integrated manufacturing CIM software, Computer integrated manufacturing CIM time manager software, Computer integrated manufacturing CIM warehouse shipping manager software, Computerized maintenance management system CMMS, Coordination, Critical Thinking, Database software, Intuit QuickBooks, Judgment and Decision Making, Learning Strategies, Management of Personnel Resources, Microsoft Excel, Microsoft Office software, Microsoft Outlook, Microsoft PowerPoint, Microsoft Project, Microsoft Word, Monitoring, Oracle PeopleSoft, Reading Comprehension, SAP software, Social Perceptiveness, Speaking, Systems Analysis, Time Management"
Quality Control Systems Managers,"Plan, direct, or coordinate quality assurance programs. Formulate quality control policies and control quality of laboratory and production efforts.","ASI DATAMYTE GageMetrics, ASI DATAMYTE QDA, ASIDATAMYTE DataMetrics, Abbott Informatics STARLIMS:LIMS, Active Learning, Active Listening, Adobe Acrobat, Atlassian JIRA, CAMA Software Quality Collaboration By Design QCBD, CEBOS MQ1 software, Complex Problem Solving, Computing Solutions LabSoft LIMS, Coordination, Core Informatics Laboratory Information Management System LIMS, Critical Thinking, Extensible markup language XML, Judgment and Decision Making, Linux, Microsoft Access, Microsoft Excel, Microsoft Office software, Microsoft Outlook, Microsoft PowerPoint, Microsoft Project, Microsoft SQL Server, Microsoft Visio, Microsoft Word, Monitoring, Oracle Java, Quality Control Analysis, Reading Comprehension, SAP software, Selenium, Speaking, Structured query language SQL, Systems Analysis, Systems Evaluation, Time Management, Writing"
Geothermal Production Managers,Manage operations at geothermal power generation facilities. Maintain and monitor geothermal plant equipment for efficient and safe plant operations.,"Active Learning, Active Listening, Complex Problem Solving, Coordination, Critical Thinking, Data logging software, Infostat RIMBase, Judgment and Decision Making, Management of Personnel Resources, Microsoft Access, Microsoft Excel, Microsoft Office software, Microsoft Outlook, Microsoft Word, Monitoring, Personnel scheduling software, Reading Comprehension, Social Perceptiveness, Speaking, Time Management, Writing"
Biofuels Production Managers,"Manage biofuels production and plant operations. Collect and process information on plant production and performance, diagnose problems, and design corrective procedures.","Active Listening, Adobe Acrobat, Autodesk AutoCAD, Computerized maintenance management system CMMS, Coordination, Critical Thinking, Distributed control system DCS, Employee scheduling software, Human machine interface HMI software, Inventory control software, Judgment and Decision Making, Management of Personnel Resources, Microsoft Excel, Microsoft Office software, Microsoft Outlook, Microsoft PowerPoint, Microsoft Word, Monitoring, Reading Comprehension, Speaking, Time Management, Web browser software, Writing"
Biomass Power Plant Managers,"Manage operations at biomass power generation facilities. Direct work activities at plant, including supervision of operations and maintenance staff.","Active Listening, Complex Problem Solving, Computerized maintenance management system CMMS, Coordination, Critical Thinking, Distributed control system DCS, Employee scheduling software, Inventory control software, Judgment and Decision Making, Management of Personnel Resources, Microsoft Excel, Microsoft Office software, Microsoft Outlook, Microsoft PowerPoint, Microsoft Word, Monitoring, Reading Comprehension, Speaking, Time Management"
Hydroelectric Production Managers,Manage operations at hydroelectric power generation facilities. Maintain and monitor hydroelectric plant equipment for efficient and safe plant operations.,"Active Learning, Active Listening, Apache Kafka, Complex Problem Solving, Computerized maintenance management system CMMS, Coordination, Critical Thinking, Distributed control system DCS, Email software, Judgment and Decision Making, Learning Strategies, Management of Personnel Resources, Microsoft Access, Microsoft Active Server Pages ASP, Microsoft Excel, Microsoft Office software, Microsoft PowerPoint, Microsoft Project, Microsoft SQL Server, Microsoft Word, Monitoring, Oracle Database, Personnel scheduling software, Reading Comprehension, SAP software, Speaking, Structure query language SQL, Supervisory control and data acquisition SCADA software, Time Management, VMware, Writing"
Purchasing Managers,"Plan, direct, or coordinate the activities of buyers, purchasing officers, and related workers involved in purchasing materials, products, and services. Includes wholesale or retail trade merchandising managers and procurement managers.","Active Listening, Automated purchase order software, Bottomline Technologies Bottomline Sprinter Purchasing Manager, Bowen & Groves M1 ERP, Complex Problem Solving, Coordination, Corel Paradox, Critical Thinking, Database software, Epicor Vantage ERP, IBM Lotus Notes, Infor Lawson Supply Chain Management, Judgment and Decision Making, Management of Personnel Resources, Materials requirement planning MRP software, Microsoft Access, Microsoft Dynamics, Microsoft Excel, Microsoft Office software, Microsoft Outlook, Microsoft PowerPoint, Microsoft Project, Microsoft SharePoint, Microsoft Visio, Microsoft Word, Monitoring, Negotiation, NetSuite ERP, Oracle Database, Oracle JD Edwards EnterpriseOne, Oracle PeopleSoft, Oracle PeopleSoft Enterprise Financial Management Solutions, Persuasion, Reading Comprehension, SAP software, Service Orientation, Social Perceptiveness, Speaking, Systems Analysis, Time Management, Writing"
"Transportation, Storage, and Distribution Managers","Plan, direct, or coordinate transportation, storage, or distribution activities in accordance with organizational policies and applicable government laws or regulations. Includes logistics managers.","3PL Central, ABOL Manifest Systems, ALK Technologies FleetSuite, ALK Technologies PC*Miler, Active Learning, Active Listening, Airline global distribution systems GDS software, Aljex Inventory, Amber Road, Argos Software ABECAS Insight FMS, Autodesk AutoCAD Civil 3D, Automated expense reporting system software, Bentley MicroStation, Bentley Transportation Data Manager, Cadre Technologies Accuplus Integrated Distribution Logistics System, Complex Problem Solving, Coordination, Critical Thinking, Instructing, Judgment and Decision Making, Microsoft Access, Microsoft Excel, Microsoft Office software, Microsoft Outlook, Microsoft PowerPoint, Microsoft Project, Microsoft SQL Server, Microsoft Visio, Microsoft Word, Monitoring, Negotiation, Oracle Primavera Enterprise Project Portfolio Management, Persuasion, Reading Comprehension, SAP software, Speaking, Structured query language SQL, Systems Analysis, Systems Evaluation, Time Management, Writing"
Supply Chain Managers,"Direct or coordinate production, purchasing, warehousing, distribution, or financial forecasting services or activities to limit costs and improve accuracy, customer service, or safety. Examine existing procedures or opportunities for streamlining activities to meet product distribution needs. Direct the movement, storage, or processing of inventory.","Active Learning, Active Listening, Adexa Supply Chain Planning, Advanced business application programming ABAP, Aldata Warehouse Management, CDC Supply Chain, Complex Problem Solving, Coordination, Critical Thinking, Dex Warehouse, Epicor SRM, Epicor WMS, Graphics software, HighJump Software Supply Chain Advantage, HighJump Warehouse Advantage, Judgment and Decision Making, MEDITECH software, Management of Material Resources, Microsoft Access, Microsoft Excel, Microsoft Office software, Microsoft Outlook, Microsoft PowerPoint, Microsoft Project, Microsoft SQL Server, Microsoft SharePoint, Microsoft Visio, Microsoft Word, Monitoring, Negotiation, Oracle PeopleSoft, Persuasion, Reading Comprehension, SAP software, Social Perceptiveness, Speaking, Structured query language SQL, Systems Analysis, Systems Evaluation, Time Management, Writing, i2 Collaborative Supply Execution"
Compensation and Benefits Managers,"Plan, direct, or coordinate compensation and benefits activities of an organization.","!Trak-it Solutions !Trak-it HR, ADP Employease, ADP HR/Benefits Solution, ADP Workforce Now, Active Learning, Active Listening, AdRelevance, Adobe Dreamweaver, Adobe Illustrator, Adobe PageMaker, Adobe Photoshop, Apex Business Software iHR, Critical Thinking, Intuit QuickBooks, Judgment and Decision Making, Management of Personnel Resources, Microsoft Access, Microsoft Excel, Microsoft Office software, Microsoft Outlook, Microsoft PowerPoint, Microsoft Project, Microsoft SQL Server, Microsoft SharePoint, Microsoft Visio, Microsoft Word, Oracle PeopleSoft, Reading Comprehension, SAP software, Social Perceptiveness, Speaking, Structured query language SQL, Time Management, Workday software, Writing"
Human Resources Managers,"Plan, direct, or coordinate human resources activities and staff of an organization.","AASoftTech Web Organization Chart, ADP Enterprise HR, ADP HR/Benefits Solution, ADP HR/Profile, ADP Pay eXpert, ADP Workforce Now, ADP ezLaborManager, AccountantsWorld Payroll Relief, Active Learning, Active Listening, AllNetic Working Time Tracker, Applicant tracking software, Complex Problem Solving, Coordination, Critical Thinking, Facebook, IBM SPSS Statistics, Instructing, Intuit QuickBooks, Judgment and Decision Making, Kronos Workforce Timekeeper, Learning Strategies, Management of Personnel Resources, Microsoft Access, Microsoft Excel, Microsoft Office software, Microsoft Outlook, Microsoft PowerPoint, Microsoft Project, Microsoft Visio, Microsoft Word, Monitoring, Negotiation, Oracle PeopleSoft, Persuasion, Reading Comprehension, SAP software, Service Orientation, Social Perceptiveness, Speaking, Systems Analysis, Systems Evaluation, Time Management, Workday software, Writing"
Training and Development Managers,"Plan, direct, or coordinate the training and development activities and staff of an organization.","Active Learning, Active Listening, Adobe Acrobat, Adobe ActionScript, Adobe Captivate, Adobe Dreamweaver, Adobe Illustrator, Adobe Photoshop, Adobe Presenter, AgileView Software SmartView, Alchemy Systems SISTEM, Apache Cassandra, Articulate Rapid E-Learning Studio, Beeline Learning Management System LMS, Blackbaud The Raiser's Edge, Blackboard software, Cisco Webex, Complex Problem Solving, Coordination, Critical Thinking, Epic Systems, Instructing, JavaScript, Judgment and Decision Making, Learning Strategies, Management of Financial Resources, Management of Personnel Resources, Microsoft Excel, Microsoft Office software, Microsoft Outlook, Microsoft PowerPoint, Microsoft Project, Microsoft Visual Basic, Microsoft Word, Monitoring, Oracle PeopleSoft, Persuasion, Reading Comprehension, Service Orientation, Social Perceptiveness, Speaking, Time Management, Writing"
"Farmers, Ranchers, and Other Agricultural Managers","Plan, direct, or coordinate the management or operation of farms, ranches, greenhouses, aquacultural operations, nurseries, timber tracts, or other agricultural establishments. May hire, train, and supervise farm workers or contract for services to carry out the day-to-day activities of the managed operation. May engage in or supervise planting, cultivating, harvesting, and financial and marketing activities.","AGCO Advanced Technology Solutions Fieldstar, Accutech Systems Corporation AccuFarm-MGR, Active Listening, Adobe Photoshop, Advanced Veterinary Services Ranch Vision, Ag Connections Land.db, Ag Leader Technology SMS Advanced, AgData Blue Skies Accounting, AgTerra Technologies AgTrac, Agevo Farm Manager, AgriSoft/CMC AgriSoft/ERP, Alua Software Paddock Pro, AquaSoft Farm Manager, Argos Software ABECAS Insight, Atlassian Confluence, Brihzon Solutions SMART Dairy Resource Planning, Cattlesoft CattleMax, Complex Problem Solving, Coordination, Critical Thinking, Facebook, Judgment and Decision Making, Management of Personnel Resources, Microsoft Access, Microsoft Excel, Microsoft Office software, Microsoft Outlook, Microsoft PowerPoint, Microsoft Visio, Microsoft Word, Reading Comprehension, SAP software, Speaking"
Construction Managers,"Plan, direct, or coordinate, usually through subordinate supervisory personnel, activities concerned with the construction and maintenance of structures, facilities, and systems. Participate in the conceptual development of a construction project and oversee its organization, scheduling, budgeting, and implementation. Includes managers in specialized construction fields, such as carpentry or plumbing.","3M Post-it App, AEC Software FastTrack Schedule, Active Learning, Active Listening, Adobe Acrobat, Adobe Creative Cloud software, ArenaSoft Estimating, Autodesk AutoCAD, Autodesk AutoCAD Civil 3D, Autodesk Revit, Axios Systems assyst, Bechtel Software SETROUTE, Complex Problem Solving, Coordination, Critical Thinking, Google Docs, Judgment and Decision Making, Management of Financial Resources, Management of Personnel Resources, Mathematics, Microsoft Access, Microsoft Excel, Microsoft Office software, Microsoft Outlook, Microsoft PowerPoint, Microsoft Project, Microsoft SharePoint, Microsoft Visio, Microsoft Word, Monitoring, Negotiation, Oracle Primavera Enterprise Project Portfolio Management, Procore software, Reading Comprehension, SAP software, Social Perceptiveness, Speaking, Systems Analysis, Systems Evaluation, Time Management, Trimble SketchUp Pro, Writing, Yardi software"
"Education and Childcare Administrators, Preschool and Daycare","Plan, direct, or coordinate academic or nonacademic activities of preschools or childcare centers and programs, including before- and after-school care.","ACS Technologies HeadMaster, Active Learning, Active Listening, Auburn Software Debit Square, B&I Computer Consultants Childcare Sage, Bloomz, Cirrus Group Daycare Works, Complex Problem Solving, Coordination, Critical Thinking, Emerging Technologies Office Center, GroupMe, Instructing, Intuit QuickBooks, Jackrabbit Technologies Jackrabbit Care, Judgment and Decision Making, Kressa Software SchoolLeader, Learning Strategies, MAGGEY Child Care Management Software, Management of Personnel Resources, Microsoft Excel, Microsoft Office software, Microsoft Outlook, Microsoft PowerPoint, Microsoft Publisher, Microsoft Word, Monitoring, Mount Taylor Programs Private Advantage, Negotiation, ONE Software KidsONE, OnCare Advantage, Orgmation iCare, ParentSquare, Personalized Software Childcare Manager, PraxiPower PraxiSchool, Reading Comprehension, Service Orientation, Social Perceptiveness, Speaking, Time Management, Writing, eChurch.com SchoolPerfect"
"Education Administrators, Kindergarten through Secondary","Plan, direct, or coordinate the academic, administrative, or auxiliary activities of kindergarten, elementary, or secondary schools.","ACS Technologies HeadMaster, Active Learning, Active Listening, Apache Cassandra, Attendance tracking software, Blackbaud The Education Edge, Blackboard software, Bloomz, Common Curriculum, Complex Problem Solving, Computer Resources MMS, Coordination, Critical Thinking, Desmos, Edulastic, Effexoft EASI, Geogebra, Google Calendar, Google Classroom, IBM SPSS Statistics, Instructing, Judgment and Decision Making, Learning Strategies, Management of Financial Resources, Management of Personnel Resources, Microsoft Access, Microsoft Excel, Microsoft Office software, Microsoft Outlook, Microsoft PowerPoint, Microsoft SharePoint, Microsoft Word, Monitoring, Negotiation, Persuasion, Reading Comprehension, SAS, Service Orientation, Social Perceptiveness, Speaking, Systems Analysis, Systems Evaluation, The MathWorks MATLAB, Time Management, Writing, eDistrict Internet Solutions eDistrict Unified"
"Education Administrators, Postsecondary","Plan, direct, or coordinate student instruction, administration, and services, as well as other research and educational activities, at postsecondary institutions, including universities, colleges, and junior and community colleges.","Active Learning, Active Listening, Adobe Dreamweaver, Blackbaud The Raiser's Edge, Blackboard software, CollegeNET Schedule 25, Common Curriculum, Complex Problem Solving, Coordination, Critical Thinking, Database software, Ellucian Colleague, Ellucian Degree Works, Enterprise resource planning ERP system, Facebook, Google Docs, Hypertext markup language HTML, IBM SPSS Statistics, Instructing, Judgment and Decision Making, Learning Strategies, Management of Personnel Resources, Microsoft Access, Microsoft Excel, Microsoft Office software, Microsoft Outlook, Microsoft PowerPoint, Microsoft Project, Microsoft SharePoint, Microsoft Visio, Microsoft Word, Monitoring, Negotiation, Oracle PeopleSoft, Persuasion, Reading Comprehension, SAP software, SAS, Service Orientation, Social Perceptiveness, Speaking, Time Management, Writing"
"Education Administrators, All Other",All education administrators not listed separately.,
Architectural and Engineering Managers,"Plan, direct, or coordinate activities in such fields as architecture and engineering or research and development in these fields.","Active Learning, Active Listening, Amazon DynamoDB, Amazon Elastic Compute Cloud EC2, Amazon Redshift, Amazon Web Services AWS software, Ansible software, Apache Cassandra, Apache Hadoop, Apache Hive, Apache Kafka, Apache Maven, Apple macOS, Atlassian Confluence, Atlassian JIRA, Autodesk AutoCAD, Autodesk AutoCAD Civil 3D, Autodesk Revit, Bash, Bentley MicroStation, C, C#, C++, Chef, Complex Problem Solving, Coordination, Critical Thinking, Dassault Systemes SolidWorks, Django, Docker, Judgment and Decision Making, Mathematics, Monitoring, Reading Comprehension, Social Perceptiveness, Speaking, Time Management, Writing"
Biofuels/Biodiesel Technology and Product Development Managers,"Define, plan, or execute biofuels/biodiesel research programs that evaluate alternative feedstock and process technologies with near-term commercial potential.","Ab Initio, Active Listening, Adobe Illustrator, Agilent ChemStation, Complex Problem Solving, Critical Thinking, Dassault Systemes CATIA, Email software, Epic Systems, Fleet Asset Management and Optimization Solutions FAMOS PEPSE, Formula translation/translator FORTRAN, Fund accounting software, Judgment and Decision Making, Linux, Microsoft Excel, Microsoft Office software, Microsoft PowerPoint, Microsoft Project, Microsoft SQL Server, Microsoft SQL Server Integration Services SSIS, Microsoft SQL Server Reporting Services SSRS, Microsoft Visio, Microsoft Word, Oracle Java, Oracle Primavera Enterprise Project Portfolio Management, Perl, Python, Reading Comprehension, SAP software, Speaking, Systems Analysis, Systems Evaluation, UNIX, Writing"
Food Service Managers,"Plan, direct, or coordinate activities of an organization or department that serves food and beverages.","Active Listening, Aestiva Employee Time Clock, Apache Groovy, Army Food Management Information System, Aurora FoodPro, ChefDesk Chef's Calculators, ClubSoft Food & Beverage Point of Sale, Coordination, Critical Thinking, Culinary Software Services ChefTec, DataTeam Lunch Express, Database software, Delphi Technology, Dinerware Intuitive Restaurant, Evernote, Facebook, Food Service Solutions FoodCo, Food Service Solutions POSitive ID System, Food Services Solutions DayCap, Google Docs, Intuit QuickBooks, Management of Personnel Resources, Microsoft Excel, Microsoft Office software, Microsoft Outlook, Microsoft PowerPoint, Microsoft Project, Microsoft Word, Monitoring, Reading Comprehension, Service Orientation, Social Perceptiveness, Speaking, Time Management, espSoftware Employee Schedule Partner"
Gambling Managers,"Plan, direct, or coordinate gambling operations in a casino. May formulate house rules.","Active Learning, Active Listening, Complex Problem Solving, Coordination, Critical Thinking, Employee scheduling software, Human resources management system HRMS, Instructing, Judgment and Decision Making, Management of Personnel Resources, Microsoft Excel, Microsoft Office software, Microsoft Outlook, Microsoft PowerPoint, Microsoft Word, Monitoring, Persuasion, Reading Comprehension, Service Orientation, Social Perceptiveness, Speaking, Time Management, Web browser software, Writing"
"Entertainment and Recreation Managers, Except Gambling","Plan, direct, or coordinate entertainment and recreational activities and operations of a recreational facility, including cruise ships and parks.","Active Listening, Adobe Acrobat, Apple macOS, Atlassian Confluence, Cisco Webex, Coordination, Critical Thinking, Facebook, Google Docs, HubSpot software, IBM SPSS Statistics, Instructing, Intuit QuickBooks, Judgment and Decision Making, Linux, Marketo Marketing Automation, Microsoft Access, Microsoft Excel, Microsoft Office software, Microsoft Outlook, Microsoft PowerPoint, Microsoft Project, Microsoft SharePoint, Microsoft Teams, Microsoft Visio, Microsoft Visual Basic, Microsoft Visual Basic for Applications VBA, Microsoft Windows, Microsoft Word, Monitoring, Oracle Database, Reading Comprehension, Service Orientation, Social Perceptiveness, Speaking, Time Management, Writing"
Lodging Managers,"Plan, direct, or coordinate activities of an organization or department that provides lodging and other accommodations.","Active Learning, Active Listening, Anand Systems ASI FrontDesk, Complex Problem Solving, Coordination, Critical Thinking, Delphi Technology, Email software, Enablez ResortSuite, Execu/Tech Systems HOTEL Premium, Facebook, GraceSoft Easy InnKeeping Suite, Hotel management system software, Housekeeping management software, INN-Client Server Systems ICSS Atrium, Instructing, Judgment and Decision Making, M-Tech Hotel Service Optimization System HotSOS, MICROS Systems OPERA Enterprise Solution OES, Management of Personnel Resources, Microsoft Access, Microsoft Excel, Microsoft Office software, Microsoft Outlook, Microsoft PowerPoint, Microsoft Word, Monitoring, Negotiation, Oracle JD Edwards EnterpriseOne, Payroll software, Persuasion, Property management system PMS software, Reading Comprehension, RedSky IT Entirety e-Booking, Service Orientation, Silverbyte Systems Optima Property Management System PMS, Social Perceptiveness, Speaking, Time Management, Writing, ePOS Business Solutions System 3 POS, iRez Systems Rezware XP7"
Medical and Health Services Managers,"Plan, direct, or coordinate medical and health services in hospitals, clinics, managed care organizations, public health agencies, or similar organizations.","Active Learning, Active Listening, Adobe Acrobat, Apache Hadoop, Apache Maven, Autodesk Revit, Cisco Webex, Complex Problem Solving, Coordination, Critical Thinking, Epic Systems, Facebook, Google Docs, Google Sheets, Henry Schein Dentrix, IBM SPSS Statistics, Instructing, Intuit QuickBooks, Judgment and Decision Making, MEDITECH software, Management of Personnel Resources, Marketo Marketing Automation, Microsoft Access, Microsoft Excel, Microsoft Office software, Microsoft Outlook, Microsoft PowerPoint, Microsoft Project, Microsoft SQL Server, Microsoft SQL Server Integration Services SSIS, Microsoft SQL Server Reporting Services SSRS, Microsoft SharePoint, Monitoring, Negotiation, Operations Analysis, Persuasion, Reading Comprehension, Service Orientation, Social Perceptiveness, Speaking, Systems Analysis, Systems Evaluation, Time Management, Writing, eClinicalWorks EHR software"
Natural Sciences Managers,"Plan, direct, or coordinate activities in such fields as life sciences, physical sciences, mathematics, statistics, and research and development in these fields.","Active Learning, Active Listening, Adobe Acrobat, Adobe Photoshop, Clinical trial management software, Complex Problem Solving, Critical Thinking, ESRI ArcGIS software, Graphics software, IBM Lotus 1-2-3, IBM SPSS Statistics, Integrated development environment IDE software, Judgment and Decision Making, Laboratory information management system LIMS, Learning Strategies, Management of Personnel Resources, Microsoft Access, Microsoft Excel, Microsoft Office software, Microsoft Outlook, Microsoft PowerPoint, Microsoft Project, Microsoft SharePoint, Microsoft Visio, Microsoft Word, Monitoring, Oracle Database, R, Reading Comprehension, SAP Business Objects, SAP software, SAS, Science, Speaking, Structured query language SQL, The MathWorks MATLAB, Writing"
Clinical Research Coordinators,"Plan, direct, or coordinate clinical research projects. Direct the activities of workers engaged in clinical research projects to ensure compliance with protocols and overall clinical objectives. May evaluate and analyze clinical data.","5AM Glassbox Translational Research, Active Listening, Budgeting software, ClearTrial, Clinical data management system CDMS, Clinical trial management software, Complex Problem Solving, Coordination, Critical Thinking, DZS Software Solutions ClinPlus, Drug coding software, Electronic data capture EDC software, FileMaker Pro, Google Meet, IBM SPSS Statistics, InferMed MACRO Electronic Data Capture, InforSense InforSense, Judgment and Decision Making, Management of Personnel Resources, Microsoft Access, Microsoft Excel, Microsoft Office software, Microsoft Outlook, Microsoft PowerPoint, Microsoft Project, Microsoft Word, Monitoring, Python, R, Reading Comprehension, SAS, Social Perceptiveness, Speaking, The MathWorks MATLAB, Time Management, Writing, ePharmaSolutions eMVR"
Water Resource Specialists,"Design or implement programs and strategies related to water resource issues such as supply, quality, and regulatory compliance issues.","Active Listening, Autodesk AutoCAD, Complex Problem Solving, Critical Thinking, DHI MIKE URBAN, Database software, ESRI ArcGIS Spatial Analyst, ESRI ArcGIS software, ESRI ArcInfo, ESRI ArcPad, ESRI ArcView, ESRI ArcView 3D Analyst, FishXing, Geographic information system GIS software, Geographic information system GIS systems, Global positioning system GPS software, Google Earth Pro, HEC-HMS, HEC-RAS, Judgment and Decision Making, Laboratory information management system LIMS, MWH Soft H2ONET MSX, Mapping software, Microsoft Excel, Microsoft Office software, Microsoft Outlook, Microsoft PowerPoint, Microsoft Word, Reading Comprehension, Speaking, Structured query language SQL, Systems Analysis, Systems Evaluation, Time Management, Writing"
Postmasters and Mail Superintendents,"Plan, direct, or coordinate operational, administrative, management, and support services of a U.S. post office; or coordinate activities of workers engaged in postal and related work in assigned post office.","Active Listening, Collection Point Management System CPMS, Coordination, Critical Thinking, Email software, Facility database software, Management of Personnel Resources, Microsoft Excel, Microsoft Office software, Microsoft Outlook, Microsoft PowerPoint, Microsoft Windows, Microsoft Word, Monitoring, Negotiation, Payroll software, Personnel management software, Personnel scheduling software, Postal boundary mapping software, Postal tracking software, Reading Comprehension, SAP software, Social Perceptiveness, Speaking, Time Management, Vehicle management software, Web Box Activity Tracing System WebBATS, Web browser software, eBuy"
"Property, Real Estate, and Community Association Managers","Plan, direct, or coordinate the selling, buying, leasing, or governance activities of commercial, industrial, or residential real estate properties. Includes managers of homeowner and condominium associations, rented or leased housing units, buildings, or land (including rights-of-way).","Active Listening, Advantos Systems DataTrust Enterprise, Biometric reader software, Bostonpost Technology Property Manager, Card key management software, Coordination, Critical Thinking, Domin-8 Enterprise Solutions RentRight, Domin-8 Enterprise Solutions Tenant Pro, Facebook, FullHouse Software Investment Property Manager, Google Analytics, Google Docs, Google Drive, Hypertext markup language HTML, IDEAS Software & Training IDEAS Property Clerk, Infor Global Solutions eSITE, Intuit MRI Residential, Intuit QuickBooks, Microsoft Access, Microsoft Excel, Microsoft Office software, Microsoft Outlook, Microsoft PowerPoint, Microsoft Project, Microsoft Windows, Microsoft Word, Negotiation, Reading Comprehension, Speaking, Writing, Yardi software"
Social and Community Service Managers,"Plan, direct, or coordinate the activities of a social service program or community outreach organization. Oversee the program or organization's budget and policies regarding participant involvement, program requirements, and benefits. Work may involve directing social workers, counselors, or probation officers.","Active Learning, Active Listening, Blackbaud The Raiser's Edge, Client information databases, Complex Problem Solving, Coordination, Corel QuattroPro, Corel WordPerfect Office Suite, Critical Thinking, FileMaker Pro, Financial accounting software, Healthcare common procedure coding system HCPCS, IBM Lotus 1-2-3, Instructing, Judgment and Decision Making, Learning Strategies, Management of Personnel Resources, Microsoft Access, Microsoft Dynamics, Microsoft Excel, Microsoft Office software, Microsoft Outlook, Microsoft PowerPoint, Microsoft Project, Microsoft Publisher, Microsoft Visual FoxPro, Microsoft Word, Monitoring, Oracle Reports, PointClickCare healthcare software, Reading Comprehension, Service Orientation, Social Perceptiveness, Speaking, Systems Analysis, Systems Evaluation, Time Management, Web browser software, Writing"
Emergency Management Directors,"Plan and direct disaster response or crisis management activities, provide disaster preparedness training, and prepare emergency plans and procedures for natural (e.g., hurricanes, floods, earthquakes), wartime, or technological (e.g., nuclear power plant emergencies or hazardous materials spills) disasters or hostage situations.","Active Learning, Active Listening, Alert Technologies OpsCenter, Complex Problem Solving, Coordination, Critical Thinking, Digital Engineering Corporation E-MAPS, ESRI ArcGIS software, Emergency Managers Weather Information Network EMWIN, Emergency Services Integrators ESi WebEOC, Federal Emergency Management Information System FEMIS, Geographic information system GIS software, Graphics software, IBM Lotus Notes, Instructing, Judgment and Decision Making, Learning Strategies, Management of Personnel Resources, MapInfo Professional, McAfee, Microsoft Excel, Microsoft Office software, Microsoft Outlook, Microsoft PowerPoint, Microsoft SharePoint, Microsoft Word, Monitoring, National Center for Crisis and Continuity Coordination NC4 E Team, Persuasion, Reading Comprehension, Relational database software, Service Orientation, Social Perceptiveness, SoftRisk Technologies SoftRisk SQL, Speaking, Statistical software, Sungard Assurance, Systems Analysis, Systems Evaluation, Time Management, Web browser software, Writing"
Funeral Home Managers,"Plan, direct, or coordinate the services or resources of funeral homes. Includes activities such as determining prices for services or merchandise and managing the facilities of funeral homes.","Active Listening, CSR Consultants Cemetery Management SC, CodeJam MemoriesOnTV, Critical Thinking, Email software, FPA Software MACCS, Financial reporting software, HMIS Advantage, Judgment and Decision Making, Management of Personnel Resources, Microsoft Excel, Microsoft Office software, Microsoft Outlook, Microsoft PowerPoint, Microsoft Word, Mortware Professional, Reading Comprehension, Service Orientation, Social Perceptiveness, Speaking, Time Management, Twin Tiers Technologies CIMS, Twin Tiers Technologies MIMS, Web browser software, funeralOne Life Tributes, iCIMS Talent Cloud software"
"Personal Service Managers, All Other",All personal service managers not listed separately.,
Fitness and Wellness Coordinators,"Manage or coordinate fitness and wellness programs and services. Manage and train staff of wellness specialists, health educators, or fitness instructors.","Active Listening, Adobe Acrobat, Airtable, Coordination, Critical Thinking, Email software, Google Workspace software, Management of Personnel Resources, MicroFit HealthWizard, Microsoft Excel, Microsoft Office software, Microsoft Outlook, Microsoft PowerPoint, Microsoft Publisher, Microsoft Windows, Microsoft Word, Oracle HRIS, Payroll software, Reading Comprehension, Service Orientation, Social Perceptiveness, Speaking, Web browser software, Work scheduling software, Writing"
Spa Managers,"Plan, direct, or coordinate activities of a spa facility. Coordinate programs, schedule and direct staff, and oversee financial activities.","Active Learning, Active Listening, Bizlink Salon Manager, Booker Software SpaBooker, CRIMPERS Management Software CRIMPERS Salon Software, CSI Software Spa Management, ClienTrak!, Coordination, Critical Thinking, DaySmart Software Salon Iris, Elite Software Elite Salon & Spa Management, Elite Software Elite Salon & Spa Payroll, Envision Salon, Facebook, Floydware Rosy, Innovative Business Computer Solutions Spa/Salon Manager, Instructing, Judgment and Decision Making, Leprechaun Spa and Salon Software, MIKAL SMS, MINDBODY business management software, ManageMySpa, Management of Personnel Resources, Microsoft Excel, Microsoft Office software, Microsoft Outlook, Microsoft PowerPoint, Microsoft Word, Milano Spa, Millennium SpaSalon, Monitoring, Neill Technologies SpaBiz, Persuasion, Service Orientation, Social Perceptiveness, Speaking, Time Management, intelligenz Solutions intelliSpa"
"Managers, All Other",All managers not listed separately.,
Regulatory Affairs Managers,"Plan, direct, or coordinate production activities of an organization to ensure compliance with regulations and standard operating procedures.","Active Learning, Active Listening, Adlib Express, Adobe Acrobat, Analyse-it, Aris Global Register, Axway eSubmissions, Complex Problem Solving, Coordination, Critical Thinking, Database software, Datafarm S-Cubed, Datafarm a-Pulse, Datafarm eCTDGatekeeper, Datafarm eCTDViewer, Dialog DialogLink, Document publishing software, Judgment and Decision Making, Microsoft Access, Microsoft Excel, Microsoft Office software, Microsoft Outlook, Microsoft PowerPoint, Microsoft Project, Microsoft SharePoint, Microsoft Visio, Microsoft Windows, Microsoft Word, Monitoring, Reading Comprehension, SAP software, Speaking, Structured query language SQL, Systems Analysis, Systems Evaluation, Tableau, Time Management, Writing"
Compliance Managers,"Plan, direct, or coordinate activities of an organization to ensure compliance with ethical or regulatory standards.","80-20 Software Leaders4, ARC Logics Sword, Actimize Brokerage Compliance Solutions, Active Learning, Active Listening, Adobe Acrobat, Agiliance Compliance Manager, Aline GRC, Apple Safari, Archer Compliance Management, AssurX CATSWeb, AssurX Financial Services Compliance Management System, Audit2 AdaptiveGRC, Axentis Compliance Management, BPS Compliance, BWise Compliance Management, Coordination, Critical Thinking, Judgment and Decision Making, Microsoft Access, Microsoft Excel, Microsoft Office software, Microsoft Outlook, Microsoft PowerPoint, Microsoft Project, Microsoft SharePoint, Microsoft Visio, Microsoft Windows, Microsoft Word, Monitoring, Mozilla Firefox, Persuasion, Reading Comprehension, Social Perceptiveness, Speaking, Writing"
Loss Prevention Managers,"Plan and direct policies, procedures, or systems to prevent the loss of assets. Determine risk exposure or potential liability, and develop risk control measures.","Active Learning, Active Listening, Complex Problem Solving, Coordination, Critical Thinking, Enabl-u Technologies APIS, Enterprise application integration EAI software, Financial accounting software, Google Workspace software, IBM Lotus Notes, Instructing, Inventory tracking software, Judgment and Decision Making, MICROS XBR Loss Prevention, Management of Personnel Resources, Microsoft Access, Microsoft Excel, Microsoft Office software, Microsoft Outlook, Microsoft PowerPoint, Microsoft Project, Microsoft SharePoint, Microsoft Windows, Microsoft Word, Monitoring, MySQL, Negotiation, Personnel management software, Persuasion, Reading Comprehension, Reporting software, SAP software, Service Orientation, Social Perceptiveness, Speaking, Structured query language SQL, Systems Analysis, Systems Evaluation, Time Management, Time reporting software, Work scheduling software, Writing"
Wind Energy Operations Managers,"Manage wind field operations, including personnel, maintenance activities, financial activities, and planning.","Active Listening, Autodesk AutoCAD, Computerized diagnostic software, Computerized maintenance management system CMMS, Coordination, Critical Thinking, Employee scheduling software, Gensuite, IBM Lotus Notes, Inventory control software, Local area network LAN software, Management of Personnel Resources, Microsoft Excel, Microsoft Office software, Microsoft Outlook, Microsoft PowerPoint, Microsoft Project, Microsoft Word, Monitoring, Oracle Enterprise Asset Management eAM, Oracle Primavera Systems, Persuasion, Programmable logic controller PLC software, Reading Comprehension, SAP software, Social Perceptiveness, Speaking, Supervisory control and data acquisition SCADA software, Time and payroll management software, Web browser software, Web conferencing software, WebEx WebOffice, Wide area network WAN software, Writing"
Wind Energy Development Managers,"Lead or manage the development and evaluation of potential wind energy business opportunities, including environmental studies, permitting, and proposals. May also manage construction of projects.","Active Listening, Autodesk AutoCAD, Coordination, Critical Thinking, ESRI ArcGIS software, Judgment and Decision Making, Microsoft Excel, Microsoft Office software, Microsoft Outlook, Microsoft PowerPoint, Microsoft Project, Microsoft Visio, Microsoft Word, Monitoring, Oracle Primavera Systems, Reading Comprehension, SAP software, Social Perceptiveness, Speaking, Web browser software, Web conferencing software, Writing"
Brownfield Redevelopment Specialists and Site Managers,Plan and direct cleanup and redevelopment of contaminated properties for reuse. Does not include properties sufficiently contaminated to qualify as Superfund sites.,"Active Listening, Business software applications, Calendar management software, Complex Problem Solving, Coordination, Critical Thinking, ESRI ArcGIS software, ESRI ArcMap, ESRI ArcView, Judgment and Decision Making, Linux, Maptek Vulcan, Mathematics, Microsoft Access, Microsoft Excel, Microsoft Office software, Microsoft Outlook, Microsoft PowerPoint, Microsoft PowerShell, Microsoft Project, Microsoft SQL Server Reporting Services SSRS, Microsoft SharePoint, Microsoft Word, MineSight, Monitoring, Negotiation, Oracle Database, Oracle Hyperion, PostgreSQL, Python, Reading Comprehension, SAP software, Salesforce software, Speaking, Systems Evaluation, Tableau, Writing"
"Agents and Business Managers of Artists, Performers, and Athletes","Represent and promote artists, performers, and athletes in dealings with current or prospective employers. May handle contract negotiation and other business matters for clients.","Active Learning, Active Listening, Adobe Photoshop, Apple macOS, Avid Technology iNEWS, Coordination, Critical Thinking, Database software, Email software, Facebook, Financial accounting software, LexisNexis, LinkedIn, Microsoft Excel, Microsoft Office software, Microsoft Outlook, Microsoft PowerPoint, Microsoft Word, Negotiation, Persuasion, Reading Comprehension, Salesforce Marketing Cloud, Salesforce software, Social Perceptiveness, Speaking, Statistical analysis software, Tax planning software, Time Management, Twitter, Videoconferencing software, Web browser software, Web server software, Writing, Zoom"
"Buyers and Purchasing Agents, Farm Products","Purchase farm products either for further processing or resale. Includes tree farm contractors, grain brokers and market operators, grain buyers, and tobacco buyers. May negotiate contracts.","Active Listening, Amazon Web Services AWS software, Atlassian JIRA, Critical Thinking, Deltek Costpoint, Enterprise resource planning ERP system, Google Angular, IBM Lotus Notes, Inventory management systems, Microsoft Access, Microsoft Dynamics GP, Microsoft Excel, Microsoft Office software, Microsoft Outlook, Microsoft PowerPoint, Microsoft Project, Microsoft Word, Oracle Database, Product producer databases, Purchasing software, SAP software, Salesforce software, Speaking, Web browser software"
"Wholesale and Retail Buyers, Except Farm Products","Buy merchandise or commodities, other than farm products, for resale to consumers at the wholesale or retail level, including both durable and nondurable goods. Analyze past buying trends, sales records, price, and quality of merchandise to determine value and yield. Select, order, and authorize payment for merchandise according to contractual agreements. May conduct meetings with sales personnel and introduce new products. May negotiate contracts. Includes assistant wholesale and retail buyers of nonfarm products.","Active Listening, Advanced Retail Management Systems Retail Pro, Applicant tracking software, Biztrak Business Solutions Biztrak, CAM Commerce Solutions Retail STAR Point of Sale POS, Claritas ConsumerPoint, Contact management software, Critical Thinking, Eclipse IDE, Email software, Enterprise risk management software ERMS, Facebook, Graphics software, Infor Supply Chain Management, Intuit QuickBooks, Microsoft Access, Microsoft Excel, Microsoft Office software, Microsoft Outlook, Microsoft PowerPoint, Microsoft Project, Microsoft SharePoint, Microsoft Windows, Microsoft Word, Negotiation, Oracle Database, Oracle PeopleSoft, Persuasion, SAP software, Speaking"
"Purchasing Agents, Except Wholesale, Retail, and Farm Products","Purchase machinery, equipment, tools, parts, supplies, or services necessary for the operation of an establishment. Purchase raw or semifinished materials for manufacturing. May negotiate contracts.","Active Learning, Active Listening, Adobe Acrobat, Apple AppleWorks, Assured Software JPP, CPR International GeneralCOST Estimator, CPR Visual Estimator, Choice Job Cost, Complex Problem Solving, Construction Management Software ProEst, Corel QuattroPro, Cost accounting software, Cost estimating software, Critical Thinking, Google Docs, Intuit QuickBooks, Judgment and Decision Making, Management of Financial Resources, Microsoft Access, Microsoft Excel, Microsoft Office software, Microsoft Outlook, Microsoft PowerPoint, Microsoft Project, Microsoft SharePoint, Microsoft Visio, Microsoft Word, Monitoring, Negotiation, Oracle Database, Oracle PeopleSoft, Oracle Primavera Enterprise Project Portfolio Management, Persuasion, Reading Comprehension, SAP software, Speaking, Writing"
"Claims Adjusters, Examiners, and Investigators",Review settled claims to determine that payments and settlements are made in accordance with company practices and procedures. Confer with legal counsel on claims requiring litigation. May also settle insurance claims.,"4n6xprt Systems StiffCalcs, ADP software, ARSoftware WinSMAC, Active Listening, Agency Management Systems AMS 360, Apple Safari, AutoClaims Direct DirectLink, Automatic Data Processing Autosource, Automatic Data Processing Claims Manager & Dispatch, Automatic Data Processing Estimating, Axonwave Fraud and Abuse Management System, BCCORP Burkitt W5, BCCORP W5 for Adjusters, Bill review software, Bramerhill ClaimsTech, Bridium Claims 3, Brightwork Alyce Claims Systems, Business software applications, Complex Problem Solving, Critical Thinking, Judgment and Decision Making, Microsoft Access, Microsoft Excel, Microsoft Office software, Microsoft Outlook, Microsoft PowerPoint, Microsoft Word, Mozilla Firefox, Reading Comprehension, Speaking, Writing, Zoom"
"Insurance Appraisers, Auto Damage",Appraise automobile or other vehicle damage to determine repair costs for insurance claim settlement. Prepare insurance forms to indicate repair cost or cost estimates and recommendations. May seek agreement with automotive repair shop on repair costs.,"A-T Solutions Easy Street Draw, Active Listening, Adobe Acrobat, App Software Associations AppTrak.net, Cost estimating software, Disassembler software, Email software, Information Services Inc. CCC Pathways Appraisal Solution, Meridian Technologies SurePoint, Microsoft Excel, Microsoft Office software, Microsoft Outlook, Microsoft PowerPoint, Microsoft Windows, Microsoft Word, Mitchell International Mitchell WorkCenter, NCH Software Express Invoice, Reading Comprehension, Solera Audatex Estimating, Speaking, Swan River Software Estimiser Pro, Vertafore ImageRight, Web browser software, Web-Est estimating software, Writing"
Compliance Officers,"Examine, evaluate, and investigate eligibility for or conformity with laws and regulations governing contract compliance of licenses and permits, and perform other compliance and enforcement inspection and analysis activities not classified elsewhere.","Active Listening, Commercial driver's license information system CDLIS, Computer-assisted testing software, Critical Thinking, Database software, Digital imaging system software, Document scanning software, Driving simulators, Judgment and Decision Making, Microsoft Access, Microsoft Excel, Microsoft Office software, Microsoft Outlook, Microsoft PowerPoint, Microsoft Windows, Microsoft Word, National Driver Register NDR, Reading Comprehension, Safety Status Measurement System SafeStat, Social Perceptiveness, Speaking, Traffic record databases, Writing"
Environmental Compliance Inspectors,"Inspect and investigate sources of pollution to protect the public and environment and ensure conformance with Federal, State, and local regulations and ordinances.","Active Learning, Active Listening, Adobe Acrobat, Autodesk AutoCAD, Complex Problem Solving, Critical Thinking, DQO-PRO, Database software, Environmental Knowledge and Assessment Tool EKAT, Field Operations and Records Management System (FORMS) II Lite, Fully Integrated Environmental Location Decision Support FIELDS, Geographic information system GIS software, Geographic information system GIS systems, HRS Quickscore, Mass Flux Toolkit, Microsoft Access, Microsoft Excel, Microsoft Office software, Microsoft Outlook, Microsoft PowerPoint, Microsoft Project, Microsoft SharePoint, Microsoft Word, Monitoring, Monitoring and Remediation Optimization System MAROS, Rapid Assessment Tools R.A.T., Reading Comprehension, SAP software, Salesforce software, Spatial Analysis and Decision Assistance SADA, Speaking, UNIX, Writing"
Equal Opportunity Representatives and Officers,"Monitor and evaluate compliance with equal opportunity laws, guidelines, and policies to ensure that employment practices and contracting arrangements give equal opportunity without regard to race, religion, color, national origin, sex, age, or disability.","Active Learning, Active Listening, Bashen EEOFedSoft, Bashen EEOSoft, Bashen LinkLine, Berkshire Associates BALANCEaap, Biddle Adverse Impact Toolkit, Biddle AutoAAP, Complex Problem Solving, Corel WordPerfect Office Suite, Critical Thinking, Database software, EEO Made Simple AAPMaker, EEO Made Simple AppTrac, Equal employment opportunity EEO compliance software, Equitas EEOStat, Gerstco AAPBase, IBM Lotus 1-2-3, Judgment and Decision Making, Microsoft Access, Microsoft Excel, Microsoft Office software, Microsoft Outlook, Microsoft PowerPoint, Microsoft SharePoint, Microsoft Word, Peopleclick AAPlanner, Peopleclick CAAMS, Peopleclick Monitor, Peopleclick PayStat, Reading Comprehension, Social Perceptiveness, Speaking, Writing"
Government Property Inspectors and Investigators,Investigate or inspect government property to ensure compliance with contract agreements and government regulations.,"Active Learning, Active Listening, Adobe Acrobat, Adobe Creative Cloud software, Adobe Illustrator, Adobe InDesign, Adobe Photoshop, Apple iOS, Autodesk AutoCAD, Autodesk AutoCAD Civil 3D, Bentley MicroStation, BrioQuery, Coeus, Complex Problem Solving, Critical Thinking, Database software, Deltek Costpoint, Email software, Esri ArcGIS, Google Workspace software, Inventory control system software, Judgment and Decision Making, Microsoft Access, Microsoft Excel, Microsoft Office software, Microsoft Outlook, Microsoft PowerPoint, Microsoft Windows, Microsoft Word, Reading Comprehension, SAP software, Speaking, Writing"
Coroners,"Direct activities such as autopsies, pathological and toxicological analyses, and inquests relating to the investigation of deaths occurring within a legal jurisdiction to determine cause of death or to fix responsibility for accidental, violent, or unexplained deaths.","3D graphics software, Active Listening, Alcestis, Autopsy information databases, Bite analysis software, Coordination, Corel WordPerfect Office Suite, Critical Thinking, Douglas Associates Forensic Filer, EMC Documentum, Email software, Fingerprint databases, Genetic database software, Git, Google Android, Graphics software, Ingenuware CoronerBase, Judgment and Decision Making, Linux, Microsoft Excel, Microsoft Office software, Microsoft PowerPoint, Microsoft SQL Server Reporting Services SSRS, Microsoft Word, Mideo Systems EZDoc Plus, Reading Comprehension, Social Perceptiveness, Speaking, Structured query language SQL, Transact-SQL, UNIX, Writing, Zoom"
Regulatory Affairs Specialists,"Coordinate and document internal regulatory processes, such as internal audits, inspections, license renewals, or registrations. May compile and prepare materials for submission to regulatory agencies.","Active Listening, Adobe Acrobat, Analyse-it, Atrion Intelligent Authoring, Complex Problem Solving, Critical Thinking, DataVision, FileMaker Pro, Fund accounting software, Healthcare common procedure coding system HCPCS, Human resource management software HRMS, Integrated development environment IDE software, Judgment and Decision Making, LexisNexis, McAfee, Microsoft Access, Microsoft Excel, Microsoft Office software, Microsoft Outlook, Microsoft PowerPoint, Microsoft Project, Microsoft SQL Server, Microsoft SharePoint, Microsoft Visio, Microsoft Visual Basic, Microsoft Word, Reading Comprehension, SAP software, Speaking, Structured query language SQL, Systems Analysis, Writing, Yardi software"
Customs Brokers,Prepare customs documentation and ensure that shipments meet all applicable laws to facilitate the import and export of goods. Determine and track duties and taxes payable and process payments on behalf of client. Sign documents under a power of attorney. Represent clients in meetings with customs officials and apply for duty refunds and tariff reclassifications. Coordinate transportation and storage of imported goods.,"Active Listening, Automated commercial environment software ACE, Automated system for customs data ASYCUDA, Complex Problem Solving, Critical Thinking, Customs records databases, Electronic data interchange EDI software, Materials requirement planning MRP software, Microsoft Access, Microsoft Excel, Microsoft Office software, Microsoft Outlook, Microsoft PowerPoint, Microsoft Word, Optical character reader OCR software, Parts classification databases, Reading Comprehension, SAP Customs Management, SAP software, Speaking, Tariff databases, Web browser software, Writing"
Cost Estimators,"Prepare cost estimates for product manufacturing, construction projects, or services to aid management in bidding on or determining price of product or service. May specialize according to particular service performed or type of product manufactured.","Active Listening, Adobe Acrobat, Apple AppleWorks, Assured Software JPP, Autodesk AutoCAD, Autodesk Revit, Choice Job Cost, Computer aided design and drafting CADD software, ConEst BidTrac, ConEst Electrical Formulas, ConEst IntelliBid Design Build, ConEst Intellibid, ConEst JobTrac, Critical Thinking, Intuit QuickBooks, Judgment and Decision Making, Mathematics, Microsoft Access, Microsoft Excel, Microsoft Office software, Microsoft Outlook, Microsoft PowerPoint, Microsoft Project, Microsoft Visio, Microsoft Word, Oracle Primavera Enterprise Project Portfolio Management, Procore software, Reading Comprehension, SAP software, Speaking, Trimble SketchUp Pro, Writing"
Human Resources Specialists,"Recruit, screen, interview, or place individuals within an organization. May perform other activities in multiple human resources areas.","Active Listening, Adobe Acrobat, Adobe Creative Cloud software, Adobe Illustrator, Adobe InDesign, Adobe Photoshop, Apple macOS, Cisco Webex, Critical Thinking, ESRI ArcGIS software, Extensible markup language XML, Facebook, GitHub, Google Analytics, Google Docs, Hypertext markup language HTML, IBM SPSS Statistics, Intuit QuickBooks, Kronos Workforce Timekeeper, MEDITECH software, Marketo Marketing Automation, Microsoft Access, Microsoft Excel, Microsoft Office software, Microsoft Outlook, Microsoft PowerPoint, Microsoft Project, Reading Comprehension, Speaking, Writing"
Farm Labor Contractors,"Recruit and hire seasonal or temporary agricultural laborers. May transport, house, and provide meals for workers.","Bookkeeping software, E-Verify, Facebook, Financial accounting software, Intuit QuickBooks, Microsoft Access, Microsoft Excel, Microsoft Office software, Microsoft Outlook, Microsoft SharePoint, Microsoft Word, SAP software, Speaking, Web browser software"
Labor Relations Specialists,"Resolve disputes between workers and managers, negotiate collective bargaining agreements, or coordinate grievance procedures to handle employee complaints.","Active Learning, Active Listening, Complex Problem Solving, Critical Thinking, Internet Grievance System IGS, Judgment and Decision Making, Kubernetes, LaborSoft LaborForce Arbitration/Appeals Manager module, LaborSoft LaborForce Discipline Manager module, LaborSoft LaborForce EEO Claims Manager module, LaborSoft LaborForce Grievance Manager module, LaborSoft LaborForce Incident Tracking module, LaborSoft LaborForce Personnel Manager module, LaborSoft LaborForce Reporting/Dashboard Manager module, Micropact entellitrak Labor Relations Edition, Microsoft Access, Microsoft Excel, Microsoft Office software, Microsoft Outlook, Microsoft PowerPoint, Microsoft SharePoint, Microsoft Word, Negotiation, Oracle HRIS, Oracle PeopleSoft, Persuasion, Reading Comprehension, ServiceNow, Social Perceptiveness, Speaking, Workday software, Writing"
Logisticians,"Analyze and coordinate the ongoing logistical functions of a firm or organization. Responsible for the entire life cycle of a product, including acquisition, distribution, internal allocation, delivery, and final disposal of resources.","Active Learning, Active Listening, Autodesk AutoCAD, Complex Problem Solving, Coordination, Critical Thinking, IBM Cognos Impromptu, IBM Power Systems software, Intuit QuickBooks, Judgment and Decision Making, Microsoft Access, Microsoft Dynamics, Microsoft Excel, Microsoft Office software, Microsoft Outlook, Microsoft PowerPoint, Microsoft Project, Microsoft SQL Server, Microsoft SharePoint, Microsoft Visio, Microsoft Word, Monitoring, Oracle E-Business Suite, Oracle JD Edwards EnterpriseOne, Oracle Primavera Enterprise Project Portfolio Management, Order management software, Purchasing software, Radio frequency identification RFID software, Reading Comprehension, RedPrairie E2e, SAP software, SmugMug Flickr, Social Perceptiveness, Speaking, Structured query language SQL, Systems Analysis"
Logistics Engineers,"Design or analyze operational solutions for projects such as transportation optimization, network modeling, process and methods analysis, cost containment, capacity enhancement, routing and shipment optimization, or information management.","Active Learning, Active Listening, Autodesk AutoCAD, C++, Complex Problem Solving, Computer aided design and drafting CADD software, Critical Thinking, Failure modes and effects analysis FMEA software, Judgment and Decision Making, Mathematics, Microsoft Access, Microsoft Excel, Microsoft Office software, Microsoft Outlook, Microsoft Power BI, Microsoft PowerPoint, Microsoft Project, Microsoft SQL Server, Microsoft SharePoint, Microsoft Visio, Microsoft Visual Basic, Microsoft Visual Basic for Applications VBA, Microsoft Word, Operations Analysis, Oracle Database, Oracle Java, Oracle Primavera Enterprise Project Portfolio Management, Python, Reading Comprehension, SAP software, SAS, Speaking, Structured query language SQL, Systems Analysis, Systems Evaluation, Tableau, Time Management, Writing"
Logistics Analysts,"Analyze product delivery or supply chain processes to identify or recommend changes. May manage route activity including invoicing, electronic bills, and shipment tracing.","3PL Central, Active Listening, Advanced business application programming ABAP, Amazon Redshift, Cadre Technologies Accuplus Integrated Distribution Logistics System, Complex Problem Solving, Critical Thinking, IBM SPSS Statistics, Judgment and Decision Making, Microsoft Access, Microsoft Excel, Microsoft Office software, Microsoft Outlook, Microsoft Power BI, Microsoft PowerPoint, Microsoft Project, Microsoft SQL Server, Microsoft SharePoint, Microsoft Visio, Microsoft Visual Basic, Microsoft Visual Basic for Applications VBA, Microsoft Windows, Microsoft Word, Monitoring, Oracle PeopleSoft, Oracle Primavera Enterprise Project Portfolio Management, Reading Comprehension, SAP software, Speaking, Structured query language SQL, Systems Analysis, Systems Evaluation, Tableau, The MathWorks MATLAB"
Project Management Specialists,"Analyze and coordinate the schedule, timeline, procurement, staffing, and budget of a product or service on a per project basis. Lead and guide the work of technical staff. May serve as a point of contact for the client or customer.","Adobe Acrobat, Adobe InDesign, Adobe Photoshop, Apple macOS, Asana, Atlassian Confluence, Atlassian JIRA, Autodesk AutoCAD Civil 3D, Bentley MicroStation, Cisco Webex, Git, GitHub, Google Docs, Google Workspace software, IBM SPSS Statistics, Intuit QuickBooks, Linux, Marketo Marketing Automation, Microsoft Access, Microsoft Azure software, Microsoft Excel, Microsoft Office software, Microsoft Outlook, Microsoft PowerPoint, Microsoft Project"
Management Analysts,"Conduct organizational studies and evaluations, design systems and procedures, conduct work simplification and measurement studies, and prepare operations and procedures manuals to assist management in operating more efficiently and effectively. Includes program analysts and management consultants.","AJAX, Active Listening, Adobe Acrobat, Adobe InDesign, Alteryx software, Amazon Elastic Compute Cloud EC2, Amazon Redshift, Amazon Web Services AWS software, Ansible software, Apache Cassandra, Apache Hadoop, Apache Hive, Apache Kafka, Apache Maven, Apache Spark, Apache Subversion SVN, Apache Tomcat, Apple macOS, Atlassian Confluence, Atlassian JIRA, Bash, C, C#, C++, Cascading style sheets CSS, Chef, Complex Problem Solving, Coordination, Critical Thinking, Judgment and Decision Making, Monitoring, Persuasion, Reading Comprehension, Social Perceptiveness, Speaking, Systems Analysis, Systems Evaluation, Writing"
"Meeting, Convention, and Event Planners","Coordinate activities of staff, convention personnel, or clients to make arrangements for group meetings, events, or conventions.","Active Listening, Active Network EventRegister, Adobe Creative Cloud software, Adobe InDesign, Adobe Photoshop, Blackbaud The Raiser's Edge, Complex Problem Solving, Convention Industry Council CIC APEX Toolbox, Coordination, Critical Thinking, Dean Evans & Associates EMS Professional, Delphi Discovery, Delphi Technology, ESRI ArcGIS software, Event Management Software, Events Operations Software, Facebook, Google Docs, Hypertext markup language HTML, Judgment and Decision Making, Marketo Marketing Automation, Microsoft Access, Microsoft Excel, Microsoft Office software, Microsoft Outlook, Microsoft PowerPoint, Microsoft Project, Microsoft Word, Monitoring, Oracle Primavera Enterprise Project Portfolio Management, Persuasion, Reading Comprehension, Service Orientation, Social Perceptiveness, Speaking, Time Management, Trimble SketchUp Pro, Writing"
Fundraisers,"Organize activities to raise funds or otherwise solicit and gather monetary donations or other gifts for an organization. May design and produce promotional materials. May also raise awareness of the organization's work, goals, and financial needs.","Active Listening, Adobe PageMaker, AudienceView Ticketing, Blackbaud Luminate CRM, Blackbaud The Raiser's Edge, Blackbaud eTapestry, Constant Contact, Coordination, Corel CorelDraw Graphics Suite, Critical Thinking, Database software, Email software, Facebook, FileMaker Pro, Foundatino Directory Online (FDO), Microsoft Dynamics, Microsoft Excel, Microsoft Office software, Microsoft Outlook, Microsoft PowerPoint, Microsoft Publisher, Microsoft Word, Negotiation, Persuasion, Reading Comprehension, SAP BusinessObjects Crystal Reports, Salesforce software, Service Orientation, Social Perceptiveness, SofterWare DonorPerfect, Speaking, Structured query language SQL, Tessitura Network Tessitura Software, Twitter, Writing"
"Compensation, Benefits, and Job Analysis Specialists","Conduct programs of compensation and benefits and job analysis for employer. May specialize in specific areas, such as position classification and pension programs.","ADP Enterprise eTIME, ADP Workforce Now, Active Listening, Actuarial Systems Corporation AIM, Actuarial Systems Corporation Compliance Testing System, Actuarial Systems Corporation DV Direct, Actuarial Systems Corporation Defined Benefit System, Actuarial Systems Corporation Document Generation and Management System, Apex Business Software iBenefits, Critical Thinking, IBM SPSS Statistics, Kronos Workforce Timekeeper, Microsoft Access, Microsoft Excel, Microsoft Office software, Microsoft Outlook, Microsoft PowerPoint, Microsoft Project, Microsoft SQL Server, Microsoft SharePoint, Microsoft Visual Basic, Microsoft Word, Oracle PeopleSoft, Reading Comprehension, SAP software, SAS, Speaking, Structured query language SQL, Workday software"
Training and Development Specialists,Design or conduct work-related training and development programs to improve individual skills or organizational performance. May analyze organizational training needs or evaluate training effectiveness.,"Active Learning, Active Listening, Adobe Acrobat, Adobe After Effects, Adobe Creative Cloud software, Adobe Illustrator, Adobe InDesign, Adobe Photoshop, Cisco Webex, Coordination, Critical Thinking, Django, Epic Systems, Hypertext markup language HTML, IBM SPSS Statistics, Instructing, JavaScript, Judgment and Decision Making, Learning Strategies, Microsoft Access, Microsoft Excel, Microsoft Office software, Microsoft Outlook, Microsoft PowerPoint, Microsoft Project, Microsoft SharePoint, Microsoft Visio, Microsoft Word, Monitoring, MySQL, Oracle PL/SQL, Oracle PeopleSoft, PHP, Reading Comprehension, Service Orientation, Social Perceptiveness, Speaking, Time Management, Writing"
Market Research Analysts and Marketing Specialists,"Research conditions in local, regional, national, or online markets. Gather information to determine potential sales of a product or service, or plan a marketing or advertising campaign. May gather information on competitors, prices, sales, and methods of marketing and distribution. May employ search marketing tactics, analyze web metrics, and develop recommendations to increase search engine ranking and visibility to target markets.","Active Learning, Active Listening, Adobe Acrobat, Adobe After Effects, Adobe Creative Cloud software, Adobe Illustrator, Adobe InDesign, Adobe Photoshop, Amazon Redshift, Apache Hadoop, Apache Hive, Apple macOS, Asana, Canva, Cascading style sheets CSS, Complex Problem Solving, Critical Thinking, ESRI ArcGIS software, Facebook, Google Analytics, Google Docs, Google Looker Analytics, HubSpot software, Hypertext markup language HTML, IBM SPSS Statistics, JavaScript, Judgment and Decision Making, Marketo Marketing Automation, Microsoft Access, Microsoft Excel, Reading Comprehension, Speaking, Writing"
Search Marketing Strategists,"Employ search marketing tactics to increase visibility and engagement with content, products, or services in Internet-enabled devices or interfaces. Examine search query behaviors on general or specialty search engines or other Internet-based content. Analyze research, data, or technology to understand user intent and measure outcomes for ongoing optimization.","AJAX, Active Learning, Active Listening, Adobe Photoshop, Cascading style sheets CSS, Complex Problem Solving, Critical Thinking, Elasticsearch, Facebook, Google Analytics, Google Looker Analytics, HubSpot software, Hypertext markup language HTML, JavaScript, Judgment and Decision Making, Marketo Marketing Automation, Microsoft ASP.NET, Microsoft Access, Microsoft Excel, Microsoft Office software, Microsoft Outlook, Microsoft PowerPoint, Microsoft Project, Microsoft SQL Server, Microsoft Visio, Microsoft Word, MySQL, Oracle Java, PHP, Python, Reading Comprehension, Speaking, Writing"
"Business Operations Specialists, All Other",All business operations specialists not listed separately.,
Business Continuity Planners,"Develop, maintain, or implement business continuity and disaster recovery strategies and solutions, including risk assessments, business impact analyses, strategy selection, and documentation of business continuity and disaster recovery procedures. Plan, conduct, and debrief regular mock-disaster exercises to test the adequacy of existing plans and strategies, updating procedures and plans regularly. Act as a coordinator for continuity efforts after a disruption event.","Active Learning, Active Listening, Actuate BIRT, Adobe Acrobat, Atlassian Confluence, Atlassian JIRA, Business continuity software, CA Clarity PPM, COOP Systems myCOOP, Complex Problem Solving, Computer operating systems, Coordination, Critical Thinking, EMC RSA Archer Business Continuity Management, Emergency notification system software, Enterprise backup systems, Judgment and Decision Making, Microsoft Access, Microsoft Excel, Microsoft Office software, Microsoft Outlook, Microsoft PowerPoint, Microsoft Project, Microsoft SQL Server, Microsoft SharePoint, Microsoft Visio, Microsoft Word, Monitoring, Oracle Primavera Enterprise Project Portfolio Management, Reading Comprehension, ServiceNow, Speaking, Structured query language SQL, Systems Analysis, Systems Evaluation, Teradata Database, Writing"
Sustainability Specialists,"Address organizational sustainability issues, such as waste stream management, green building practices, and green procurement plans.","Active Listening, Adobe Acrobat, Adobe Creative Cloud software, Adobe Illustrator, Adobe InDesign, Adobe Photoshop, Autodesk AutoCAD, Autodesk AutoCAD Civil 3D, Autodesk Revit, Bentley MicroStation, Complex Problem Solving, Critical Thinking, Extensible markup language XML, Google Analytics, JavaScript, Judgment and Decision Making, Microsoft Access, Microsoft Excel, Microsoft Office software, Microsoft Outlook, Microsoft Power BI, Microsoft PowerPoint, Microsoft Project, Microsoft SharePoint, Microsoft Visio, Microsoft Word, Monitoring, Oracle Database, Reading Comprehension, SAP software, Speaking, Structured query language SQL, Writing"
Online Merchants,"Conduct retail activities of businesses operating exclusively online. May perform duties such as preparing business strategies, buying merchandise, managing inventory, implementing marketing activities, fulfilling and shipping online orders, and balancing financial records.","AJAX, Active Listening, Adobe Photoshop, Apple macOS, C#, Critical Thinking, Extensible markup language XML, Facebook, Google Analytics, Hypertext markup language HTML, Intuit QuickBooks, JavaScript, Linux, Microsoft .NET Framework, Microsoft Access, Microsoft Excel, Microsoft Office software, Microsoft Outlook, Microsoft PowerPoint, Microsoft Project, Microsoft SQL Server, Microsoft Visio, Microsoft Visual Studio, Microsoft Windows, Microsoft Word, MySQL, Reading Comprehension, Speaking, jQuery"
Security Management Specialists,"Conduct security assessments for organizations, and design security systems and processes. May specialize in areas such as physical security or the safety of employees and facilities.","Active Listening, Adobe Acrobat, Amazon Web Services AWS software, ArcSight Enterprise Threat and Risk Management, Chinotec Technologies Paros, Cisco Systems CiscoWorks, Complex Problem Solving, Coordination, Critical Thinking, JavaScript, Judgment and Decision Making, Linux, Microsoft Access, Microsoft Active Directory, Microsoft Azure software, Microsoft Excel, Microsoft Office software, Microsoft Outlook, Microsoft PowerPoint, Microsoft PowerShell, Microsoft SharePoint, Microsoft Visio, Microsoft Windows, Microsoft Word, Monitoring, Oracle Java, Reading Comprehension, SAP software, ServiceNow, Social Perceptiveness, Speaking, Splunk Enterprise, Structured query language SQL, Systems Analysis, Systems Evaluation, UNIX, Writing"
Accountants and Auditors,"Examine, analyze, and interpret accounting records to prepare financial statements, give advice, or audit and evaluate statements prepared by others. Install or advise on systems of recording costs or other financial and budgetary data.","Active Listening, Adobe Acrobat, Alteryx software, Critical Thinking, Epic Systems, Google Docs, Google Sheets, IBM SPSS Statistics, Intuit QuickBooks, Intuit TurboTax, Judgment and Decision Making, MEDITECH software, Microsoft Access, Microsoft Excel, Microsoft Office software, Microsoft Outlook, Microsoft PowerPoint, Microsoft Project, Microsoft SQL Server, Microsoft SharePoint, Microsoft Visio, Microsoft Visual Basic, Microsoft Visual Basic for Applications VBA, Microsoft Windows, Microsoft Word, Oracle Database, Oracle PeopleSoft, Oracle Primavera Enterprise Project Portfolio Management, Reading Comprehension, Speaking, Writing"
Appraisers of Personal and Business Property,"Appraise and estimate the fair value of tangible personal or business property, such as jewelry, art, antiques, collectibles, and equipment. May also appraise land.","Ascend Property Assessment, Bruno Realty eNeighboorhoods, CPR Visual Estimator, Computer assisted mass appraisal CAMA software, Cost estimating software, Critical Thinking, HP 49G+ Appraiser Fee Calculator, Mass appraisal records system MARS, Microsoft Access, Microsoft Excel, Microsoft Office software, Microsoft Outlook, Microsoft PowerPoint, Microsoft Windows, Microsoft Word, Reading Comprehension, Web browser software, Wilson's Computer Applications RealEasy Appraisals, WinEstimator WinEst, WinGap, Writing, Yardi software"
Appraisers and Assessors of Real Estate,"Appraise real estate, exclusively, and estimate its fair value. May assess taxes in accordance with prescribed schedules.","ACI Appraiser's Choice, Active Listening, Apex IV Assessor, Apex IV Fee Appraiser, Apex MobileSketch, Apple iOS, Ascend Property Assessment, Bradford ClickFORMS, Bruno Realty eNeighboorhoods, Business Management Systems Municipal Geographic Management System MGMS, Compass Municipal Services CAMAlot, Computer assisted mass appraisal CAMA software, Concierge Systems Report Concierge, Construction Management Software ProEst, Cost estimating software, Critical Thinking, Google Workspace software, Microsoft Access, Microsoft Excel, Microsoft Office software, Microsoft Outlook, Microsoft PowerPoint, Microsoft Windows, Microsoft Word, Reading Comprehension, Yardi software, a la mode Pocket TOTAL, a la mode WinTOTAL"
Budget Analysts,"Examine budget estimates for completeness, accuracy, and conformance with procedures and regulations. Analyze budgeting and accounting reports.","Active Listening, Adaptive Planning, Budget monitoring systems, Budgeting, forecasting, and planning software, Business Objects Data Integrator, Business performance management BPM software, Complex Problem Solving, Critical Thinking, Deltek Costpoint, Email software, Everest Software Advanced, Extensity MPC, FRx Software Microsoft Forecaster, Financial reporting software, Fund accounting software, Graphics software, Human resources management system HRMS, Judgment and Decision Making, Mathematics, Microsoft Access, Microsoft Excel, Microsoft Office software, Microsoft Outlook, Microsoft Power BI, Microsoft PowerPoint, Microsoft SharePoint, Microsoft Visual Basic, Microsoft Word, Reading Comprehension, SAP software, Speaking, Structured query language SQL"
Credit Analysts,Analyze credit data and financial statements of individuals or firms to determine the degree of risk involved in extending credit or lending money. Prepare reports with credit information for use in decisionmaking.,"Active Learning, Active Listening, CGI-AMS BureauLink Enterprise, CGI-AMS CACS Enterprise, CGI-AMS Strata, Credit adjudication and lending management system CALMS, Credit and risk analysis software, Credit fraud detection software, Critical Thinking, Dun and Bradstreet Global DecisionMaker, Equifax Advanced Decisioning, Equifax Application Engine, Equifax InterConnect, Experian Credinomics, Experian Detect, Microsoft Excel, Microsoft Office software, Microsoft Outlook, Microsoft PowerPoint, Microsoft SQL Server, Microsoft Visual Basic, Microsoft Visual Basic for Applications VBA, Microsoft Word, Python, Reading Comprehension, SAP software, SAS, Speaking, Structured query language SQL, eCredit Enterprise"
Financial and Investment Analysts,"Conduct quantitative analyses of information involving investment programs or financial data of public or private institutions, including valuation of businesses.","Alteryx software, Apache Hive, Google Docs, IBM SPSS Statistics, Intuit QuickBooks, Marketo Marketing Automation, Microsoft Access, Microsoft Excel, Microsoft Office software, Microsoft Outlook, Microsoft Power BI, Microsoft PowerPoint, Microsoft Project, Microsoft SQL Server, Microsoft SQL Server Reporting Services SSRS, Microsoft SharePoint, Microsoft Visio, Microsoft Visual Basic, Microsoft Visual Basic for Applications VBA, Microsoft Word, Oracle Database, Oracle PeopleSoft, Oracle Primavera Enterprise Project Portfolio Management, R, Salesforce software"
Personal Financial Advisors,"Advise clients on financial plans using knowledge of tax and investment strategies, securities, insurance, pension plans, and real estate. Duties include assessing clients' assets, liabilities, cash flow, insurance coverage, tax status, and financial objectives. May also buy and sell financial assets for clients.","ACT! ACT4Advisors, ASI Client Acquisition Solution, Active Listening, Advent Axys, AdviceAmerica AdvisorVision, Advisory World ICE, Asset allocation software, Automatic Data Processing ProxyEdge, Brentmark Stock Option Risk Analyzer, Cabinet NG CNG-SAFE, Cheshire Financial Planning Suite, Complex Problem Solving, ComplianceMAX, Corel QuattroPro, Critical Thinking, Cygnus IncomeMax, Judgment and Decision Making, Mathematics, Microsoft Access, Microsoft Excel, Microsoft Office software, Microsoft Outlook, Microsoft PowerPoint, Microsoft Project, Microsoft SQL Server, Microsoft Visual Basic, Microsoft Word, Reading Comprehension, Salesforce software, Service Orientation, Social Perceptiveness, Speaking, Structured query language SQL, Swift, Writing"
Insurance Underwriters,Review individual applications for insurance to evaluate degree of risk involved and determine acceptance of applications.,"Active Listening, Anodas Software Limited Phoenix, C++, CSC nbAccelerator, Consilience Software Maven Insurance Automation Suite, Critical Thinking, Database software, Delphi Technology, Fair Isaac Enterprise Decision Management for Insurance, Fannie Mae Desktop Underwriter, Fiserv Advanced Underwriting, IBM FileNet Content Manager, Judgment and Decision Making, LabOne NET, LexisNexis, Microsoft Access, Microsoft Excel, Microsoft Office software, Microsoft Outlook, Microsoft PowerPoint, Microsoft Windows, Microsoft Word, NIIT Technologies WinRisk, QualCorp FormsPlus, RGA AURA, RGA Facultative Application Console, Reading Comprehension, SIS SEMCI PARTNER, Skywire Software InsBridge, Speaking, Writing"
Financial Risk Specialists,"Analyze and measure exposure to credit and market risk threatening the assets, earning capacity, or economic state of an organization. May make recommendations to limit risk.","Amazon Web Services AWS software, Apache Hive, Atlassian JIRA, C++, Google Docs, IBM SPSS Statistics, Intuit QuickBooks, Linux, Marketo Marketing Automation, Microsoft Access, Microsoft Azure software, Microsoft Excel, Microsoft Office software, Microsoft Outlook, Microsoft Power BI, Microsoft PowerPoint, Microsoft Project, Microsoft SQL Server, Microsoft SQL Server Reporting Services SSRS, Microsoft SharePoint, Microsoft Visio, Microsoft Visual Basic, Microsoft Visual Basic for Applications VBA, Microsoft Word, Oracle Database"
Financial Examiners,"Enforce or ensure compliance with laws and regulations governing financial and securities institutions and financial and real estate transactions. May examine, verify, or authenticate records.","ACL Analytics, Active Learning, Active Listening, Auditing software, Complex Problem Solving, Coordination, Critical Thinking, Financial compliance software, Financial transaction analysis software, General Examination System GENESYS, Investigation management software, Judgment and Decision Making, LexisNexis, Management of Personnel Resources, Mathematics, Microsoft Access, Microsoft Excel, Microsoft Office software, Microsoft Outlook, Microsoft PowerPoint, Microsoft Project, Microsoft SharePoint, Microsoft Visio, Microsoft Windows, Microsoft Word, Monitoring, NILS INSource, ODEN Insurance Services State Rules & Regulations, Oversight Insights On Demand, PricewaterhouseCoopers TeamMate, R, Reading Comprehension, SAP software, Social Perceptiveness, Speaking, Structured query language SQL, System for Electronic Rate and Form Filing SERFF, Systems Analysis, Systems Evaluation, Time Management, Writing"
Credit Counselors,"Advise and educate individuals or organizations on acquiring and managing debt. May provide guidance in determining the best type of loan and explain loan requirements or restrictions. May help develop debt management plans or student financial aid packages. May advise on credit issues, or provide budget, mortgage, bankruptcy, or student financial aid counseling.","Active Learning, Active Listening, Chat software, Complex Problem Solving, Cooperative Processing Resources DMS Professional Suite, CoreLogic DebtorTrace, Critical Thinking, Email software, Freddie Mac Loan Prospector, ICCO CreditSoft, Integrant DebtLogic, Judgment and Decision Making, LexisNexis, LexisNexis Accurint, Merlin Information Services databases, Microsoft Access, Microsoft Dynamics, Microsoft Excel, Microsoft Office software, Microsoft Outlook, Microsoft PowerPoint, Microsoft Word, Oracle PeopleSoft, Paragon Financial Services Paragon Financial System, Prime Debt Soft Debt Settlement, Prime Debt Software Credit Repair, Reading Comprehension, SAP software, Service Orientation, Speaking, Web browser software, Writing"
Loan Officers,"Evaluate, authorize, or recommend approval of commercial, real estate, or credit loans. Advise borrowers on financial status and payment methods. Includes mortgage loan officers and agents, collection analysts, loan servicing officers, loan underwriters, and payday loan officers.","1003 Uniform Residential Loan Application, Active Listening, Amortization loan software, Bankers Systems Rembrandt Lending System, Bottom Line LoanMaster Loan Servicing, CGI-AMS BureauLink Enterprise, CGI-AMS CACS Enterprise, CGI-AMS Strata, California Infinite LPS, Calyx Point, Click1003 Online Mortgage Application, Common business oriented language COBOL, Credit and risk analysis software, Credit fraud detection software, Credit underwriting software, Critical Thinking, Customer information control system CICS, Datatel Colleague, Judgment and Decision Making, Microsoft Access, Microsoft Excel, Microsoft Office software, Microsoft Outlook, Microsoft PowerPoint, Microsoft Word, Oracle PeopleSoft, Reading Comprehension, SAP software, Speaking, Zoom"
"Tax Examiners and Collectors, and Revenue Agents",Determine tax liability or collect taxes from individuals or business firms according to prescribed laws and regulations.,"ADP Workforce Now, Active Listening, Alteryx software, Automated tax system software, Critical Thinking, Document management system software, Email software, Fund accounting software, Image processing systems, Intuit QuickBooks, Intuit TurboTax, Microsoft Access, Microsoft Excel, Microsoft Office software, Microsoft Outlook, Microsoft Power BI, Microsoft PowerPoint, Microsoft Word, Online databases, Optical character recognition OCR software, Reading Comprehension, SAP software, Speaking, Tax compliance property tax management software, Tax software, Web browser software"
Tax Preparers,Prepare tax returns for individuals or small businesses.,"ACI TaskTracker, ATX Total Accounting Office, ATX Total Tax Office, Active Listening, CCH ProSystem fx TAX, Creative Solutions CPA Depreciation, Creative Solutions UltraTax CS, Critical Thinking, Datagroup ElectroFile 1040, Datagroup ElectroFile ELF, Datagroup ElectroFile ST, Datair Employee Benefits Systems, Electronic ToolKit for Tax Preparers, Email software, ExacTax PackageEX, GreatTax, Greatland Corporation Winfiler, Intellitax financial solutions software, Intuit ProSeries, Intuit QuickBooks, Intuit TurboTax, Kleinrock Publishing, Microsoft Access, Microsoft Excel, Microsoft Office software, Microsoft Outlook, Microsoft Word, Reading Comprehension"
"Financial Specialists, All Other",All financial specialists not listed separately.,
Financial Quantitative Analysts,"Develop quantitative techniques to inform securities investing, equities investing, pricing, or valuation of financial instruments. Develop mathematical or statistical models for risk management, asset optimization, pricing, or relative value analysis.","Active Learning, Active Listening, Amazon Web Services AWS software, Apache Hive, C#, C++, Complex Problem Solving, Critical Thinking, IBM SPSS Statistics, JavaScript, Judgment and Decision Making, Linux, Mathematics, Microsoft Access, Microsoft Azure software, Microsoft Excel, Microsoft Office software, Microsoft Power BI, Microsoft PowerPoint, Microsoft SQL Server, Microsoft Visio, Microsoft Visual Basic, Microsoft Visual Basic for Applications VBA, Microsoft Visual Studio, Oracle Java, Perl, Python, R, Reading Comprehension, SAS, Speaking, Structured query language SQL, Tableau, Writing"
"Fraud Examiners, Investigators and Analysts","Obtain evidence, take statements, produce reports, and testify to findings regarding resolution of fraud allegations. May coordinate fraud detection and prevention activities.","Active Learning, Active Listening, ArcSight Enterprise Threat and Risk Management, Bookkeeping software, Business intelligence software, Complex Problem Solving, Coordination, Critical Thinking, Electronic health record EHR software, Guardian Analytics FraudMAP, IBM Cognos, Judgment and Decision Making, LexisNexis, Microsoft Access, Microsoft Excel, Microsoft Office software, Microsoft Outlook, Microsoft PowerPoint, Microsoft SQL Server, Microsoft SharePoint, Microsoft Visio, Microsoft Word, NortonLifeLock cybersecurity software, PCG Software Virtual Examiner, Python, R, Reading Comprehension, SAP Business Objects, SAS, Speaking, Splunk Enterprise, Structured query language SQL, Tableau, Writing"
Computer Systems Analysts,"Analyze science, engineering, business, and other data processing problems to develop and implement solutions to complex applications problems, system administration issues, or network concerns. Perform systems management and integration functions, improve existing computer systems, and review computer system capabilities, workflow, and schedule limitations. May analyze or recommend commercially available software.","AJAX, Active Learning, Active Listening, Adobe Acrobat, Adobe Illustrator, Adobe Photoshop, Amazon DynamoDB, Amazon Elastic Compute Cloud EC2, Amazon Redshift, Amazon Web Services AWS CloudFormation, Amazon Web Services AWS software, Ansible software, Apache Cassandra, Apache Hadoop, Apache Hive, Apache Kafka, Apache Maven, Apache Spark, Apache Subversion SVN, Apache Tomcat, Apple macOS, Atlassian Confluence, Atlassian JIRA, Bash, C, C#, C++, Critical Thinking, Judgment and Decision Making, Reading Comprehension, Speaking, Systems Analysis, Systems Evaluation"
Health Informatics Specialists,"Apply knowledge of nursing and informatics to assist in the design, development, and ongoing modification of computerized health care systems. May educate staff and assist in problem solving to promote the implementation of the health care system.","Active Learning, Active Listening, Apache Hadoop, Complex Problem Solving, Coordination, Critical Thinking, ESRI ArcGIS software, Epic Systems, IBM SPSS Statistics, JavaScript, Judgment and Decision Making, Learning Strategies, MEDITECH software, Microsoft Access, Microsoft Excel, Microsoft Office software, Microsoft Outlook, Microsoft Power BI, Microsoft PowerPoint, Microsoft Project, Microsoft SQL Server Reporting Services SSRS, Microsoft SharePoint, Microsoft Visio, Microsoft Word, Monitoring, Perl, Python, R, Reading Comprehension, SAS, Salesforce software, Speaking, Structured query language SQL, Systems Analysis, Systems Evaluation, Tableau, Writing, eClinicalWorks EHR software"
Information Security Analysts,"Plan, implement, upgrade, or monitor security measures for the protection of computer networks and information. Assess system vulnerabilities for security risks and propose and implement risk mitigation strategies. May ensure appropriate security controls are in place that will safeguard digital files and vital electronic infrastructure. May respond to computer security breaches and viruses.","AJAX, Active Listening, Amazon DynamoDB, Amazon Elastic Compute Cloud EC2, Amazon Redshift, Amazon Web Services AWS CloudFormation, Amazon Web Services AWS software, Ansible software, Apache Cassandra, Apache Hadoop, Apache Hive, Apache Kafka, Apache Maven, Apache Spark, Apache Subversion SVN, Apache Tomcat, Apple macOS, Atlassian Confluence, Atlassian JIRA, Bash, Border Gateway Protocol BGP, C, C#, C++, Chef, Complex Problem Solving, Critical Thinking, Django, Reading Comprehension, Speaking, Writing"
Computer and Information Research Scientists,"Conduct research into fundamental computer and information science as theorists, designers, or inventors. Develop solutions to problems in the field of computer hardware and software.","Active Learning, Active Listening, Amazon DynamoDB, Amazon Elastic Compute Cloud EC2, Amazon Redshift, Amazon Web Services AWS CloudFormation, Amazon Web Services AWS software, Ansible software, Apache Airflow, Apache Cassandra, Apache Hadoop, Apache Hive, Apache Kafka, Apache Spark, Apache Subversion SVN, Bash, C, C#, C++, Chef, Complex Problem Solving, Critical Thinking, Django, Docker, ESRI ArcGIS software, Eclipse IDE, Elasticsearch, Extensible markup language XML, Git, Judgment and Decision Making, Programming, Reading Comprehension, Speaking, Systems Analysis, Systems Evaluation"
Computer Network Support Specialists,"Analyze, test, troubleshoot, and evaluate existing network systems, such as local area networks (LAN), wide area networks (WAN), cloud networks, servers, and other data communications networks. Perform network maintenance to ensure networks operate correctly with minimal interruption.","Active Listening, Adobe Acrobat, Apache Tomcat, Apple macOS, Bash, Border Gateway Protocol BGP, Critical Thinking, Linux, Microsoft Access, Microsoft Active Directory, Microsoft Azure software, Microsoft Excel, Microsoft Office software, Microsoft Outlook, Microsoft PowerPoint, Microsoft PowerShell, Microsoft Project, Microsoft SQL Server, Microsoft SharePoint, Microsoft Visual Basic, Microsoft Windows, Microsoft Windows Server, Microsoft Word, MySQL, Oracle Java, Perl, Python"
Computer User Support Specialists,"Provide technical assistance to computer users. Answer questions or resolve computer problems for clients in person, via telephone, or electronically. May provide assistance concerning the use of computer hardware and software, including printing, installation, word processing, electronic mail, and operating systems.","AJAX, Active Listening, Adobe Acrobat, Adobe Creative Cloud software, Adobe Illustrator, Adobe InDesign, Adobe Photoshop, Amazon Redshift, Amazon Web Services AWS software, Ansible software, Apache Cassandra, Apache Hadoop, Apache Hive, Apache Kafka, Apache Maven, Apache Subversion SVN, Apache Tomcat, Apple iOS, Apple macOS, Atlassian Confluence, Atlassian JIRA, Autodesk AutoCAD, Autodesk Revit, Bash, Bentley MicroStation, C, Complex Problem Solving, Critical Thinking, Reading Comprehension, Speaking, Writing"
Computer Network Architects,"Design and implement computer and information networks, such as local area networks (LAN), wide area networks (WAN), intranets, extranets, and other data communications networks. Perform network modeling, analysis, and planning, including analysis of capacity needs for network infrastructures. May also design network and computer security measures. May research and recommend network and data communications hardware and software.","AJAX, Active Listening, Adobe After Effects, Amazon DynamoDB, Amazon Elastic Compute Cloud EC2, Amazon Redshift, Amazon Web Services AWS CloudFormation, Amazon Web Services AWS software, Ansible software, Apache Cassandra, Apache Hadoop, Apache Hive, Apache Kafka, Apache Maven, Apache Spark, Apache Subversion SVN, Apache Tomcat, Apple macOS, Atlassian Confluence, Atlassian JIRA, Autodesk AutoCAD, Autodesk Revit, Bash, Border Gateway Protocol BGP, C, C#, Complex Problem Solving, Coordination, Critical Thinking, Judgment and Decision Making, Programming, Reading Comprehension, Speaking, Systems Analysis, Systems Evaluation, Writing"
Telecommunications Engineering Specialists,"Design or configure wired, wireless, and satellite communications systems for voice, video, and data services. Supervise installation, service, and maintenance.","2AB iLock Security Services, Access management software, Active Listening, Antivirus software, Apache Kafka, Autodesk AutoCAD, Autodesk Revit, Critical Thinking, Linux, Microsoft Excel, Microsoft Office software, Microsoft Outlook, Microsoft PowerPoint, Microsoft PowerShell, Microsoft Project, Microsoft SQL Server, Microsoft Teams, Microsoft Visio, Microsoft Windows, Microsoft Windows Server, Microsoft Word, Oracle Java, Perl, Python, Reading Comprehension, Shell script, Structured query language SQL, UNIX"
Database Administrators,"Administer, test, and implement computer databases, applying knowledge of database management systems. Coordinate changes to computer databases. Identify, investigate, and resolve database performance issues, database capacity, and database scalability. May plan, coordinate, and implement security measures to safeguard computer databases.","AJAX, Active Learning, Active Listening, Amazon DynamoDB, Amazon Elastic Compute Cloud EC2, Amazon Redshift, Amazon Web Services AWS CloudFormation, Amazon Web Services AWS software, Ansible software, Apache Airflow, Apache Cassandra, Apache Hadoop, Apache Hive, Apache Kafka, Apache Maven, Apache Spark, Apache Subversion SVN, Apache Tomcat, Apple macOS, Atlassian Confluence, Atlassian JIRA, Autodesk Revit, Bash, C, C#, C++, Cascading style sheets CSS, Complex Problem Solving, Critical Thinking, Judgment and Decision Making, Reading Comprehension"
Database Architects,"Design strategies for enterprise databases, data warehouse systems, and multidimensional networks. Set standards for database operations, programming, query processes, and security. Model, design, and construct large relational databases or data warehouses. Create and optimize data models for warehouse infrastructure and workflow. Integrate new systems with existing warehouse structure and refine system performance and functionality.","AJAX, Active Listening, Adobe Acrobat, Amazon DynamoDB, Amazon Elastic Compute Cloud EC2, Amazon Redshift, Amazon Web Services AWS CloudFormation, Amazon Web Services AWS software, Ansible software, Apache Airflow, Apache Cassandra, Apache Hadoop, Apache Hive, Apache Kafka, Apache Maven, Apache Spark, Apache Subversion SVN, Apache Tomcat, Apple macOS, Atlassian Confluence, Atlassian JIRA, Autodesk Revit, Bash, C, C#, C++, Complex Problem Solving, Critical Thinking, Judgment and Decision Making, Reading Comprehension, Speaking, Systems Analysis"
Data Warehousing Specialists,"Design, model, or implement corporate data warehousing activities. Program and configure warehouses of database information and provide support to warehouse users.","Active Listening, Amazon DynamoDB, Amazon Elastic Compute Cloud EC2, Amazon Redshift, Amazon Web Services AWS software, Apache Cassandra, Apache Hadoop, Apache Hive, Apache Kafka, Apache Spark, Apache Subversion SVN, Apple macOS, Atlassian JIRA, Bash, C, C#, C++, Complex Problem Solving, Critical Thinking, ESRI ArcGIS software, Eclipse IDE, Extensible markup language XML, IBM SPSS Statistics, Informatica software, Linux, Microsoft .NET Framework, Microsoft Access, Microsoft Azure software, Programming, Reading Comprehension, Systems Analysis"
Network and Computer Systems Administrators,"Install, configure, and maintain an organization's local area network (LAN), wide area network (WAN), data communications network, operating systems, and physical and virtual servers. Perform system monitoring and verify the integrity and availability of hardware, network, and server resources and systems. Review system and application logs and verify completion of scheduled jobs, including system backups. Analyze network and server resource consumption and control user access. Install and upgrade software and maintain software licenses. May assist in network modeling, analysis, planning, and coordination between network and data communications hardware and software.","AJAX, Active Listening, Adobe Acrobat, Amazon DynamoDB, Amazon Elastic Compute Cloud EC2, Amazon Redshift, Amazon Web Services AWS CloudFormation, Amazon Web Services AWS software, Ansible software, Apache Cassandra, Apache Hadoop, Apache Hive, Apache Kafka, Apache Maven, Apache Spark, Apache Subversion SVN, Apache Tomcat, Apple macOS, Atlassian Confluence, Atlassian JIRA, Bash, Border Gateway Protocol BGP, C, C#, C++, Chef, Complex Problem Solving, Critical Thinking, Judgment and Decision Making, Monitoring, Programming, Reading Comprehension, Systems Analysis, Systems Evaluation, Troubleshooting"
Computer Programmers,"Create, modify, and test the code and scripts that allow computer applications to run. Work from specifications drawn up by software and web developers or other individuals. May develop and write computer programs to store, locate, and retrieve specific documents, data, and information.","AJAX, Active Listening, Adobe Acrobat, Adobe Illustrator, Adobe Photoshop, Amazon DynamoDB, Amazon Elastic Compute Cloud EC2, Amazon Redshift, Amazon Web Services AWS CloudFormation, Amazon Web Services AWS software, Ansible software, Apache Cassandra, Apache Hadoop, Apache Hive, Apache Kafka, Apache Maven, Apache Spark, Apache Subversion SVN, Apache Tomcat, Atlassian Confluence, Atlassian JIRA, Bash, Bentley MicroStation, C, C#, C++, Complex Problem Solving, Critical Thinking, Programming, Quality Control Analysis"
Software Developers,"Research, design, and develop computer and network software or specialized utility programs. Analyze user needs and develop software solutions, applying principles and techniques of computer science, engineering, and mathematical analysis. Update software or enhance existing software capabilities. May work with computer hardware engineers to integrate hardware and software systems, and develop specifications and performance requirements. May maintain databases within an application area, working individually or coordinating database development as part of a team.","AJAX, Active Learning, Adobe Acrobat, Adobe After Effects, Adobe Creative Cloud software, Adobe Illustrator, Adobe InDesign, Adobe Photoshop, Alteryx software, Amazon DynamoDB, Amazon Elastic Compute Cloud EC2, Amazon Redshift, Amazon Web Services AWS CloudFormation, Amazon Web Services AWS software, Ansible software, Apache Airflow, Apache Cassandra, Apache Hadoop, Apache Hive, Apache Kafka, Apache Maven, Apache Spark, Apache Subversion SVN, Apache Tomcat, Apple iOS, Apple macOS, Critical Thinking, Judgment and Decision Making, Programming, Reading Comprehension, Systems Analysis"
Software Quality Assurance Analysts and Testers,"Develop and execute software tests to identify software problems and their causes. Test system modifications to prepare for implementation. Document software and application defects using a bug tracking system and report defects to software or web developers. Create and maintain databases of known defects. May participate in software design reviews to provide input on functional requirements, operational characteristics, product designs, and schedules.","AJAX, Active Listening, Adobe Acrobat, Adobe After Effects, Adobe Creative Cloud software, Adobe Illustrator, Adobe InDesign, Adobe Photoshop, Amazon DynamoDB, Amazon Elastic Compute Cloud EC2, Amazon Redshift, Amazon Web Services AWS CloudFormation, Amazon Web Services AWS software, Ansible software, Apache Cassandra, Apache Hadoop, Apache Hive, Apache Kafka, Apache Maven, Apache Spark, Apache Subversion SVN, Apache Tomcat, Apple Safari, Apple macOS, Atlassian Bitbucket, Atlassian Confluence, Critical Thinking, Monitoring, Programming, Reading Comprehension, Speaking, Writing"
Web Developers,"Develop and implement websites, web applications, application databases, and interactive web interfaces. Evaluate code to ensure that it is properly structured, meets industry standards, and is compatible with browsers and devices. Optimize website performance, scalability, and server-side code and processes. May develop website infrastructure and integrate websites with other computer applications.","AJAX, Active Learning, Active Listening, Adobe Acrobat, Adobe After Effects, Adobe Creative Cloud software, Adobe Illustrator, Adobe InDesign, Adobe Photoshop, Amazon DynamoDB, Amazon Elastic Compute Cloud EC2, Amazon Redshift, Amazon Web Services AWS CloudFormation, Amazon Web Services AWS software, Ansible software, Apache Cassandra, Apache Hadoop, Apache Hive, Apache Kafka, Apache Maven, Apache Spark, Apache Subversion SVN, Apache Tomcat, Apple macOS, Atlassian Bitbucket, Atlassian Confluence, Atlassian JIRA, Complex Problem Solving, Critical Thinking, Operations Analysis, Programming, Reading Comprehension"
Web and Digital Interface Designers,"Design digital user interfaces or websites. Develop and test layouts, interfaces, functionality, and navigation menus to ensure compatibility and usability across browsers or devices. May use web framework applications as well as client-side code and processes. May evaluate web design following web and accessibility standards, and may analyze web use metrics and optimize websites for marketability and search engine ranking. May design and test interfaces that facilitate the human-computer interaction and maximize the usability of digital devices, websites, and software with a focus on aesthetics and design. May create graphics used in websites and manage website content and links.","AJAX, Adobe Acrobat, Adobe After Effects, Adobe Creative Cloud software, Adobe Illustrator, Adobe InDesign, Adobe Photoshop, Amazon DynamoDB, Amazon Elastic Compute Cloud EC2, Amazon Redshift, Amazon Web Services AWS CloudFormation, Amazon Web Services AWS software, Ansible software, Apache Cassandra, Apache Hadoop, Apache Hive, Apache Kafka, Apache Maven, Apache Spark, Apache Subversion SVN, Apache Tomcat, Apple iOS, Apple macOS, Atlassian Confluence, Atlassian JIRA"
Video Game Designers,"Design core features of video games. Specify innovative game and role-play mechanics, story lines, and character biographies. Create and maintain design documentation. Guide and collaborate with production staff to produce games as designed.","Active Learning, Active Listening, Adobe After Effects, Adobe Creative Cloud software, Adobe Illustrator, Adobe Photoshop, Atlassian JIRA, C, C#, C++, Complex Problem Solving, Critical Thinking, Extensible markup language XML, Git, Hypertext markup language HTML, JavaScript, Judgment and Decision Making, Linux, Microsoft Excel, Microsoft Office software, Microsoft Outlook, Microsoft PowerPoint, Microsoft Project, Microsoft SQL Server, Microsoft Visio, Microsoft Visual Studio, Microsoft Windows, Microsoft Word, MySQL, Oracle Java, Programming, Reading Comprehension"
"Computer Occupations, All Other",All computer occupations not listed separately.,
Web Administrators,"Manage web environment design, deployment, development and maintenance activities. Perform testing and quality assurance of web sites and web applications.","AJAX, Active Listening, Adobe Acrobat, Adobe Creative Cloud software, Adobe Illustrator, Adobe InDesign, Adobe Photoshop, Amazon Web Services AWS software, Apache Tomcat, Apple Safari, Cascading style sheets CSS, Complex Problem Solving, Critical Thinking, Extensible markup language XML, Google Analytics, Hypertext markup language HTML, IBM WebSphere MQ, JavaScript, Linux, Microsoft .NET Framework, Microsoft Access, Microsoft Active Directory, Microsoft Active Server Pages ASP, Microsoft Azure software, Microsoft Excel, Microsoft Office software, Microsoft PowerPoint, Reading Comprehension, jQuery"
Geographic Information Systems Technologists and Technicians,"Assist scientists or related professionals in building, maintaining, modifying, or using geographic information systems (GIS) databases. May also perform some custom application development or provide user support.","Active Listening, Adobe Acrobat, Adobe After Effects, Adobe Creative Cloud software, Adobe Illustrator, Adobe Photoshop, Amazon Web Services AWS software, Apple iOS, Atlassian JIRA, Autodesk AutoCAD, Bentley MicroStation, Bootstrap, C, C#, C++, Cascading style sheets CSS, Critical Thinking, Docker, ESRI ArcGIS software, Extensible markup language XML, Git, GitHub, Go, Google Angular, Google Workspace software, Hypertext markup language HTML, JavaScript, Reading Comprehension, Speaking"
Document Management Specialists,"Implement and administer enterprise-wide document management systems and related procedures that allow organizations to capture, store, retrieve, share, and destroy electronic records and documents.","Active Listening, Adobe Acrobat, Adobe InDesign, Adobe Photoshop, Apache Tomcat, Autodesk AutoCAD, Complex Problem Solving, Critical Thinking, Dassault Systemes SolidWorks, Extensible markup language XML, Google Analytics, Hypertext markup language HTML, IBM DB2, IBM WebSphere MQ, Linux, Microsoft .NET Framework, Microsoft Access, Microsoft Excel, Microsoft Office software, Microsoft Outlook, Microsoft PowerPoint, Microsoft Project, Microsoft SQL Server, Microsoft SharePoint, Microsoft Visio, Microsoft Visual Basic, Microsoft Windows, Microsoft Word, Monitoring, Reading Comprehension, Systems Analysis, Writing"
Penetration Testers,Evaluate network system security by conducting simulated internal and external cyberattacks using adversary tools and techniques. Attempt to breach and exploit critical systems and gain access to sensitive information to assess system security.,"Amazon Web Services AWS software, Ansible software, Apple iOS, Apple macOS, Bash, C, C#, C++, Docker, GitHub, Go, Google Android, IBM Terraform, JavaScript, Kubernetes, Linux, Microsoft Active Directory, Microsoft Active Server Pages ASP, Microsoft Azure software, Microsoft Excel, Microsoft Office software, Microsoft PowerShell, Microsoft SQL Server, Oracle Java, Oracle Java 2 Platform Enterprise Edition J2EE"
Information Security Engineers,"Develop and oversee the implementation of information security procedures and policies. Build, maintain and upgrade security technology, such as firewalls, for the safe use of computer networks and the transmission and retrieval of information. Design and implement appropriate security controls to identify vulnerabilities and protect digital files and electronic infrastructures. Monitor and respond to computer security breaches, viruses, and intrusions, and perform forensic investigation. May oversee the assessment of information security systems.","Active Listening, Amazon Web Services AWS CloudFormation, Amazon Web Services AWS software, Ansible software, Apple iOS, Apple macOS, Atlassian Confluence, Atlassian JIRA, Bash, Border Gateway Protocol BGP, C, C#, C++, Chef, Critical Thinking, Docker, Elasticsearch, Git, GitHub, Go, IBM DB2, IBM Terraform, JavaScript, JavaScript Object Notation JSON, Jenkins CI, Kubernetes, Linux, Monitoring, Reading Comprehension, Speaking, Writing"
Digital Forensics Analysts,"Conduct investigations on computer-based crimes establishing documentary or physical evidence, such as digital media and logs associated with cyber intrusion incidents. Analyze digital evidence and investigate computer security incidents to derive information in support of system and network vulnerability mitigation. Preserve and present computer-related evidence in support of criminal, fraud, counterintelligence, or law enforcement investigations.","Amazon Web Services AWS software, Ansible software, Apple iOS, Apple macOS, Bash, Border Gateway Protocol BGP, C, C#, C++, Extensible markup language XML, Go, Google Workspace software, Hypertext markup language HTML, IBM Terraform, JavaScript, Kubernetes, Linux, Microsoft Access, Microsoft Active Directory, Microsoft Azure software, Microsoft Excel, Microsoft Office software, Microsoft PowerPoint, Microsoft PowerShell, Microsoft Windows"
Blockchain Engineers,"Maintain and support distributed and decentralized blockchain-based networks or block-chain applications such as cryptocurrency exchange, payment processing, document sharing, and digital voting. Design and deploy secure block-chain design patterns and solutions over geographically distributed networks using advanced technologies. May assist with infrastructure setup and testing for application transparency and security.","Amazon Web Services AWS CloudFormation, Amazon Web Services AWS software, Ansible software, Apache Kafka, Atlassian Confluence, Atlassian JIRA, C, C#, C++, Docker, Git, GitHub, Go, Google Angular, Grafana Labs Grafana Cloud, IBM Terraform, JavaScript, Jenkins CI, Kubernetes, Linux, Microsoft Azure software, MongoDB, MySQL, NoSQL, Node.js"
Computer Systems Engineers/Architects,"Design and develop solutions to complex applications problems, system administration issues, or network concerns. Perform systems management and integration functions.","AJAX, Active Learning, Active Listening, Adobe Acrobat, Adobe Creative Cloud software, Adobe Photoshop, Amazon DynamoDB, Amazon Elastic Compute Cloud EC2, Amazon Redshift, Amazon Web Services AWS CloudFormation, Amazon Web Services AWS software, Ansible software, Apache Airflow, Apache Cassandra, Apache Hadoop, Apache Hive, Apache Kafka, Apache Maven, Apache Spark, Apache Subversion SVN, Apache Tomcat, Apple macOS, Atlassian Bitbucket, Atlassian Confluence, Atlassian JIRA, Autodesk AutoCAD, Autodesk Revit, Complex Problem Solving, Critical Thinking, Monitoring, Operations Analysis, Programming, Reading Comprehension, Speaking, Systems Analysis, Systems Evaluation, Writing"
Information Technology Project Managers,"Plan, initiate, and manage information technology (IT) projects. Lead and guide the work of technical staff. Serve as liaison between business and technical aspects of projects. Plan project stages and assess business implications for each stage. Monitor progress to assure deadlines, standards, and cost targets are met.","AJAX, Active Listening, Adobe Acrobat, Adobe Creative Cloud software, Adobe Illustrator, Adobe InDesign, Adobe Photoshop, Amazon DynamoDB, Amazon Elastic Compute Cloud EC2, Amazon Redshift, Amazon Web Services AWS software, Ansible software, Apache Cassandra, Apache Hadoop, Apache Hive, Apache Kafka, Apache Maven, Apache Spark, Apache Subversion SVN, Apache Tomcat, Apple macOS, Atlassian Confluence, Atlassian JIRA, Autodesk AutoCAD, Autodesk Revit, Bash, Coordination, Critical Thinking, Judgment and Decision Making, Management of Personnel Resources, Monitoring, Reading Comprehension, Speaking, Systems Analysis, Systems Evaluation, Time Management, Writing"
Actuaries,"Analyze statistical data, such as mortality, accident, sickness, disability, and retirement rates and construct probability tables to forecast risk and liability for payment of future benefits. May ascertain insurance rates required and cash reserves necessary to ensure payment of future benefits.","ARMON Technologies XLActuary, Active Listening, Appraisal software, C++, Cash flow software, Complex Problem Solving, Compliance testing software, Critical Thinking, IBM SPSS Statistics, Judgment and Decision Making, Mathematics, Microsoft Access, Microsoft Excel, Microsoft Office software, Microsoft Power BI, Microsoft PowerPoint, Microsoft Project, Microsoft SQL Server, Microsoft Visio, Microsoft Visual Basic, Microsoft Visual Basic for Applications VBA, Microsoft Word, Oracle Database, Oracle Java, Python, R, Reading Comprehension, SAS, Speaking, Structured query language SQL, Systems Analysis, Systems Evaluation, Tableau, Writing, dBASE Plus"
Mathematicians,"Conduct research in fundamental mathematics or in application of mathematical techniques to science, management, and other fields. Solve problems in various fields using mathematical methods.","Active Learning, Adobe Photoshop, Apple macOS, Atlassian JIRA, Bash, C, C#, C++, Cascading style sheets CSS, Complex Problem Solving, Critical Thinking, Extensible markup language XML, Hypertext markup language HTML, IBM SPSS Statistics, JavaScript, Judgment and Decision Making, Linux, Mathematics, Microsoft Access, Microsoft Excel, Microsoft Office software, Microsoft Outlook, Microsoft PowerPoint, Microsoft Visual Basic, Microsoft Visual Studio, Microsoft Windows, Microsoft Word, MySQL, Oracle Java, Perl, Reading Comprehension, Science, Writing"
Operations Research Analysts,"Formulate and apply mathematical modeling and other optimizing methods to develop and interpret information that assists management with decisionmaking, policy formulation, or other managerial functions. May collect and analyze data and develop decision support software, services, or products. May develop and supply optimal time, cost, or logistics networks for program evaluation, review, or implementation.","Active Learning, Active Listening, Amazon Redshift, Apache Hadoop, Apache Hive, Apple macOS, Bash, C, C++, Complex Problem Solving, Critical Thinking, ESRI ArcGIS software, Extensible markup language XML, GitHub, Google Docs, IBM SPSS Statistics, Judgment and Decision Making, Linux, Marketo Marketing Automation, Mathematics, Microsoft Access, Microsoft Excel, Microsoft Office software, Microsoft Outlook, Microsoft Power BI, Microsoft PowerPoint, Microsoft Project, Microsoft SQL Server, Microsoft SQL Server Reporting Services SSRS, Microsoft SharePoint, Microsoft Visio, Operations Analysis, Reading Comprehension, Speaking, Systems Analysis, Systems Evaluation, Writing"
Statisticians,"Develop or apply mathematical or statistical theory and methods to collect, organize, interpret, and summarize numerical data to provide usable information. May specialize in fields such as biostatistics, agricultural statistics, business statistics, or economic statistics. Includes mathematical and survey statisticians.","Active Learning, Active Listening, Amazon Redshift, Amazon Web Services AWS software, Apache Hadoop, Apache Spark, C++, Complex Problem Solving, Critical Thinking, Extensible markup language XML, IBM DB2, IBM SPSS Statistics, Linux, Mathematics, Microsoft Access, Microsoft Excel, Microsoft Office software, Microsoft PowerPoint, Microsoft SQL Server, Microsoft Visual Basic, Microsoft Visual Basic for Applications VBA, Microsoft Word, Python, R, Reading Comprehension, SAP software, SAS, Science, Speaking, Structured query language SQL, Tableau, Teradata Database, The MathWorks MATLAB, Writing"
Biostatisticians,Develop and apply biostatistical theory and methods to the study of life sciences.,"Active Learning, Active Listening, Bash, C#, C++, Complex Problem Solving, Critical Thinking, Extensible markup language XML, Git, IBM SPSS Statistics, JavaScript, Judgment and Decision Making, Linux, Mathematics, Microsoft Access, Microsoft Excel, Microsoft Office software, Microsoft PowerPoint, Microsoft SQL Server, Microsoft Visual Studio, Microsoft Windows, Microsoft Word, MySQL, Oracle Database, Oracle Java, PHP, Perl, Python, R, Reading Comprehension, SAP software, SAS, Science, Speaking, Writing"
Data Scientists,"Develop and implement a set of techniques or analytics applications to transform raw data into meaningful information using data-oriented programming languages and visualization software. Apply data mining, data modeling, natural language processing, and machine learning to extract and analyze information from large structured and unstructured datasets. Visualize, interpret, and report data findings. May create dynamic data reports.","Alteryx software, Amazon Elastic Compute Cloud EC2, Amazon Redshift, Amazon Web Services AWS software, Apache Airflow, Apache Cassandra, Apache Hadoop, Apache Hive, Apache Kafka, Apache Spark, Atlassian Confluence, Atlassian JIRA, Bash, C, C#, C++, Docker, Elasticsearch, Git, GitHub, Go, Google Looker Analytics, IBM SPSS Statistics, JavaScript, JavaScript Object Notation JSON"
Business Intelligence Analysts,Produce financial and market intelligence by querying data repositories and generating periodic reports. Devise methods for identifying data patterns and trends in available information sources.,"AJAX, Active Learning, Active Listening, Adobe Acrobat, Alteryx software, Amazon DynamoDB, Amazon Elastic Compute Cloud EC2, Amazon Redshift, Amazon Web Services AWS software, Apache Cassandra, Apache Hadoop, Apache Hive, Apache Kafka, Apache Spark, Apache Tomcat, Atlassian Confluence, Atlassian JIRA, Bash, C, C#, C++, Critical Thinking, Django, ESRI ArcGIS software, Eclipse IDE, Elasticsearch, Epic Systems, Extensible markup language XML, Judgment and Decision Making, Mathematics, Reading Comprehension, Speaking, Writing"
Clinical Data Managers,"Apply knowledge of health care and database management to analyze clinical data, and to identify and report trends.","5AM Glassbox Translational Research, Active Learning, Active Listening, Allscripts healthcare automation software, Autocoders, C#, C++, Citrix cloud computing software, Complex Problem Solving, Critical Thinking, Epic Systems, Extensible markup language XML, Go, IBM SPSS Statistics, MEDITECH software, Mathematics, Microsoft Access, Microsoft Excel, Microsoft Office software, Microsoft PowerPoint, Microsoft Project, Microsoft SQL Server, Microsoft SharePoint, Microsoft Visio, Microsoft Visual Basic, Microsoft Word, Monitoring, Oracle Java, Reading Comprehension, SAS, Speaking, Structured query language SQL, Teradata Database, Writing"
"Mathematical Science Occupations, All Other",All mathematical scientists not listed separately.,
Bioinformatics Technicians,"Apply principles and methods of bioinformatics to assist scientists in areas such as pharmaceuticals, medical technology, biotechnology, computational biology, proteomics, computer information science, biology and medical informatics. Apply bioinformatics tools to visualize, analyze, manipulate or interpret molecular data. May build and maintain databases for processing and analyzing genomic or other biological information.","Active Learning, Active Listening, Apache Subversion SVN, C, C++, Complex Problem Solving, Critical Thinking, Git, Hypertext markup language HTML, IBM SPSS Statistics, Jenkins CI, Judgment and Decision Making, Linux, Microsoft Access, Microsoft Excel, Microsoft Office software, Microsoft Outlook, Microsoft PowerPoint, Microsoft SQL Server, Microsoft SharePoint, Microsoft Visio, Microsoft Windows, Microsoft Word, MySQL, Oracle Database, Oracle Java, Perl, Python, R, Reading Comprehension, Ruby, Writing"
"Architects, Except Landscape and Naval","Plan and design structures, such as private residences, office buildings, theaters, factories, and other structural property.","Active Learning, Active Listening, Adobe Acrobat, Adobe Creative Cloud software, Adobe Illustrator, Adobe InDesign, Adobe Photoshop, Amazon Elastic Compute Cloud EC2, Amazon Redshift, Amazon Web Services AWS software, Apache Cassandra, Apache Hadoop, Apache Hive, Apache Maven, Autodesk AutoCAD, Autodesk AutoCAD Civil 3D, Autodesk Revit, Bentley MicroStation, Chef, Complex Problem Solving, Coordination, Critical Thinking, ESRI ArcGIS software, Intuit QuickBooks, Judgment and Decision Making, Mathematics, Microsoft Access, Microsoft Excel, Microsoft Office software, Microsoft Outlook, Microsoft PowerPoint, Microsoft PowerShell, Monitoring, Operations Analysis, Reading Comprehension, Speaking, Systems Analysis, Writing"
Landscape Architects,"Plan and design land areas for projects such as parks and other recreational facilities, airports, highways, hospitals, schools, land subdivisions, and commercial, industrial, and residential sites.","Active Learning, Active Listening, Adobe Acrobat, Adobe Creative Cloud software, Adobe FreeHand MX, Adobe Illustrator, Adobe InDesign, Adobe Photoshop, Autodesk 3ds Max, Autodesk AutoCAD, Autodesk AutoCAD Civil 3D, Autodesk Revit, Bentley MicroStation, Complex Problem Solving, Coordination, Corel CorelDraw Graphics Suite, Coyote Software DynaSCAPE Design, Critical Thinking, ESRI ArcGIS software, ESRI ArcView, Geographic information system GIS systems, Judgment and Decision Making, Lumion, Microsoft Access, Microsoft Excel, Microsoft Office software, Microsoft Outlook, Microsoft PowerPoint, Microsoft Project, Microsoft Word, Operations Analysis, Reading Comprehension, Social Perceptiveness, Speaking, Time Management, Trimble SketchUp Pro, Writing"
Cartographers and Photogrammetrists,"Research, study, and prepare maps and other spatial data in digital or graphic form for one or more purposes, such as legal, social, political, educational, and design purposes. May work with Geographic Information Systems (GIS). May design and evaluate algorithms, data structures, and user interfaces for GIS and mapping systems. May collect, analyze, and interpret geographic information provided by geodetic surveys, aerial photographs, and satellite data.","Adobe Acrobat, Adobe Creative Cloud software, Adobe Dreamweaver, Adobe Illustrator, Adobe InDesign, Adobe Photoshop, Autodesk AutoCAD, Bentley MicroStation, C, Critical Thinking, ESRI ArcGIS software, Extensible markup language XML, JavaScript Object Notation JSON, Microsoft Access, Microsoft Excel, Microsoft Office software, Microsoft Outlook, Microsoft PowerPoint, Microsoft SharePoint, Microsoft Visual Basic, Microsoft Windows, Microsoft Word, Oracle Database, Python, Reading Comprehension, SAP software, Structured query language SQL, Writing"
Surveyors,"Make exact measurements and determine property boundaries. Provide data relevant to the shape, contour, gravitation, location, elevation, or dimension of land or land features on or near the earth's surface for engineering, mapmaking, mining, land evaluation, construction, and other purposes.","Active Listening, Autodesk AutoCAD, Autodesk AutoCAD Civil 3D, Autodesk AutoCAD Land Desktop, Bentley GeoPak Bridge, Bentley MicroStation, Bentley Systems InRoads Suite, CE SURVEYOR III, CMT Incorporated CogoCAD, Cadcorp desktop GIS, Carlson SurvCADD, Carlson SurvCE, Carlson Survey, CloudWorks, Computer aided design and drafting software CADD, Coordination, Critical Thinking, Crones & Associations Project Tracker Pro, Cyclone, Data logging software, Data transfer software, Drafting software, ESRI ArcGIS software, ESRI ArcView, Geocomp Systems GeoNav, Mathematics, Microsoft Excel, Microsoft Office software, Microsoft Word, Reading Comprehension, Speaking, Writing"
Geodetic Surveyors,"Measure large areas of the Earth's surface using satellite observations, global navigation satellite systems (GNSS), light detection and ranging (LIDAR), or related sources.","Active Listening, Advanced Graphics Technology ProCogo, Amazon Web Services AWS software, Autodesk AutoCAD, Autodesk CAiCE Visual Transportation, Bentley MicroStation, C#, C++, CMT CogoCAD, Carlson Civil Suite, Carlson Simplicity Sight Survey, Complex Problem Solving, Critical Thinking, ESRI ArcGIS software, ESRI ArcView, Email software, Geo-Plus, Hypertext markup language HTML, Judgment and Decision Making, Linux, Mathematics, Microsoft Access, Microsoft Excel, Microsoft Office software, Microsoft PowerPoint, Microsoft Windows, Microsoft Word, Oracle Java, Reading Comprehension, SAP software, Structured query language SQL, Writing"
Aerospace Engineers,"Perform engineering duties in designing, constructing, and testing aircraft, missiles, and spacecraft. May conduct basic and applied research to evaluate adaptability of materials and equipment to aircraft design and manufacture. May recommend improvements in testing equipment and techniques.","Active Learning, Active Listening, Autodesk AutoCAD, C, C#, C++, Complex Problem Solving, Critical Thinking, Dassault Systemes SolidWorks, Extensible markup language XML, Judgment and Decision Making, Linux, Mathematics, Microsoft Access, Microsoft Excel, Microsoft Office software, Microsoft Outlook, Microsoft PowerPoint, Microsoft Project, Microsoft Visio, Microsoft Visual Basic, Microsoft Visual Studio, Microsoft Windows, Microsoft Word, Monitoring, Operations Analysis, Oracle Java, Perl, Python, Reading Comprehension, SAP software, Science, Shell script, Speaking, Systems Evaluation, The MathWorks MATLAB, UNIX, Writing"
Agricultural Engineers,"Apply knowledge of engineering technology and biological science to agricultural problems concerned with power and machinery, electrification, structures, soil and water conservation, and processing of agricultural products.","Active Listening, Adobe InDesign, Adobe Photoshop, Autodesk AutoCAD, Complex Problem Solving, Critical Thinking, Dassault Systemes SolidWorks, ESRI ArcView, Eagle Point LANDCADD, Judgment and Decision Making, Mathematics, Microsoft Access, Microsoft Excel, Microsoft Office software, Microsoft Outlook, Microsoft PowerPoint, Microsoft Project, Microsoft SharePoint, Microsoft Word, Oracle Database, Oracle Java, PTC Creo Parametric, PTC Pro/Pipe, Reading Comprehension, SAP software, SAS, Speaking, Supervisory control and data acquisition SCADA software, Systems Analysis, Systems Evaluation, Web browser software, Writing"
Bioengineers and Biomedical Engineers,"Apply knowledge of engineering, biology, chemistry, computer science, and biomechanical principles to the design, development, and evaluation of biological, agricultural, and health systems and products, such as artificial organs, prostheses, instrumentation, medical information systems, and health management and care delivery systems.","Active Learning, Active Listening, Adobe Illustrator, Adobe Photoshop, Autodesk AutoCAD, C, C++, Complex Problem Solving, Critical Thinking, Dassault Systemes SolidWorks, Extensible markup language XML, Hypertext markup language HTML, JavaScript, Judgment and Decision Making, Linux, Mathematics, Microsoft Access, Microsoft Azure software, Microsoft Excel, Microsoft Office software, Microsoft Outlook, Microsoft PowerPoint, Microsoft Project, Microsoft Teams, Microsoft Visio, Microsoft Visual Basic, Microsoft Windows, Microsoft Word, Monitoring, Operations Analysis, Oracle Database, Oracle Java, Python, Reading Comprehension, Science, Speaking, Systems Analysis, Systems Evaluation, Writing"
Chemical Engineers,"Design chemical plant equipment and devise processes for manufacturing chemicals and products, such as gasoline, synthetic rubber, plastics, detergents, cement, paper, and pulp, by applying principles and technology of chemistry, physics, and engineering.","Absorption process simulation software, Active Learning, Applied Flow Technology AFT Arrow, Applied Flow Technology AFT Fathom, AspenTech aspenONE, Autodesk AutoCAD, C, C++, CD-adapco STAR-CAD, Cerebro CerebroMix, ChemicaLogic SteamTab, Chempute Software ChemDraw, Chempute Software Engineer's Aide SINET, Complex Problem Solving, Critical Thinking, Dassault Systemes SolidWorks, Judgment and Decision Making, Mathematics, Microsoft Access, Microsoft Excel, Microsoft Office software, Microsoft PowerPoint, Microsoft Project, Microsoft Visio, Microsoft Visual Basic, Microsoft Word, Operations Analysis, R, Reading Comprehension, SAP software, Science, Speaking, Structured query language SQL, Systems Analysis, Systems Evaluation, The MathWorks MATLAB"
Civil Engineers,"Perform engineering duties in planning, designing, and overseeing construction and maintenance of building structures and facilities, such as roads, railroads, airports, bridges, harbors, channels, dams, irrigation projects, pipelines, power plants, and water and sewage systems.","Active Listening, Adobe Acrobat, Apache Subversion SVN, Autodesk AutoCAD, Autodesk AutoCAD Civil 3D, Autodesk Land Desktop, Autodesk Revit, Bentley MicroStation, C, Complex Problem Solving, Critical Thinking, Dassault Systemes SolidWorks, ESRI ArcGIS software, Extensible markup language XML, Mathematics, Microsoft Access, Microsoft Excel, Microsoft Office software, Microsoft Outlook, Microsoft PowerPoint, Microsoft Project, Microsoft Visual Basic, Microsoft Word, Operations Analysis, Oracle Primavera Enterprise Project Portfolio Management, Procore software, Reading Comprehension, SAP software, Science, Shell script, Speaking, Systems Analysis, The MathWorks MATLAB, Time Management, Trimble SketchUp Pro"
Transportation Engineers,"Develop plans for surface transportation projects, according to established engineering standards and state or federal construction policy. Prepare designs, specifications, or estimates for transportation facilities. Plan modifications of existing streets, highways, or freeways to improve traffic flow.","Active Listening, Autodesk AutoCAD, Autodesk AutoCAD Civil 3D, Autodesk Land Desktop, Bentley GEOPAK Civil Engineering Suite, Bentley InRoads Suite, Bentley MicroStation, Citilabs Cube, Complex Problem Solving, Computer aided design and drafting software CADD, Coordination, Critical Thinking, Cubic Synchro Studio, ESRI ArcGIS software, Judgment and Decision Making, Mathematics, McTrans Center TSIS-CORSIM, McTrans HCS+, McTrans TRANSYT-7F, Microsoft Excel, Microsoft Office software, Microsoft Outlook, Microsoft PowerPoint, Microsoft Project, Microsoft Word, OpenRoads Designer, Oracle Primavera Enterprise Project Portfolio Management, PTV Vissim, Python, Reading Comprehension, SIDRA INTERSECTION, Speaking, Structured query language SQL, Systems Analysis, Systems Evaluation, Time Management, Writing"
Water/Wastewater Engineers,"Design or oversee projects involving provision of potable water, disposal of wastewater and sewage, or prevention of flood-related damage. Prepare environmental documentation for water resources, regulatory program compliance, data management and analysis, and field work. Perform hydraulic modeling and pipeline design.","Active Listening, Autodesk AutoCAD, Autodesk AutoCAD Civil 3D, Autodesk Revit, Bash, Bentley GEOPAK Civil Engineering Suite, Bentley InRoads Suite, Bentley MicroStation, Bentley SewerCAD, Bentley StormCAD, Bentley WaterCAD, Business software applications, Complex Problem Solving, Computer aided design and drafting software CADD, Critical Thinking, ESRI ArcGIS software, Judgment and Decision Making, Mathematics, Microsoft Access, Microsoft Excel, Microsoft Office software, Microsoft Outlook, Microsoft PowerPoint, Microsoft Project, Microsoft Word, Monitoring, Mozilla Firefox, Oracle Java, Python, Reading Comprehension, SAP software, Science, Speaking, Structured query language SQL, Systems Analysis, Systems Evaluation, Time Management, Writing"
Computer Hardware Engineers,"Research, design, develop, or test computer or computer-related equipment for commercial, industrial, military, or scientific use. May supervise the manufacturing and installation of computer or computer-related equipment and components.","ASSET JTAG ScanWorks, Active Learning, Active Listening, Apache Subversion SVN, Application-specific integrated circuit ASIC logic synthesis software, Autodesk AutoCAD, Automatic test program generation ATPG, Block diagram software, Boundary scan description language BSDL, C, C++, Complex Problem Solving, Critical Thinking, Git, Judgment and Decision Making, Linux, Microsoft Access, Microsoft Excel, Microsoft Office software, Microsoft PowerPoint, Microsoft Visio, Microsoft Visual Basic, Oracle Java, Perl, Python, Reading Comprehension, SAS, Shell script, Speaking, Structured query language SQL, The MathWorks MATLAB, UNIX, Writing"
Electrical Engineers,"Research, design, develop, test, or supervise the manufacturing and installation of electrical equipment, components, or systems for commercial, industrial, military, or scientific use.","Active Learning, Active Listening, Apache Subversion SVN, Autodesk AutoCAD, Autodesk AutoCAD Civil 3D, Autodesk Revit, Bash, Bentley MicroStation, C, C#, C++, Complex Problem Solving, Critical Thinking, Dassault Systemes SolidWorks, ESRI ArcGIS software, Eclipse IDE, Linux, Microsoft Excel, Microsoft Office software, Microsoft PowerPoint, Microsoft Project, Microsoft SQL Server, Microsoft Visio, Microsoft Visual Basic, Microsoft Visual Basic for Applications VBA, Microsoft Visual Studio, Microsoft Windows, Microsoft Windows Server, Microsoft Word, Monitoring, Reading Comprehension, Speaking, Writing"
"Electronics Engineers, Except Computer","Research, design, develop, or test electronic components and systems for commercial, industrial, military, or scientific use employing knowledge of electronic theory and materials properties. Design electronic circuits and components for use in fields such as telecommunications, aerospace guidance and propulsion control, acoustics, or instruments and controls.","Active Listening, Agile Product Lifecyle Management PLM, Ansoft Simplorer, Apache Subversion SVN, Autodesk AutoCAD, C, C++, Cadence PSpice, Canu, Complex Problem Solving, Critical Thinking, Dassault Systemes CATIA, Dassault Systemes SolidWorks, ESRI ArcGIS software, Embarcadero Delphi, Extensible markup language XML, Judgment and Decision Making, Linux, Mathematics, Microsoft Excel, Microsoft Office software, Microsoft PowerPoint, Microsoft Word, Oracle Database, Oracle Java, Python, Reading Comprehension, Speaking, Structured query language SQL, Systems Analysis, The MathWorks MATLAB, Trimble SketchUp Pro, UNIX, Writing"
Radio Frequency Identification Device Specialists,Design and implement radio frequency identification device (RFID) systems used to track shipments or goods.,"Active Listening, C, C#, C++, Critical Thinking, Dassault Systemes SolidWorks, ESRI ArcGIS software, Extensible markup language XML, JUnit, Linux, Microsoft Excel, Microsoft Office software, Microsoft PowerPoint, Microsoft Project, Microsoft SQL Server, Microsoft Visio, Microsoft Visual Basic, Microsoft Visual Studio, Oracle Java, Perl, Python, Reading Comprehension, Ruby, SAP software, Selenium, Speaking, Structured query language SQL, The MathWorks MATLAB, UNIX"
Environmental Engineers,"Research, design, plan, or perform engineering duties in the prevention, control, and remediation of environmental hazards using various engineering disciplines. Work may include waste treatment, site remediation, or pollution control technology.","ANSYS simulation software, Active Learning, Active Listening, Air dispersion modeling software, Autodesk AutoCAD, Autodesk AutoCAD Civil 3D, Bentley MicroStation, Business software applications, C++, Complex Problem Solving, Computer aided design and drafting software CADD, Continuous emission management software, Coordination, Critical Thinking, DHI Water and Environment MIKE SHE, ESRI ArcGIS software, ESRI ArcView, Ecological risk assessment software, Eko, Environmental health and safety documentation software, Finite element method FEM software, Judgment and Decision Making, Microsoft Access, Microsoft Excel, Microsoft Office software, Microsoft PowerPoint, Microsoft Project, Microsoft Word, Monitoring, Python, Reading Comprehension, SAS, Speaking, The MathWorks MATLAB, Writing"
"Health and Safety Engineers, Except Mining Safety Engineers and Inspectors","Promote worksite or product safety by applying knowledge of industrial processes, mechanics, chemistry, psychology, and industrial health and safety laws. Includes industrial product safety engineers.","Active Listening, Anthropometric databases, Autodesk AutoCAD, Availability prediction modeling software, Biomechanical imaging software, Biomechanical injury risk analysis software, C++, Complex Problem Solving, Computational fluid dynamics CFD software, Critical Thinking, Design Safety Engineering Designsafe, Eclipse IDE, Electronic design automation EDA software, Judgment and Decision Making, Linux, Microsoft Access, Microsoft Active Server Pages ASP, Microsoft Excel, Microsoft Office software, Microsoft Outlook, Microsoft PowerPoint, Microsoft Project, Microsoft SharePoint, Microsoft Visio, Microsoft Visual Basic, Microsoft Word, Python, Reading Comprehension, SAP software, Speaking, Systems Analysis, Systems Evaluation, The MathWorks MATLAB, Writing"
Fire-Prevention and Protection Engineers,"Research causes of fires, determine fire protection methods, and design or recommend materials or equipment such as structural components or fire-detection equipment to assist organizations in safeguarding life and property against fire, explosion, and related hazards.","A Large Outdoor Fire plume Trajectory model Flat Terrain ALOFT-FT, ANSYS simulation software, Active Learning, Active Listening, Analysis of Smoke Control Systems ASCOS, Atria smoke management engineering tools ASMET, Autodesk AutoCAD, Autodesk Revit, Available Safe Egress Time ASET, Bentley MicroStation, Berkeley Algorithm for Breaking Window Glass in a Compartment Fire BREAK1, Building Research Establishment BRE Jasmine, CESARE Risk, Complex Problem Solving, Computational Dynamics STAR-CD, Computational fluid dynamics CFD software, Consolidated compartment fire model CCFM, Consolidated fire and smoke transport model CFAST, Critical Thinking, Crows Dynamics Simulex, Data acquisition software, Detector Actuation Quasi Steady DETACT-QS, Judgment and Decision Making, Microsoft Excel, Microsoft Office software, Microsoft PowerPoint, Microsoft Project, Microsoft Visio, Microsoft Windows, Microsoft Word, Operations Analysis, Reading Comprehension, Science, Speaking, Systems Analysis, Systems Evaluation, Writing"
Industrial Engineers,"Design, develop, test, and evaluate integrated systems for managing industrial production processes, including human work factors, quality control, inventory control, logistics and material flow, cost analysis, and production coordination.","Active Listening, Autodesk AutoCAD, Bentley MicroStation, C++, Complex Problem Solving, Critical Thinking, Dassault Systemes SolidWorks, Extensible markup language XML, GitHub, JUnit, Linux, Microsoft Access, Microsoft Excel, Microsoft Office software, Microsoft PowerPoint, Microsoft Project, Microsoft SQL Server, Microsoft SharePoint, Microsoft Visio, Microsoft Visual Basic, Microsoft Visual Basic for Applications VBA, Microsoft Visual Studio, Microsoft Word, Python, R, Reading Comprehension, SAP software, SAS, Shell script, Speaking, Writing"
Human Factors Engineers and Ergonomists,"Design objects, facilities, and environments to optimize human well-being and overall system performance, applying theory, principles, and data regarding the relationship between humans and respective technology. Investigate and analyze characteristics of human behavior and performance as it relates to the use of technology.","AJAX, Active Learning, Active Listening, Adobe Acrobat, Adobe Creative Cloud software, Adobe Illustrator, Adobe InDesign, Adobe Photoshop, Apple Safari, Atlassian JIRA, Autodesk AutoCAD, C++, Cascading style sheets CSS, Complex Problem Solving, Critical Thinking, Dassault Systemes SolidWorks, Extensible markup language XML, Hypertext markup language HTML, IBM SPSS Statistics, JavaScript, JavaScript Object Notation JSON, Judgment and Decision Making, Linux, Mathematics, Microsoft Excel, Microsoft Office software, Microsoft Outlook, Microsoft PowerPoint, Microsoft Visio, Microsoft Visual Basic, Monitoring, Reading Comprehension, Speaking, Systems Evaluation, Writing, jQuery"
Validation Engineers,"Design or plan protocols for equipment or processes to produce products meeting internal and external purity, safety, and quality requirements.","Active Listening, Amazon DynamoDB, Amazon Elastic Compute Cloud EC2, Amazon Web Services AWS CloudFormation, Amazon Web Services AWS software, Ansible software, Apache Cassandra, Apache Kafka, Apache Maven, Apache Subversion SVN, Apache Tomcat, Atlassian JIRA, Bash, C, C#, C++, Chef, Complex Problem Solving, Critical Thinking, Dassault Systemes SolidWorks, Django, Docker, Elasticsearch, Extensible markup language XML, Git, GitHub, Go, Grafana Labs Grafana Cloud, Monitoring, Reading Comprehension, Science, Speaking, Writing"
Manufacturing Engineers,"Design, integrate, or improve manufacturing systems or related processes. May work with commercial or industrial designers to refine product designs to increase producibility and decrease costs.","Active Learning, Active Listening, Autodesk AutoCAD, C, CNC Mastercam, Complex Problem Solving, Computer numerical control CNC software, Critical Thinking, Dassault Systemes CATIA, Dassault Systemes SolidWorks, Eko, FileMaker Pro, Geometric CAMWorks, IBM Notes, Judgment and Decision Making, Mathematics, Microsoft Access, Microsoft Excel, Microsoft Exchange, Microsoft Internet Explorer, Microsoft Office software, Microsoft Outlook, Microsoft PowerPoint, Microsoft Project, Microsoft SharePoint, Microsoft Visio, Microsoft Visual Basic, Microsoft Word, Monitoring, Operations Monitoring, R, Reading Comprehension, SAP software, Speaking, Systems Analysis, Systems Evaluation, Technology Design, The MathWorks MATLAB, Time Management, Troubleshooting, Writing"
Marine Engineers and Naval Architects,"Design, develop, and evaluate the operation of marine vessels, ship machinery, and related equipment, such as power supply and propulsion systems.","ANSYS AQWA, ANSYS ASAS, Active Learning, Active Listening, Adobe Acrobat, AeroHydro MultiSurf, Ansys Fluent, Autodesk Algor Simulation, Autodesk AutoCAD, Bentley STAAD, Complex Problem Solving, Creative System GHS, Critical Thinking, Dassault Systemes SolidWorks, Herbert Software Solutions HECSALV, HydroComp NavCad, IBM Lotus 1-2-3, Intergraph SmartMarine 3D, Judgment and Decision Making, MAYA Nastran, Mathematics, Microsoft Access, Microsoft Excel, Microsoft Office software, Microsoft Outlook, Microsoft PowerPoint, Microsoft Project, Microsoft Word, Operations Monitoring, Reading Comprehension, SAP software, Science, Speaking, The MathWorks MATLAB, Time Management, Writing, Zoom"
Materials Engineers,"Evaluate materials and develop machinery and processes to manufacture materials for use in products that must meet specialized design and performance specifications. Develop new uses for known materials. Includes those engineers working with composite materials or specializing in one type of material, such as graphite, metal and metal alloys, ceramics and glass, plastics and polymers, and naturally occurring materials. Includes metallurgists and metallurgical engineers, ceramic engineers, and welding engineers.","ANSYS Multiphysics, Active Listening, Autodesk AutoCAD, C++, Complex Problem Solving, Critical Thinking, Dassault Systemes CATIA, Dassault Systemes SolidWorks, Digital image correlation DIC software, Fault detection isolation and recovery FDIR software, Finite element analysis software, Formula translation/translator FORTRAN, Fused deposition modeling FDM rapid prototyping systems, Graphics software, IBM Notes, Mathematics, Microsoft Access, Microsoft Excel, Microsoft Office software, Microsoft Outlook, Microsoft PowerPoint, Microsoft SharePoint, Microsoft Visio, Microsoft Visual Basic, Microsoft Word, Oracle Database, Python, Reading Comprehension, SAP software, Science, Speaking, The MathWorks MATLAB, Writing"
Mechanical Engineers,"Perform engineering duties in planning and designing tools, engines, machines, and other mechanically functioning equipment. Oversee installation, operation, maintenance, and repair of equipment such as centralized heat, gas, water, and steam systems.","Active Learning, Active Listening, Adobe Illustrator, Autodesk AutoCAD, Autodesk AutoCAD Civil 3D, Autodesk Revit, Bentley MicroStation, C, C++, Chef, Complex Problem Solving, Critical Thinking, Dassault Systemes SolidWorks, ESRI ArcGIS software, Judgment and Decision Making, Mathematics, Microsoft Access, Microsoft Excel, Microsoft Office software, Microsoft Outlook, Microsoft PowerPoint, Microsoft Project, Microsoft SQL Server, Microsoft SharePoint, Microsoft Visio, Microsoft Visual Basic, Microsoft Visual Basic for Applications VBA, Microsoft Word, Operations Analysis, Oracle Primavera Enterprise Project Portfolio Management, Perl, Puppet, Reading Comprehension, Science"
Fuel Cell Engineers,"Design, evaluate, modify, or construct fuel cell components or systems for transportation, stationary, or portable applications.","ASPEN PLUS, Active Learning, Active Listening, Ansoft Simplorer, Ansys Fluent, Autodesk AutoCAD, C, C++, Critical Thinking, FactSage, Failure mode and effects analysis FMEA software, GE Energy GateCycle, Gaussian GaussView, Gaussian software, IBM Cloud, Judgment and Decision Making, Maplesoft Maple, MathWorks Simulink, Mathematics, Microsoft Excel, Microsoft Office software, Microsoft Outlook, Microsoft PowerPoint, Microsoft Windows, Microsoft Word, Minitab, Monitoring, National Instruments LabVIEW, Oracle Database, Python, Reading Comprehension, Science, Speaking, Systems Analysis, Systems Evaluation, The MathWorks MATLAB, Writing"
Automotive Engineers,"Develop new or improved designs for vehicle structural members, engines, transmissions, or other vehicle systems, using computer-assisted design technology. Direct building, modification, or testing of vehicle or components.","Active Listening, Adobe Photoshop, Atlassian Confluence, Atlassian JIRA, Autodesk AutoCAD, C, C#, C++, Complex Problem Solving, Coordination, Critical Thinking, Dassault Systemes SolidWorks, Extensible markup language XML, Git, JUnit, JavaScript, JavaScript Object Notation JSON, Jenkins CI, Judgment and Decision Making, Linux, Mathematics, Microsoft .NET Framework, Microsoft Excel, Microsoft Office software, Microsoft Outlook, Microsoft PowerPoint, Microsoft Project, Microsoft Visio, Microsoft Visual Studio, Microsoft Windows, Microsoft Word, Operations Analysis, Reading Comprehension, Speaking, Systems Analysis, Systems Evaluation, Writing"
"Mining and Geological Engineers, Including Mining Safety Engineers","Conduct subsurface surveys to identify the characteristics of potential land or mining development sites. May specify the ground support systems, processes, and equipment for safe, economical, and environmentally sound extraction or underground construction activities. May inspect areas for unsafe geological conditions, equipment, and working conditions. May design, implement, and coordinate mine safety programs.","Active Learning, Active Listening, Autodesk AutoCAD, Autodesk AutoCAD Civil 3D, Bentley MicroStation, Business software applications, Carlson SurvCADD, Complex Problem Solving, Computer aided design and drafting CADD software, Coordination, Critical Thinking, CyberArk, GEO-SLOPE GeoStudio, Gemcom PCBC, Gemcom Surpac, Gemcom Whittle, Geographic information system GIS systems, GijimaAst Mining Solutions International Mine2-4D, Judgment and Decision Making, Mathematics, Microsoft Access, Microsoft Excel, Microsoft Office software, Microsoft Outlook, Microsoft PowerPoint, Microsoft Project, Microsoft SharePoint, Microsoft Windows, Microsoft Word, Monitoring, MySQL, Oracle Database, Reading Comprehension, SAP software, Science, Speaking, Systems Analysis, Systems Evaluation, Writing"
Nuclear Engineers,"Conduct research on nuclear engineering projects or apply principles and theory of nuclear science to problems concerned with release, control, and use of nuclear energy and nuclear waste disposal.","ANISN dose assessment computer code, ANSYS simulation software, Active Learning, Active Listening, BERMUDA nuclear transport computer codes, C++, Complex Problem Solving, Coordination, Critical Thinking, Discrete ordinates DORT dose assessment computer codes, FOLLOW code, Formula translation/translator FORTRAN, Graphics software, INCORE code, Judgment and Decision Making, Linux, Maplesoft Maple, Mathematical simulation software, Mathematics, Mathsoft Mathcad, Microsoft Access, Microsoft Excel, Microsoft Office software, Microsoft PowerPoint, Microsoft Word, Monitoring, Operations Analysis, Operations Monitoring, Oracle Java, Python, Reading Comprehension, SAP software, SAS, Salesforce software, Science, Speaking, Systems Analysis, Systems Evaluation, The MathWorks MATLAB, Time Management, UNIX, Writing"
Petroleum Engineers,Devise methods to improve oil and gas extraction and production and determine the need for new or modified tool designs. Oversee drilling and offer technical advice.,"Active Learning, Active Listening, Autodesk AutoCAD, C#, C++, Complex Problem Solving, Computer Modelling Group CMG STARS, Coordination, Critical Thinking, DFA Capital Management GEMS, Dassault Systemes CATIA, Eclipse IDE, Google Analytics, Judgment and Decision Making, Linux, Microsoft Access, Microsoft Excel, Microsoft Office software, Microsoft Outlook, Microsoft PowerPoint, Microsoft Project, Microsoft Visio, Microsoft Visual Studio, Microsoft Word, Monitoring, Oracle Database, Oracle Java, Python, R, Reading Comprehension, SAP software, SAS, Social Perceptiveness, Speaking, Systems Analysis, Systems Evaluation, The MathWorks MATLAB, Time Management, Writing"
"Engineers, All Other",All engineers not listed separately.,
"Energy Engineers, Except Wind and Solar","Design, develop, or evaluate energy-related projects or programs to reduce energy costs or improve energy efficiency during the designing, building, or remodeling stages of construction. May specialize in electrical systems; heating, ventilation, and air-conditioning (HVAC) systems; green buildings; lighting; air quality; or energy procurement.","360 Analytics eQUEST, AIRMaster+, Active Learning, Active Listening, Architectural Energy Corporation ENFORMA Building Diagnostics, Architectural Energy Corporation VisualDOE, Autodesk AutoCAD, Autodesk Ecotect, C++, Carrier Hourly Analysis Program HAP, Chilled Water System Analysis Tool CWSAT, Combined Heat and Power Application Tool CHP, Complex Problem Solving, Cool Roof Calculator, Critical Thinking, DOE-2, DesignBuilder Software DesignBuilder, EffTec EffTrack, Judgment and Decision Making, Mathematics, Microsoft Access, Microsoft Excel, Microsoft Office software, Microsoft Outlook, Microsoft PowerPoint, Microsoft Project, Microsoft Visio, Microsoft Word, Monitoring, Python, R, Reading Comprehension, Science, Speaking, Systems Analysis, Systems Evaluation, The MathWorks MATLAB, Writing"
Mechatronics Engineers,"Research, design, develop, or test automation, intelligent systems, smart devices, or industrial systems control.","ANSYS simulation software, AVEVA InTouch HMI, Active Listening, Artisan Studio, Autodesk AutoCAD, Autodesk AutoCAD Mechanical, C, C#, C++, Complex Problem Solving, Computer assisted software engineering CASE software, Critical Thinking, Dassault Systemes CATIA, Dassault Systemes SolidWorks, Judgment and Decision Making, Linux, Microsoft Excel, Microsoft Office software, Microsoft PowerPoint, Microsoft Project, Microsoft Visio, Microsoft Visual Basic, Microsoft Windows, Microsoft Word, Oracle Java, Python, Reading Comprehension, SAP software, Speaking, Structured query language SQL, The MathWorks MATLAB, Writing"
Microsystems Engineers,"Research, design, develop, or test microelectromechanical systems (MEMS) devices.","Active Learning, Active Listening, Adobe Photoshop, Apple macOS, Autodesk AutoCAD, Bash, C, C#, C++, Complex Problem Solving, Critical Thinking, Dassault Systemes SolidWorks, Facebook, Git, JavaScript, Judgment and Decision Making, Linux, Microsoft Access, Microsoft Excel, Microsoft Office software, Microsoft Outlook, Microsoft PowerPoint, Microsoft Project, Microsoft Visual Basic, Microsoft Windows, Microsoft Windows Server, Microsoft Word, Monitoring, Oracle Java, Perl, Python, Reading Comprehension, Science, Speaking, Systems Analysis, Systems Evaluation, Time Management, Writing"
Photonics Engineers,"Design technologies specializing in light information or light energy, such as laser or fiber optics technology.","Active Learning, Active Listening, Autodesk AutoCAD, C, C#, C++, Critical Thinking, Dassault Systemes SolidWorks, ESRI ArcGIS software, Facebook, Go, Linux, Mathematics, Microsoft .NET Framework, Microsoft Excel, Microsoft Office software, Microsoft Outlook, Microsoft PowerPoint, Microsoft Visio, Microsoft Visual Basic, Microsoft Word, Oracle Java, Perl, Python, R, Reading Comprehension, SAS, Science, Shell script, Speaking, The MathWorks MATLAB, UNIX, Writing"
Robotics Engineers,"Research, design, develop, or test robotic applications.","Active Learning, Active Listening, Amazon Web Services AWS software, Atlassian JIRA, Autodesk AutoCAD, Bentley MicroStation, C, C#, C++, Complex Problem Solving, Critical Thinking, Dassault Systemes SolidWorks, Git, JavaScript, Judgment and Decision Making, Linux, Mathematics, Microsoft .NET Framework, Microsoft Excel, Microsoft Office software, Microsoft Outlook, Microsoft PowerPoint, Microsoft Project, Microsoft Visio, Microsoft Visual Basic, Microsoft Visual Studio, Microsoft Windows, Microsoft Word, Monitoring, Operations Monitoring, Oracle Database, Oracle Java, Python, Quality Control Analysis, Reading Comprehension, Systems Analysis, Time Management, Troubleshooting, Writing"
Nanosystems Engineers,"Design, develop, or supervise the production of materials, devices, or systems of unique molecular or macromolecular composition, applying principles of nanoscale physics and electrical, chemical, or biological engineering.","AWS Elastic MapReduce (EMR), Active Learning, Active Listening, Adobe FreeHand MX, Apache Hadoop, Apache MXNet, Autodesk AutoCAD, Breault Research ASAP, CP2K, CPMD, CSC Elmer, Complex Problem Solving, Critical Thinking, Dassault Systemes SolidWorks, Judgment and Decision Making, Linux, Mathematics, Microsoft Excel, Microsoft Office software, Microsoft PowerPoint, Microsoft Project, Microsoft Visio, Microsoft Windows, Microsoft Word, Monitoring, Oracle Database, Oracle Java, Python, Reading Comprehension, SAP software, Salesforce software, Science, Speaking, Structured query language SQL, Systems Analysis, Tableau, Writing"
Wind Energy Engineers,Design underground or overhead wind farm collector systems and prepare and develop site specifications.,"Amazon Web Services AWS software, Apache Subversion SVN, Autodesk AutoCAD, Bentley MicroStation, C#, C++, Critical Thinking, Dassault Systemes SolidWorks, ESRI ArcGIS software, Extensible markup language XML, Git, JUnit, Judgment and Decision Making, Linux, Mathematics, Microsoft .NET Framework, Microsoft Access, Microsoft Excel, Microsoft Office software, Microsoft Outlook, Microsoft PowerPoint, Microsoft Project, Microsoft SQL Server, Microsoft Visio, Microsoft Visual Basic, Microsoft Visual Studio, Microsoft Word, Oracle Java, Reading Comprehension"
Solar Energy Systems Engineers,"Perform site-specific engineering analysis or evaluation of energy efficiency and solar projects involving residential, commercial, or industrial customers. Design solar domestic hot water and space heating systems for new and existing structures, applying knowledge of structural energy requirements, local climates, solar technology, and thermodynamics.","Active Listening, Ansys Fluent, Autodesk AutoCAD, Autodesk Revit, Bash, C++, Complex Problem Solving, Critical Thinking, Dassault Systemes SolidWorks, Google Workspace software, JavaScript, Linux, Microsoft Access, Microsoft Excel, Microsoft Office software, Microsoft Outlook, Microsoft PowerPoint, Microsoft Project, Microsoft Visio, Microsoft Visual Basic, Microsoft Visual Basic for Applications VBA, Microsoft Word, Python, R, Reading Comprehension, Salesforce software, Speaking, Structured query language SQL, The MathWorks MATLAB, Trimble SketchUp Pro, Writing"
Architectural and Civil Drafters,"Prepare detailed drawings of architectural and structural features of buildings or drawings and topographical relief maps used in civil engineering projects, such as highways, bridges, and public works. Use knowledge of building materials, engineering practices, and mathematics to complete drawings.","Adobe Acrobat, Adobe After Effects, Adobe Creative Cloud software, Adobe Illustrator, Adobe InDesign, Adobe Photoshop, Autodesk AutoCAD, Autodesk AutoCAD Civil 3D, Autodesk Revit, Bentley MicroStation, C, Complex Problem Solving, Dassault Systemes SolidWorks, ESRI ArcGIS software, Extensible markup language XML, Microsoft .NET Framework, Microsoft Access, Microsoft Excel, Microsoft Office software, Microsoft Outlook, Microsoft PowerPoint, Microsoft Project, Microsoft Visio, Microsoft Windows, Microsoft Word, Reading Comprehension, SAP software, Systems Analysis"
Electrical and Electronics Drafters,"Prepare wiring diagrams, circuit board assembly diagrams, and layout drawings used for the manufacture, installation, or repair of electrical equipment.","1CadCam Unigraphics, Active Listening, Adobe Illustrator, Autodesk AutoCAD, Autodesk Navisworks, Autodesk Revit, Aveva Group Plant Design Management System PDMS, Bentley MicroStation, C, C++, Critical Thinking, Dassault Systemes SolidWorks, Judgment and Decision Making, Linux, Microsoft Access, Microsoft Excel, Microsoft Office software, Microsoft Outlook, Microsoft PowerPoint, Microsoft Project, Microsoft SharePoint, Microsoft Visio, Microsoft Word, Perl, Python, SAP software, The MathWorks MATLAB, UNIX, Writing"
Mechanical Drafters,"Prepare detailed working diagrams of machinery and mechanical devices, including dimensions, fastening methods, and other engineering information.","1CadCam Unigraphics, Adobe After Effects, Adobe LiveMotion, Autodesk AutoCAD, Autodesk AutoCAD Civil 3D, Autodesk Inventor, Autodesk Mechanical, Autodesk Navisworks, Autodesk Revit, Bentley MicroStation, Bentley Navigator, Bill of materials software, Computer aided design and drafting CADD software, Dassault Systemes SolidWorks, ESRI ArcGIS software, Extensible markup language XML, Microsoft Access, Microsoft Excel, Microsoft Office software, Microsoft Outlook, Microsoft PowerPoint, Microsoft Project, Microsoft Word, SAP software, Trimble SketchUp Pro"
"Drafters, All Other",All drafters not listed separately.,
Aerospace Engineering and Operations Technologists and Technicians,"Operate, install, adjust, and maintain integrated computer/communications systems, consoles, simulators, and other data acquisition, test, and measurement instruments and equipment, which are used to launch, track, position, and evaluate air and space vehicles. May record and interpret test data.","Active Listening, Apache Hadoop, Atlassian JIRA, Autodesk AutoCAD, C++, Complex Problem Solving, Critical Thinking, Dassault Systemes SolidWorks, Extensible markup language XML, JUnit, JavaScript, Linux, Microsoft Access, Microsoft Excel, Microsoft Office software, Microsoft Outlook, Microsoft PowerPoint, Microsoft Project, Microsoft SQL Server, Microsoft SharePoint, Microsoft Visio, Microsoft Word, Operations Monitoring, Oracle Database, Oracle Java, Python, Quality Control Analysis, Reading Comprehension, Red Hat Enterprise Linux, SAP software, Selenium, Speaking"
Civil Engineering Technologists and Technicians,"Apply theory and principles of civil engineering in planning, designing, and overseeing construction and maintenance of structures and facilities under the direction of engineering staff or physical scientists.","Active Listening, Autodesk AutoCAD, Autodesk AutoCAD Civil 3D, Autodesk Land Desktop, Autodesk Revit, Bentley MicroStation, Bentley Systems InRoads Suite, Computer aided design and drafting software CADD, Coordinate geometry COGO software, Critical Thinking, Digital terrain modeling software, ESRI ArcGIS software, Email software, Geographic information system GIS software, Geographic information system GIS systems, Graphics software, IBM Notes, Mathematics, Microsoft Excel, Microsoft Office software, Microsoft Outlook, Microsoft PowerPoint, Microsoft Visual Basic, Microsoft Word, National Instruments LabVIEW, Reading Comprehension, SAP software, Web browser software"
Electrical and Electronic Engineering Technologists and Technicians,"Apply electrical and electronic theory and related knowledge, usually under the direction of engineering staff, to design, build, repair, adjust, and modify electrical components, circuitry, controls, and machinery for subsequent evaluation and use by engineering staff in making engineering design decisions.","Active Listening, Adobe Acrobat, Autodesk AutoCAD, Autodesk Revit, Bentley MicroStation, C, C++, Critical Thinking, Dassault Systemes SolidWorks, Eclipse IDE, JavaScript, Linux, Microsoft Access, Microsoft Excel, Microsoft Office software, Microsoft Outlook, Microsoft PowerPoint, Microsoft Project, Microsoft Visual Basic, Microsoft Windows, Microsoft Word, Oracle Database, Oracle Primavera Enterprise Project Portfolio Management, Python, Reading Comprehension, Repairing, SAP software, The MathWorks MATLAB, Troubleshooting, UNIX"
Electro-Mechanical and Mechatronics Technologists and Technicians,"Operate, test, maintain, or adjust unmanned, automated, servomechanical, or electromechanical equipment. May operate unmanned submarines, aircraft, or other equipment to observe or record visual information at sites such as oil rigs, crop fields, buildings, or for similar infrastructure, deep ocean exploration, or hazardous waste removal. May assist engineers in testing and designing robotics equipment.","Airdata, Autodesk AutoCAD, Autodesk Inventor, Automation Studio, C++, Circuit simulation software, CloudCompare, Computerized maintenance management system CMMS, Critical Thinking, Dassault Systemes SolidWorks, ESRI ArcGIS software, Human machine interface HMI software, Laser imaging detection and ranging LIDAR system, Linux, Litchi, Manufacturing resource planning MRP software, Microsoft Access, Microsoft Excel, Microsoft Office software, Microsoft Outlook, Microsoft PowerPoint, Microsoft Word, Monitoring, Operation and Control, Operations Monitoring, Python, Quality Control Analysis, Repairing, SAP software, The MathWorks MATLAB, Troubleshooting, UNIX"
Robotics Technicians,"Build, install, test, or maintain robotic equipment or related automated production systems.","ABB RobotStudio, Active Listening, Ada, Analytical software, Autodesk AutoCAD, Bentley MicroStation, C, C#, C++, Complex Problem Solving, Critical Thinking, Dassault Systemes SolidWorks, Equipment Maintenance, Git, JavaScript, Linux, Microsoft Excel, Microsoft Office software, Microsoft Outlook, Microsoft PowerPoint, Microsoft Project, Microsoft Windows, Microsoft Word, Operations Monitoring, Oracle Java, Python, Quality Control Analysis, Reading Comprehension, Repairing, SAP software, Structured query language SQL, The MathWorks MATLAB, Troubleshooting, UNIX"
Environmental Engineering Technologists and Technicians,"Apply theory and principles of environmental engineering to modify, test, and operate equipment and devices used in the prevention, control, and remediation of environmental problems, including waste treatment and site remediation, under the direction of engineering staff or scientists. May assist in the development of environmental remediation devices.","ANSYS simulation software, Active Learning, Active Listening, Adobe PageMaker, Air dispersion modeling software, Autodesk AutoCAD, Autodesk AutoCAD Civil 3D, Bentley MicroStation, C++, Computer aided design and drafting CADD software, Continuous emission management software, Critical Thinking, DHI Water and Environment MIKE SHE, Database software, ESRI ArcGIS software, Ecological risk assessment software, Email software, Environmental health and safety documentation software, Formula translation/translator FORTRAN, Microsoft Access, Microsoft Excel, Microsoft Office software, Microsoft Outlook, Microsoft PowerPoint, Microsoft Word, Python, Reading Comprehension, SAS, The MathWorks MATLAB"
Industrial Engineering Technologists and Technicians,"Apply engineering theory and principles to problems of industrial layout or manufacturing production, usually under the direction of engineering staff. May perform time and motion studies on worker operations in a variety of industries for purposes such as establishing standard production rates or improving efficiency.","ABB CPM4Metals, Active Listening, Advanced Dimensional Management 3D-GD&T, Artificial intelligence software, Autodesk AutoCAD, Bentley MicroStation, C, C++, Complex Problem Solving, Critical Thinking, Dassault Systemes SolidWorks, Extensible markup language XML, IBM SPSS Statistics, Microsoft Access, Microsoft Excel, Microsoft Office software, Microsoft Outlook, Microsoft PowerPoint, Microsoft Project, Microsoft SharePoint, Microsoft Visio, Microsoft Visual Basic, Microsoft Visual Studio, Microsoft Windows, Microsoft Word, Reading Comprehension, SAP software, The MathWorks MATLAB, UNIX"
Nanotechnology Engineering Technologists and Technicians,"Implement production processes and operate commercial-scale production equipment to produce, test, or modify materials, devices, or systems of unique molecular or macromolecular composition. Operate advanced microscopy equipment to manipulate nanoscale objects. Work under the supervision of nanoengineering staff.","Active Listening, Complex Problem Solving, Critical Thinking, Image analysis software, Microsoft Access, Microsoft Excel, Microsoft Office software, Microsoft PowerPoint, Microsoft Windows, Microsoft Word, Operations Monitoring, Optical imaging systems, Reading Comprehension, SPMLab, Science, Simulation software, Systems Analysis, Troubleshooting, Writing"
Mechanical Engineering Technologists and Technicians,"Apply theory and principles of mechanical engineering to modify, develop, test, or adjust machinery and equipment under direction of engineering staff or physical scientists.","ANSYS Mechanical, ANSYS simulation software, Active Listening, Ansys Fluent, Autodesk AutoCAD, Autodesk AutoCAD Mechanical, Autodesk Inventor, Autodesk Revit, Bentley MicroStation, C++, CNC Mastercam, Complex Problem Solving, Computerized numerical control CNC programming software, Corel WordPerfect Office Suite, Critical Thinking, Dassault Systemes CATIA, Dassault Systemes SolidWorks, Microsoft Access, Microsoft Excel, Microsoft Office software, Microsoft Outlook, Microsoft PowerPoint, Microsoft Project, Microsoft SharePoint, Microsoft Visual Basic, Microsoft Word, Operations Monitoring, Reading Comprehension, SAP software, Speaking, The MathWorks MATLAB, Writing"
Automotive Engineering Technicians,"Assist engineers in determining the practicality of proposed product design changes and plan and carry out tests on experimental test devices or equipment for performance, durability, or efficiency.","A&D Technology iTest, Autodesk AutoCAD Mechanical, Autodesk Inventor, Critical Thinking, Data acquisition software, IBM Notes, Microsoft Excel, Microsoft Office software, Microsoft Word, National Instruments LabVIEW, PTC Creo Parametric, Reading Comprehension, SAP software, Speaking"
Calibration Technologists and Technicians,"Execute or adapt procedures and techniques for calibrating measurement devices, by applying knowledge of measurement science, mathematics, physics, chemistry, and electronics, sometimes under the direction of engineering staff. Determine measurement standard suitability for calibrating measurement devices. May perform preventive maintenance on equipment. May perform corrective actions to address identified calibration problems.","Apple macOS, Autodesk AutoCAD, Autodesk AutoCAD Civil 3D, Bentley MicroStation, Dassault Systemes SolidWorks, Linux, MathWorks Simulink, Microsoft Excel, Microsoft Office software, Microsoft Outlook, Microsoft PowerPoint, Microsoft Project, Microsoft Word, Minitab, National Instruments LabVIEW, The MathWorks MATLAB"
"Engineering Technologists and Technicians, Except Drafters, All Other","All engineering technologists and technicians, except drafters, not listed separately.",
Non-Destructive Testing Specialists,"Test the safety of structures, vehicles, or vessels using x-ray, ultrasound, fiber optic or related equipment.","Active Listening, Autodesk AutoCAD, Critical Thinking, Dassault Systemes CATIA, Fractal Concept SoftScan, GE Sensing & Inspection Technologies Rhythm UT, Geographic information system GIS systems, IBM Notes, Microsoft Access, Microsoft Excel, Microsoft Office software, Microsoft Outlook, Microsoft PowerPoint, Microsoft Project, Microsoft Word, National Instruments DAQ Assistant, National Instruments LabVIEW, National Instruments NI Motion Assistant, National Instruments NI Vision Builder for Automated Inspection AI, Quality Control Analysis, Reading Comprehension, SAP software, Visualization Sciences Group VSG Avizo Fire, Visualization Sciences Group VSG Open Inventor"
Photonics Technicians,"Build, install, test, or maintain optical or fiber optic equipment, such as lasers, lenses, or mirrors, using spectrometers, interferometers, or related equipment.","Autodesk AutoCAD, Dassault Systemes SolidWorks, Data acquisition software, Database software, Facebook, Image processing software, Microsoft Access, Microsoft Excel, Microsoft Office software, Microsoft PowerPoint, Microsoft Word, National Instruments LabVIEW, Reading Comprehension, SAP software, Statistical analysis software, The MathWorks MATLAB, Web browser software, ZEMAX Optical Design Program"
Surveying and Mapping Technicians,"Perform surveying and mapping duties, usually under the direction of an engineer, surveyor, cartographer, or photogrammetrist, to obtain data used for construction, mapmaking, boundary location, mining, or other purposes. May calculate mapmaking information and create maps from source data, such as surveying notes, aerial photography, satellite data, or other maps to show topographical features, political boundaries, and other features. May verify accuracy and completeness of maps.","3D Nature LLC Visual Nature Studio, 3D Nature LLC World Construction Set, Adobe Acrobat Writer, Adobe FreeHand MX, Adobe Illustrator, Adobe Photoshop, Autodesk 3d Studio Viz, Autodesk AutoCAD, Autodesk AutoCAD Civil 3D, Bentley MicroStation, ESRI ArcGIS software, Hypertext markup language HTML, JavaScript, Microsoft Access, Microsoft Excel, Microsoft Office software, Microsoft Outlook, Microsoft PowerPoint, Microsoft SharePoint, Microsoft Visio, Microsoft Visual Basic, Microsoft Visual Basic for Applications VBA, Microsoft Word, Python, Reading Comprehension, Structured query language SQL"
Animal Scientists,"Conduct research in the genetics, nutrition, reproduction, growth, and development of domestic farm animals.","Active Learning, Active Listening, Autodesk AutoCAD, Best Linear Unbiased Prediction BLUP, COWGAME, Complex Problem Solving, Cowculator, Critical Thinking, DAGRIS, Database software, Deoxyribonucleic acid DNA sequence analysis software, Domestic Animal Diversity Information Service DAD-IS, ESRI ArcGIS software, Email software, FEEDLOT CALC, Judgment and Decision Making, Master Ration Calculator, Microsoft Access, Microsoft Excel, Microsoft Office software, Microsoft PowerPoint, Microsoft Word, Monitoring, Nutrition Balance Analyzer NUTBAL, Online Mendelian Inheritance in Animals OMIA, Oracle HRIS, Oracle PeopleSoft, Reading Comprehension, SAS, Science, Speaking, Structured query language SQL, Systems Analysis, Tableau, VSNi ASReml, Writing"
Food Scientists and Technologists,"Use chemistry, microbiology, engineering, and other sciences to study the principles underlying the processing and deterioration of foods; analyze food content to determine levels of vitamins, fat, sugar, and protein; discover new food sources; research ways to make processed foods safe, palatable, and healthful; and apply food science knowledge to determine best ways to process, package, preserve, store, and distribute food.","Active Learning, Active Listening, BioDiscovery ImaGene, Complex Problem Solving, Critical Thinking, HubSpot software, Hypertext markup language HTML, Image analysis software, Insightful S-PLUS, Judgment and Decision Making, MDS Analytical Technologies GenePix Pro, Marketo Marketing Automation, Microsoft Access, Microsoft Excel, Microsoft Office software, Microsoft Outlook, Microsoft PowerPoint, Microsoft Word, Monitoring, Oracle Eloqua, PathogenTracker, R, Reading Comprehension, SAP software, STATISTICA, Science, Sensory Computer Systems SIMS, Speaking, Structured query language SQL, Systems Analysis, Systems Evaluation, Tableau, U.S. Department of Agriculture USDA National Nutrient Database, Writing"
Soil and Plant Scientists,"Conduct research in breeding, physiology, production, yield, and management of crops and agricultural plants or trees, shrubs, and nursery stock, their growth in soils, and control of pests; or study the chemical, physical, biological, and mineralogical composition of soils as they relate to plant or crop growth. May classify and map soils and investigate effects of alternative practices on soil and crop productivity.","3dMapper, Active Learning, Active Listening, Autodesk AutoCAD, Complex Problem Solving, Critical Thinking, ESRI ArcGIS software, Erosion Productivity Impact Calculator EPIC, European Soil Erosion Model EUROSEM, GAEA Technologies WinSieve, GEOEAS, GSLIB, Geographic information system GIS software, Geographic information system GIS systems, Gstat, IBM SPSS Statistics, Judgment and Decision Making, LandSerf, Leica Geosystems ERDAS IMAGINE, Microsoft Access, Microsoft Active Server Pages ASP, Microsoft Excel, Microsoft Office software, Microsoft PowerPoint, Microsoft Word, National Resources Conservation Service NRCS PEDON Description Program PDP, National Resources Conservation Service NRCS Soils Explorer, National Soil Information System NASIS, R, Reading Comprehension, SAS, Science, Speaking, Systems Analysis, Systems Evaluation, Writing"
Biochemists and Biophysicists,"Study the chemical composition or physical principles of living cells and organisms, their electrical and mechanical energy, and related phenomena. May conduct research to further understanding of the complex chemical combinations and reactions involved in metabolism, reproduction, growth, and heredity. May determine the effects of foods, drugs, serums, hormones, and other substances on tissues and vital processes of living organisms.","3D graphics software, Accelrys Cerius2, Accelrys FELIX, Accelrys Insight II, Accelrys QAUNTA, Active Learning, Active Listening, Adobe Photoshop, Analysis and building software, Assisted model building with energy refinement AMBER, AutoQuant AutoDeblur, Basic Local Alignment Search Tool BLAST, Complex Problem Solving, Critical Thinking, Extensible markup language XML, IBM SPSS Statistics, Instructing, Judgment and Decision Making, Learning Strategies, Linux, Mathematics, Microsoft Excel, Microsoft Office software, Microsoft Outlook, Microsoft PowerPoint, Microsoft Visio, Microsoft Word, Monitoring, Perl, Python, R, Reading Comprehension, SAP software, SAS, Science, Speaking, The MathWorks MATLAB, Writing"
Microbiologists,"Investigate the growth, structure, development, and other characteristics of microscopic organisms, such as bacteria, algae, or fungi. Includes medical microbiologists who study the relationship between organisms and disease or the effects of antibiotics on microorganisms.","Active Learning, Active Listening, Assistant Software for Antimicrobial Susceptibility Interpretation ASASI, BD Biosciences CellQuest, BD Biosciences CloneCyt, Basic Local Alignment Search Tool BLAST, Bruker Optics OPUS, BtB Software Mycobacteriology Lab, Codon Usage Database, ComBase, Complex Problem Solving, Computer Service & Support CLS-2000 Laboratory System, Computing Solutions LabSoft LIMS Micro, Critical Thinking, DM2 Bills of Lading, Database management software, Email software, FindTarget, FramePlot, Gene Finder, Gene recognition software, Judgment and Decision Making, Learning Strategies, Microsoft Access, Microsoft Excel, Microsoft Office software, Microsoft Outlook, Microsoft PowerPoint, Microsoft Windows, Microsoft Word, Monitoring, Reading Comprehension, SAP software, Science, Speaking, Writing"
Zoologists and Wildlife Biologists,"Study the origins, behavior, diseases, genetics, and life processes of animals and wildlife. May specialize in wildlife research and management. May collect and analyze biological data to determine the environmental effects of present and potential use of land and water habitats.","Active Learning, Active Listening, Complex Problem Solving, Computer modeling software, Coordination, Corel WordPerfect Office Suite, Critical Thinking, Database management software, ESRI ArcGIS software, ESRI ArcView, Email software, Geographic information system GIS software, Geographic information system GIS systems, Global positioning system GPS software, HATPRO, IBM Lotus 1-2-3, Judgment and Decision Making, Microsoft Access, Microsoft Active Server Pages ASP, Microsoft Excel, Microsoft Office software, Microsoft Outlook, Microsoft PowerPoint, Microsoft Project, Microsoft Word, Python, R, Reading Comprehension, Relational database software, SAS, Salesforce software, Science, Speaking, Statistical software, Writing"
"Biological Scientists, All Other",All biological scientists not listed separately.,
Bioinformatics Scientists,"Conduct research using bioinformatics theory and methods in areas such as pharmaceuticals, medical technology, biotechnology, computational biology, proteomics, computer information science, biology and medical informatics. May design databases and develop algorithms for processing and analyzing genomic information, or other biological information.","Active Learning, Active Listening, Amazon Web Services AWS software, Apache Hadoop, Bash, C, C#, C++, Complex Problem Solving, Critical Thinking, Django, Docker, Extensible markup language XML, Git, GitHub, Hypertext markup language HTML, IBM SPSS Statistics, JavaScript, JavaScript Object Notation JSON, Judgment and Decision Making, Linux, Mathematics, Microsoft Access, Microsoft Active Server Pages ASP, Microsoft Azure software, Microsoft Excel, Microsoft Office software, Microsoft PowerPoint, Microsoft SQL Server, Microsoft SharePoint, Reading Comprehension, Science, Speaking, Writing, jQuery"
Molecular and Cellular Biologists,Research and study cellular molecules and organelles to understand cell function and organization.,"AcaClone pDRAW32, Active Learning, Active Listening, Adobe Illustrator, Agilent CGH Analytics, Agilent Technologies GeneSpring GX, Basic Local Alignment Search Tool BLAST, Blast Output Browser BOB, C++, CRI-MAP, ClustalW, Complex Problem Solving, Corel CorelDraw Graphics Suite, Corel WordPerfect Office Suite, Critical Thinking, Delila, Deoxyribonucleic acid DNA libraries, EnzymeX, FASTA, FASTLINK, Git, Instructing, Judgment and Decision Making, Learning Strategies, Mathematics, Microsoft Access, Microsoft Excel, Microsoft Office software, Microsoft PowerPoint, Microsoft Word, Monitoring, Python, R, Reading Comprehension, Science, Speaking, The MathWorks MATLAB, Writing"
Geneticists,"Research and study the inheritance of traits at the molecular, organism or population level. May evaluate or treat patients with genetic disorders.","Active Learning, Active Listening, Basic Local Alignment Search Tool BLAST, Bioinformatics databases, C++, ClustalW, Complex Problem Solving, Critical Thinking, Database software, Deoxyribonucleic acid DNA sequence analysis software, Email software, Formula translation/translator FORTRAN, Git, GitHub, Golden Helix HelixTree, HapMap, Instructing, Judgment and Decision Making, Learning Strategies, Linux, Mathematics, Microsoft Access, Microsoft Excel, Microsoft Office software, Microsoft PowerPoint, Microsoft Word, Monitoring, Oracle Java, Perl, Python, R, Reading Comprehension, SAS, Science, Social Perceptiveness, Speaking, Structured query language SQL, Systems Analysis, UNIX, Writing"
Biologists,"Research or study basic principles of plant and animal life, such as origin, relationship, development, anatomy, and functions.","Active Learning, Active Listening, Adobe Photoshop, Agilent Technologies GeneSpring GX, BLAT, Basic Local Alignment Search Tool BLAST, BioKin PlateKi, Blue Tractor Software DNADynamo, C++, CUBIC, Complex Problem Solving, Critical Thinking, Deoxyribonucleic acid DNA sequence analysis software, EMBOSS, ESRI ArcGIS software, IBM SPSS Statistics, Judgment and Decision Making, Linux, Mathematics, Microsoft Access, Microsoft Excel, Microsoft Office software, Microsoft PowerPoint, Microsoft Word, Oracle Java, Perl, Python, R, Reading Comprehension, Science, Speaking, Structured query language SQL, The MathWorks MATLAB, UNIX, Writing"
Conservation Scientists,"Manage, improve, and protect natural resources to maximize their use without damaging the environment. May conduct soil surveys and develop plans to eliminate soil erosion or to protect rangelands. May instruct farmers, agricultural production managers, or ranchers in best ways to use crop rotation, contour plowing, or terracing to conserve soil and water; in the number and kind of livestock and forage plants best suited to particular ranges; and in range and farm improvements, such as fencing and reservoirs for stock watering.","Active Listening, Adobe Acrobat, Autodesk AutoCAD, Autodesk Maya, Clover Technology GALENA, Complex Problem Solving, Critical Thinking, CroPMan, CropSyst Suite, Datasurge GEOPRO, Delft GeoSystems MStab, ESRI ArcGIS software, ESRI ArcInfo, ESRI ArcView, Email software, GEO-SLOPE SEEP/W, GFA2D, Geographic information system GIS software, Geographic information system GIS systems, Global positioning system GPS software, Microsoft Access, Microsoft Active Server Pages ASP, Microsoft Excel, Microsoft Office software, Microsoft Outlook, Microsoft PowerPoint, Microsoft Windows, Microsoft Word, Reading Comprehension, Science, Speaking, Writing"
Range Managers,"Research or study range land management practices to provide sustained production of forage, livestock, and wildlife.","Active Listening, Adobe Photoshop, Aquatic Plant Information Retrieval System APIRS, Automated Geospatial Watershed Assessment AGWA, BehavePlus, Clark Labs IDRISI Selva, Complex Problem Solving, Coordination, CorridorDesigner, Critical Thinking, ESRI ArcGIS software, ESRI software, ESSA Technologies Path Landscape Model, Facebook, Judgment and Decision Making, Linux, Microsoft Access, Microsoft Active Server Pages ASP, Microsoft Excel, Microsoft Office software, Microsoft PowerPoint, Microsoft Windows, Microsoft Word, Monitoring, Oracle Java, Perl, Python, R, Reading Comprehension, SAS, Speaking, The MathWorks MATLAB, UNIX"
Park Naturalists,"Plan, develop, and conduct programs to inform public of historical, natural, and scientific features of national, state, or local park.","Active Listening, Adobe Acrobat, Adobe PageMaker, Critical Thinking, Email software, Facebook, Mapping software, MicroFocus GroupWise, Microsoft Active Server Pages ASP, Microsoft Excel, Microsoft Office software, Microsoft Outlook, Microsoft PowerPoint, Microsoft Word, Reading Comprehension, Service Orientation, Social Perceptiveness, Speaking, Web browser software, Writing"
Foresters,"Manage public and private forested lands for economic, recreational, and conservation purposes. May inventory the type, amount, and location of standing timber, appraise the timber's worth, negotiate the purchase, and draw up contracts for procurement. May determine how to conserve wildlife habitats, creek beds, water quality, and soil stability, and how best to comply with environmental regulations. May devise plans for planting and growing new trees, monitor trees for healthy growth, and determine optimal harvesting schedules.","Active Listening, Complex Problem Solving, Coordination, Critical Thinking, ESRI ArcGIS software, ESRI ArcView, Forest Metrix, Forest vegetation simulators, Forest yield software, Fountains Forestry TwoDog, Geographic information system GIS software, Geographic information system GIS systems, Global positioning system GPS software, IBM Notes, Judgment and Decision Making, Mapping software, Microsoft Access, Microsoft Active Server Pages ASP, Microsoft Excel, Microsoft Office software, Microsoft Outlook, Microsoft PowerPoint, Microsoft Word, Monitoring, Reading Comprehension, SMART service management and route tracking software, Speaking, Systems Analysis, Systems Evaluation, Time Management, Trimble CENGEA, Web browser software, Work scheduling software, Writing"
Epidemiologists,"Investigate and describe the determinants and distribution of disease, disability, or health outcomes. May develop the means for prevention and control.","Active Learning, Active Listening, Centers for Disease Control and Prevention CDC WONDER, Centers for Disease Control and Prevention Epi Info, Circle Systems Stat/Transfer, Complex Problem Solving, Coordination, Critical Thinking, Cytel Egret, Data visualization software, Database software, Disease Mapping and Analysis Program DMAP, ESRI ArcGIS software, ESRI ArcInfo, EpiData Analysis, Epicenter Software Epilog, Esri ArcGIS, Facebook, IBM SPSS Statistics, Judgment and Decision Making, Learning Strategies, Mathematics, Microsoft Access, Microsoft Excel, Microsoft Office software, Microsoft Outlook, Microsoft PowerPoint, Microsoft Word, Monitoring, Python, R, Reading Comprehension, SAS, Science, Social Perceptiveness, Speaking, Structured query language SQL, Systems Analysis, Systems Evaluation, Tableau, Writing"
"Medical Scientists, Except Epidemiologists","Conduct research dealing with the understanding of human diseases and the improvement of human health. Engage in clinical investigation, research and development, or other related activities.","Active Learning, Active Listening, Adobe Photoshop, BioArray Software Environment BASE, Complex Problem Solving, Critical Thinking, Database software, ESRI ArcGIS software, FileMaker Pro, IBM Notes, IBM SPSS Statistics, Integrated development environment IDE software, Judgment and Decision Making, LexisNexis, Linux, Mathematics, Medical Scientists HybridAI, Medical Scientists MediSave, Microsoft Dynamics, Microsoft Excel, Microsoft Exchange, Microsoft Office software, Microsoft PowerPoint, Microsoft Project, Microsoft Visual Basic, Microsoft Word, Monitoring, Python, R, Reading Comprehension, SAS, Science, Speaking, Systems Analysis, The MathWorks MATLAB, UNIX, Writing"
"Life Scientists, All Other",All life scientists not listed separately.,
Astronomers,"Observe, research, and interpret astronomical phenomena to increase basic knowledge or apply such information to practical problems.","Abstraction plus reference plus synthesis A++, Active Learning, Active Listening, Adaptive optics AO simulation software, Analyze, Apache Hadoop, Astronomical Image Processing System AIPS, Astronomical Image Processing for Windows AIP4WIN, Astronomical information processing system AIPS++, Avis Fits Viewer, C, C++, Complex Problem Solving, Critical Thinking, Data reduction software, Diffraction Limited MaxIm DL, European Southern Observatory Munich Image Data Analysis System ESO-MIDAS, IBM SPSS Statistics, Judgment and Decision Making, Learning Strategies, Linux, Mathematics, Microsoft Excel, Microsoft Office software, Microsoft PowerPoint, Microsoft Word, Oracle Java, Python, R, Reading Comprehension, SAS, Science, Speaking, Structured query language SQL, The MathWorks MATLAB, Writing"
Physicists,"Conduct research into physical phenomena, develop theories on the basis of observation and experiments, and devise methods to apply physical laws and theories.","Active Learning, Active Listening, Adobe Photoshop, Amazon Web Services AWS software, Ansible software, Autodesk AutoCAD, C, C++, Complex Problem Solving, Critical Thinking, Eclipse IDE, Extensible markup language XML, Git, Instructing, JavaScript, Judgment and Decision Making, Learning Strategies, Linux, Mathematics, Microsoft Access, Microsoft Azure software, Microsoft Excel, Microsoft Office software, Microsoft PowerPoint, Microsoft Visual Basic, Microsoft Visual Studio, Microsoft Windows, Microsoft Word, MySQL, Oracle Database, Oracle Java, Perl, Puppet, Reading Comprehension, Science, Speaking, Writing"
Atmospheric and Space Scientists,"Investigate atmospheric phenomena and interpret meteorological data, gathered by surface and air stations, satellites, and radar to prepare reports and forecasts for public and other uses. Includes weather analysts and forecasters whose functions require the detailed knowledge of meteorology.","AccuWeather Galileo, Active Learning, Active Listening, Adobe Photoshop, Advanced Visual Systems AVS/Express, Air quality modeling software, Aninoquisi MesoTRAC, Apple Final Cut Pro, Baron Services FasTrac, C++, Complex Problem Solving, Critical Thinking, Facebook, IBM SPSS Statistics, Judgment and Decision Making, Linux, Microsoft Access, Microsoft Excel, Microsoft Office software, Microsoft Outlook, Microsoft PowerPoint, Microsoft Windows, Microsoft Word, Perl, Python, R, Reading Comprehension, SAS, Science, Speaking, Structured query language SQL, The MathWorks MATLAB, UNIX, Writing"
Chemists,Conduct qualitative and quantitative chemical analyses or experiments in laboratories for quality or process control or to develop new products or knowledge.,"Accelrys Cerius2, Accelrys DeCipher, Active Learning, Active Listening, Advanced Chemistry Development ACD/1D nuclear magnetic resonance NMR processor, Agilent ChemStation, Apple iWork, Apple iWork Keynote, Apple iWork Numbers, Apple iWork Pages, Bruker BioSpin TopSpin, C, C++, CambridgeSoft ChemOffice Ultra, Complex Problem Solving, Critical Thinking, Extensible markup language XML, Hypertext markup language HTML, Mathematics, Microsoft Access, Microsoft Excel, Microsoft Office software, Microsoft PowerPoint, Microsoft Visio, Microsoft Visual Basic, Microsoft Word, Monitoring, Oracle Java, R, Reading Comprehension, SAP software, Science, Speaking, Structured query language SQL, Writing"
Materials Scientists,"Research and study the structures and chemical properties of various natural and synthetic or composite materials, including metals, alloys, rubber, ceramics, semiconductors, polymers, and glass. Determine ways to strengthen or combine materials or develop new materials with new or specific properties for use in a variety of products and applications. Includes glass scientists, ceramic scientists, metallurgical scientists, and polymer scientists.","ANSYS LS-DYNA, ANSYS Multiphysics, Accelrys Materials Studio, Active Learning, Active Listening, Advanced Chemistry Development Analytical Laboratory, Bruker AXS EVA, Bruker AXS LEPTOS, Bruker AXS TOPAS, Chempute Software HSC Chemistry, Complex Problem Solving, Critical Thinking, CrystalMaker, Dassault Systemes Abaqus, Email software, GAMESS-US, General Structural Analysis System GSAS, Hypertext markup language HTML, IBM SPSS Statistics, International Centre for Diffraction Data ICDD DDView, Judgment and Decision Making, Maplesoft Maple, Materials Data Incorporated Jade, Mathematics, Microsoft Excel, Microsoft Office software, Microsoft PowerPoint, Microsoft Word, Python, R, Reading Comprehension, Science, Speaking, The MathWorks MATLAB, Writing"
"Environmental Scientists and Specialists, Including Health","Conduct research or perform investigation for the purpose of identifying, abating, or eliminating sources of pollutants or hazards that affect either the environment or public health. Using knowledge of various scientific disciplines, may collect, synthesize, study, report, and recommend action based on data derived from measurements or observations of air, food, soil, water, and other sources.","ADMS pollution modeling software, Active Learning, Active Listening, Adobe Acrobat, Adobe Illustrator, Autodesk AutoCAD, Bentley MicroStation, C++, CAP88-PC, CERC EMIT, Chemical management tracking software, Chemicals and Irrigation CANDI, Compass software, Complex Problem Solving, Coordination, Corel CorelDraw Graphics Suite, Critical Thinking, Database software, ESRI ArcGIS software, IBM SPSS Statistics, Microsoft Access, Microsoft Excel, Microsoft Office software, Microsoft Outlook, Microsoft PowerPoint, Microsoft Project, Microsoft Visual Basic, Microsoft Word, Monitoring, Reading Comprehension, SAP software, Science, Speaking, Structured query language SQL, Writing"
Climate Change Policy Analysts,"Research and analyze policy developments related to climate change. Make climate-related recommendations for actions such as legislation, awareness campaigns, or fundraising approaches.","Active Learning, Active Listening, C++, Community Climate System Model CCSM, Complex Problem Solving, Critical Thinking, ESRI ArcGIS software, Ferret, Formula translation/translator FORTRAN, Geographic information system GIS systems, Grid analysis and display system GrADS, Interface definition language IDL, Linux, Microsoft Excel, Microsoft Office software, Microsoft PowerPoint, Microsoft Word, NCAR Command Language NCL, North American Regional Climate Change Assessment Program NARCCAP data tables, Perl, Python, R, Reading Comprehension, SAS, Speaking, Sun Microsystems Java, Systems Analysis, Systems Evaluation, The MathWorks MATLAB, UNIX, Unidata Integrated Data Viewer IDV, Unidata Network common data form NetCDF, Web browser software, Writing"
Environmental Restoration Planners,"Collaborate with field and biology staff to oversee the implementation of restoration projects and to develop new products. Process and synthesize complex scientific data into practical strategies for restoration, monitoring or management.","Active Learning, Active Listening, Adobe Acrobat, Adobe Creative Cloud software, Adobe Illustrator, Adobe InDesign, Adobe Photoshop, Autodesk AutoCAD, Autodesk AutoCAD Civil 3D, Complex Problem Solving, Critical Thinking, ESRI ArcGIS software, ESRI ArcMap, Email software, Geographic information system GIS software, Geographic information system GIS systems, Global positioning system GPS software, HEC-RAS, IWR-PLAN, Judgment and Decision Making, Microsoft Access, Microsoft Dynamics, Microsoft Dynamics CRM, Microsoft Excel, Microsoft Office software, Microsoft Outlook, Microsoft PowerPoint, Microsoft Project, Microsoft SharePoint, Microsoft Word, Monitoring, Reading Comprehension, Science, Speaking, Systems Analysis, Systems Evaluation, Writing"
Industrial Ecologists,Apply principles and processes of natural ecosystems to develop models for efficient industrial systems. Use knowledge from the physical and social sciences to maximize effective use of natural resources in the production and use of goods and services. Examine societal issues and their relationship with both technical systems and the environment.,"Active Learning, Active Listening, Adobe Acrobat, Adobe Illustrator, Adobe Photoshop, Apache Hadoop, Atlassian JIRA, Autodesk AutoCAD, C#, Complex Problem Solving, Critical Thinking, ESRI ArcGIS software, Git, Judgment and Decision Making, Linux, Microsoft Access, Microsoft Excel, Microsoft Office software, Microsoft PowerPoint, Microsoft SQL Server, Microsoft SharePoint, Microsoft Visio, Microsoft Visual Studio, Microsoft Windows, NoSQL, Oracle Database, Oracle Java, Python, Reading Comprehension, SAP software, Salesforce software, Science, Speaking, Systems Analysis, Writing"
"Geoscientists, Except Hydrologists and Geographers","Study the composition, structure, and other physical aspects of the Earth. May use geological, physics, and mathematics knowledge in exploration for oil, gas, minerals, or underground water; or in waste disposal, land reclamation, or other environmental problems. May study the Earth's internal composition, atmospheres, and oceans, and its magnetic, electrical, and gravitational forces. Includes mineralogists, paleontologists, stratigraphers, geodesists, and seismologists.","ACD Systems Canvas, Active Listening, Adobe Acrobat, Adobe Photoshop, Alara CRystalView, Aquifer test software, Atoll GeoCAD, Autodesk AutoCAD, BOSS Didger, Bentley Systems gINT, Bilko, ChemStat, Complex Problem Solving, Critical Thinking, ESRI ArcGIS software, Git, Judgment and Decision Making, Microsoft Access, Microsoft Active Server Pages ASP, Microsoft Excel, Microsoft Office software, Microsoft Outlook, Microsoft PowerPoint, Microsoft Project, Microsoft Word, MySQL, Python, Reading Comprehension, SAS, Science, Speaking, The MathWorks MATLAB, Writing"
Hydrologists,"Research the distribution, circulation, and physical properties of underground and surface waters; and study the form and intensity of precipitation and its rate of infiltration into the soil, movement through the earth, and return to the ocean and atmosphere.","Active Learning, Active Listening, Advanced Logic Technology WellCAD, Amtec Engineering Tecplot, Argus ONE Open Numerical Environments, Autodesk AutoCAD, Autodesk AutoCAD Civil 3D, Autodesk AutoCAD Map 3D, Autodesk Land Desktop, BOSS International Visual Groundwater, Bentley MicroStation, Bentley Systems gINT, Biodegration flow and transport modeling software, C++, Carlson SurvCADD, ChemStat, Complex Problem Solving, Critical Thinking, ESRI ArcGIS software, Judgment and Decision Making, Mathematics, Microsoft Access, Microsoft Active Server Pages ASP, Microsoft Excel, Microsoft Office software, Microsoft PowerPoint, Microsoft Visual Basic, Microsoft Word, Monitoring, Python, R, Reading Comprehension, Science, Speaking, The MathWorks MATLAB, Writing"
"Physical Scientists, All Other",All physical scientists not listed separately.,
Remote Sensing Scientists and Technologists,"Apply remote sensing principles and methods to analyze data and solve problems in areas such as natural resource management, urban planning, or homeland security. May develop new sensor systems, analytical techniques, or new applications for existing systems.","Active Listening, Adobe Creative Cloud software, Amazon DynamoDB, Amazon Elastic Compute Cloud EC2, Amazon Redshift, Amazon Web Services AWS CloudFormation, Amazon Web Services AWS software, Ansible software, Apache Hadoop, Apache Hive, Apache Kafka, Atlassian JIRA, Bash, C, C#, C++, Complex Problem Solving, Critical Thinking, Docker, ESRI ArcGIS software, Elasticsearch, Epic Systems, Extensible markup language XML, Git, GitHub, Go, JavaScript, JavaScript Object Notation JSON, Judgment and Decision Making, Mathematics, Reading Comprehension, Science, Speaking, Systems Analysis, Systems Evaluation, Writing"
Economists,"Conduct research, prepare reports, or formulate plans to address economic problems related to the production and distribution of goods and services or monetary and fiscal policy. May collect and process economic and statistical data using sampling techniques and econometric methods.","Active Learning, Active Listening, Aptech Systems GAUSS, C++, Complex Problem Solving, Critical Thinking, IBM SPSS Statistics, Judgment and Decision Making, Mathematics, Microsoft Access, Microsoft Excel, Microsoft Office software, Microsoft Outlook, Microsoft Power BI, Microsoft PowerPoint, Microsoft SQL Server, Microsoft Visual Basic, Microsoft Visual Basic for Applications VBA, Microsoft Word, Mozilla Firefox, MySQL, Oracle Java, Python, R, Reading Comprehension, SAS, Speaking, Structured query language SQL, Tableau, Teradata Database, The MathWorks MATLAB, UNIX, UNIX Shell, Writing"
Environmental Economists,"Conduct economic analysis related to environmental protection and use of the natural environment, such as water, air, land, and renewable energy resources. Evaluate and quantify benefits, costs, incentives, and impacts of alternative options using economic principles and statistical techniques.","Active Learning, Active Listening, Aptech Systems GAUSS, C, C#, C++, Camfit Data Limited Microfit, Complex Problem Solving, Critical Thinking, ESRI ArcGIS software, Econometric Software LIMDEP, Estima Regression Analysis of Time Series RATS, Formula translation/translator FORTRAN, IBM SPSS Statistics, Judgment and Decision Making, Mathematics, Microsoft Access, Microsoft Excel, Microsoft Office software, Microsoft Outlook, Microsoft PowerPoint, Microsoft SQL Server, Microsoft Visual Basic, Microsoft Visual Basic for Applications VBA, Microsoft Visual Studio, Microsoft Word, Monitoring, MySQL, Python, Reading Comprehension, SAS, Speaking, Tableau, The MathWorks MATLAB, Writing"
Survey Researchers,"Plan, develop, or conduct surveys. May analyze and interpret the meaning of survey data, determine survey objectives, or suggest or test question wording. Includes social scientists who primarily design questionnaires or supervise survey teams.","Acarda CallAssist, Acarda ForbiddenCalls, Active Learning, Active Listening, Adobe ColdFusion, C++, Complex Problem Solving, Critical Thinking, Extensible markup language XML, IBM SPSS Statistics, JavaScript, Judgment and Decision Making, Mathematics, Microsoft Access, Microsoft Active Server Pages ASP, Microsoft Excel, Microsoft Office software, Microsoft PowerPoint, Microsoft Project, Microsoft Teams, Microsoft Word, Oracle Java, Oracle PeopleSoft, Perl, Python, R, Reading Comprehension, SAS, Speaking, Structured query language SQL, Tableau, The MathWorks MATLAB, Writing, Zoom"
Industrial-Organizational Psychologists,"Apply principles of psychology to human resources, administration, management, sales, and marketing problems. Activities may include policy planning; employee testing and selection, training, and development; and organizational development and analysis. May work with management to organize the work setting to improve worker productivity.","Active Learning, Active Listening, Adobe Acrobat, Assessment Systems Corporation XCALIBRE, Complex Problem Solving, Coordination, Critical Thinking, Google Sheets, Human resource information system (HRIS), Hypertext markup language HTML, IBM SPSS Statistics, Instructing, Judgment and Decision Making, Learning Strategies, Learning management system LMS, Mathematics, Mentimeter, Microsoft Access, Microsoft Excel, Microsoft Office software, Microsoft Outlook, Microsoft PowerPoint, Microsoft Project, Microsoft Visio, Microsoft Word, Monitoring, Muthen & Muthen Mplus, Operations Analysis, Oracle PeopleSoft, Padlet, Persuasion, Psychometric testing software, Reading Comprehension, SAS, Science, Scientific Software International BILOG-MG, Scientific Software International HLM, Scientific Software International LISREL, Scientific Software International MULTILOG, Social Perceptiveness, Speaking, Systems Analysis, Systems Evaluation, Time Management, Writing"
Clinical and Counseling Psychologists,"Assess, diagnose, and treat mental and emotional disorders of individuals through observation, interview, and psychological tests. Help individuals with distress or maladjustment understand their problems through their knowledge of case history, interviews with patients, and theory. Provide individual or group counseling services to assist individuals in achieving more effective personal, social, educational, and vocational development and adjustment. May design behavior modification programs and consult with medical personnel regarding the best treatment for patients.","Active Learning, Active Listening, Addison Health Systems WritePad EHR, Anasazi Software Client Data System, Athena Software Penelope Case Management, B Sharp Technologies B Care, BRB Software HorizonMIS, BlackHawk Canyon Publishers PracticianWorks, Blueberry Harbor Software Clinical Record Keeper, Bluewater Management Systems BMCASE, Clinivate Clinitrak, Complex Problem Solving, Comprehensive Affect Testing System CATS, Coordination, Core Solutions Care Enterprise, Critical Thinking, DocuTrac QuicDoc, Fagerman Technologies MedLook, Google Docs, Google Meet, Google Sheets, Health Care Software HCS INTERACTANT, Judgment and Decision Making, Learning Strategies, Microsoft Excel, Microsoft Office software, Microsoft Outlook, Microsoft PowerPoint, Microsoft Teams, Microsoft Word, Monitoring, Persuasion, Reading Comprehension, Service Orientation, Social Perceptiveness, Speaking, Writing, Zoom, eClinicalWorks EHR software"
School Psychologists,"Diagnose and implement individual or schoolwide interventions or strategies to address educational, behavioral, or developmental issues that adversely impact educational functioning in a school. May address student learning and behavioral problems and counsel students or families. May design and implement performance plans, and evaluate performance. May consult with other school-based personnel.","Active Learning, Active Listening, Centris Group IEP Direct, Centris Group RTIm Direct, Chalkware Education Solutions IEPPro, Complex Problem Solving, Coordination, Critical Thinking, Email software, Ewing Solutions QuickWriter, Global Education Technologies EXCENT, Google Meet, Instructional software, Judgment and Decision Making, Learning Strategies, MediaNet Solutions e-IEP PRO, Microsoft Excel, Microsoft Office software, Microsoft PowerPoint, Microsoft Word, Monitoring, Oasys structural design and analysis software, Persuasion, PowerSchool Group PowerSchool SIS, Psychsoft !Observe, Reading Comprehension, Service Orientation, Smart Solutions IEP Anywhere, Social Perceptiveness, SpED Forms, Speaking, Spectrum K12 School Solutions Encore, SunGard Pentamation IEPplus, Technical Perspectives CLASS IEP Program, Test scoring software, Testing software, Vision Management Consulting IEP PlaNET, Writing, Zoom"
"Psychologists, All Other",All psychologists not listed separately.,
Neuropsychologists,"Apply theories and principles of neuropsychology to evaluate and diagnose disorders of higher cerebral functioning, often in research and medical settings. Study the human brain and the effect of physiological states on human cognition and behavior. May formulate and administer programs of treatment.","Active Learning, Active Listening, Automated Neuropsychological Metric Assessments Battery, Behavioral Assessment and Research System BARS, BrainMetric The Category Test, BrainTrain Captain's Log, CogniSyst Computerized Assessment of Response Bias CARB, Complex Problem Solving, Conners' Continuous Performance Test II, Critical Thinking, Database software, Email software, IBM SPSS Statistics, Interactive psychological evaluation software, Judgment and Decision Making, Learning Strategies, MicroCog Assessment of Cognitive Functioning, Microsoft Excel, Microsoft Office software, Microsoft PowerPoint, Microsoft Word, Monitoring, Noldus Information Technology The Observer XT, Operational Data Store ODS software, Patient electronic medical record EMR software, Psychological testing software, Reading Comprehension, Scheduling software, Science, Service Orientation, Social Perceptiveness, Speaking, Statistical software, The Tova Company Test of Variables of Attention, Web browser software, Writing"
Clinical Neuropsychologists,"Assess and diagnose patients with neurobehavioral problems related to acquired or developmental disorders of the nervous system, such as neurodegenerative disorders, traumatic brain injury, seizure disorders, and learning disabilities. Recommend treatment after diagnosis, such as therapy, medication, or surgery. Assist with evaluation before and after neurosurgical procedures, such as deep brain stimulation.","Active Learning, Active Listening, Automated Neuropsychological Metric Assessments Battery, Behavioral Assessment and Research System BARS, BrainMetric The Category Test, BrainTrain Captain's Log, CogniSyst Computerized Assessment of Response Bias CARB, Complex Problem Solving, Conners' Continuous Performance Test II, Coordination, Critical Thinking, Database software, Email software, IBM SPSS Statistics, Interactive psychological evaluation software, Judgment and Decision Making, Learning Strategies, MicroCog Assessment of Cognitive Functioning, Microsoft Excel, Microsoft Office software, Microsoft PowerPoint, Microsoft Word, Monitoring, Noldus Information Technology The Observer XT, Patient electronic medical record EMR software, Psychological testing software, Reading Comprehension, Scheduling software, Service Orientation, Social Perceptiveness, Speaking, Statistical software, The Tova Company Test of Variables of Attention, Web browser software, Writing"
Sociologists,"Study human society and social behavior by examining the groups and social institutions that people form, as well as various social, religious, political, and business organizations. May study the behavior and interaction of groups, trace their origin and growth, and analyze the influence of group activities on individual members.","ATLAS.ti, Active Learning, Active Listening, Adobe Acrobat, Adobe Dreamweaver, Adobe Photoshop, Circle Systems Stat/Transfer, Complex Problem Solving, Critical Thinking, Data visualization software, Database management system DBMS, ESRI ArcGIS software, Email software, Facebook, Fund accounting software, IBM SPSS Statistics, Instructing, Judgment and Decision Making, Learning Strategies, Microsoft Access, Microsoft Excel, Microsoft Office software, Microsoft Outlook, Microsoft PowerPoint, Microsoft Project, Microsoft Visio, Microsoft Windows, Microsoft Word, Monitoring, R, Reading Comprehension, SAP software, SAS, Salesforce software, Social Perceptiveness, Speaking, Writing"
Urban and Regional Planners,"Develop comprehensive plans and programs for use of land and physical facilities of jurisdictions, such as towns, cities, counties, and metropolitan areas.","3D urban simulation modeling software, Active Listening, Adobe Acrobat, Adobe Creative Cloud software, Adobe Illustrator, Adobe InDesign, Adobe Photoshop, Autodesk AutoCAD, Bentley MicroStation, Complex Problem Solving, Critical Thinking, Dassault Systemes SolidWorks, ESRI ArcGIS software, Extensible markup language XML, Hypertext markup language HTML, Judgment and Decision Making, Microsoft Access, Microsoft Excel, Microsoft Office software, Microsoft Outlook, Microsoft PowerPoint, Microsoft Project, Microsoft SharePoint, Microsoft Word, Oracle Database, Oracle Java, Reading Comprehension, SAP software, Social Perceptiveness, Speaking, Structured query language SQL, Systems Analysis, Systems Evaluation, Trimble SketchUp Pro, Writing"
Anthropologists and Archeologists,"Study the origin, development, and behavior of human beings. May study the way of life, language, or physical characteristics of people in various parts of the world. May engage in systematic recovery and examination of material evidence, such as tools or pottery remaining from past human cultures, in order to determine the history, customs, and living habits of earlier civilizations.","Active Learning, Active Listening, Adobe Acrobat, Adobe Dreamweaver, Adobe Illustrator, Adobe InDesign, Adobe PageMaker, Adobe Photoshop, Age progression software, Apple Final Cut Express, Apple iMovie, Autodesk AutoCAD, C++, Complex Problem Solving, Critical Thinking, ESRI ArcGIS software, Facebook, IBM SPSS Statistics, Microsoft Access, Microsoft Excel, Microsoft Office software, Microsoft Outlook, Microsoft PowerPoint, Microsoft SharePoint, Microsoft Windows, Microsoft Word, Monitoring, Reading Comprehension, SAS, Speaking, Structured query language SQL, The MathWorks MATLAB, Writing"
Geographers,"Study the nature and use of areas of the Earth's surface, relating and interpreting interactions of physical and cultural phenomena. Conduct research on physical aspects of a region, including land forms, climates, soils, plants, and animals, and conduct research on the spatial implications of human activities within a given area, including social characteristics, economic activities, and political organization, as well as researching interdependence between regions at scales ranging from local to global.","ACD Systems Canvas, Active Learning, Active Listening, Adobe Dreamweaver, Adobe Photoshop, Autodesk AutoCAD, Caliper Maptitude, Clark Labs IDRISI Andes, Complex Problem Solving, Corel CorelDraw Graphics Suite, Critical Thinking, ESRI ArcGIS software, ESRI ArcIMS, ESRI ArcInfo, ESRI ArcView, Geographic information system GIS software, Geographic information system GIS systems, Geographic resources analysis support system GRASS, IBM SPSS Statistics, Judgment and Decision Making, Microsoft Excel, Microsoft Office software, Microsoft Outlook, Microsoft PowerPoint, Microsoft Word, Python, R, Reading Comprehension, SAS, Speaking, Structured query language SQL, The MathWorks MATLAB, Writing"
Historians,"Research, analyze, record, and interpret the past as recorded in sources, such as government and institutional records, newspapers and other periodicals, photographs, interviews, films, electronic media, and unpublished manuscripts, such as personal diaries and letters.","Active Learning, Active Listening, Adobe Acrobat, Adobe Dreamweaver, Adobe InDesign, Adobe Photoshop, Archival databases, ArchiveGrid, Archives Wiki, Audio editing software, Corel WordPerfect Office Suite, Critical Thinking, Database management systems, Digital image collections, Digital mapping software, ESRI ArcGIS software, Email software, Extensible markup language XML, Geographic information system GIS software, IBM SPSS Statistics, Microsoft Access, Microsoft Active Server Pages ASP, Microsoft Excel, Microsoft Office software, Microsoft PowerPoint, Microsoft SharePoint, Microsoft Word, Reading Comprehension, Speaking, Structured query language SQL, Writing"
Political Scientists,"Study the origin, development, and operation of political systems. May study topics, such as public opinion, political decisionmaking, and ideology. May analyze the structure and operation of governments, as well as various political entities. May conduct public opinion surveys, analyze election results, or analyze public documents.","Active Learning, Active Listening, Adobe Acrobat, Bare Bones Software BBEdit, CQ Press Political Reference Suite, Complex Problem Solving, Critical Thinking, Data visualization software, DataMystic TextPipe Pro, EBSCO Publishing Academic Search Premier, EBSCO Publishing Political Science Complete, Email software, Europa World Plus, FedStats, IBM SPSS Statistics, Instructing, Judgment and Decision Making, Learning Strategies, Microsoft Access, Microsoft Active Server Pages ASP, Microsoft Excel, Microsoft Office software, Microsoft Outlook, Microsoft PowerPoint, Microsoft SharePoint, Microsoft Visio, Microsoft Word, Python, R, Reading Comprehension, SAP software, SAS, Social Perceptiveness, Speaking, Tableau, Writing"
"Social Scientists and Related Workers, All Other",All social scientists and related workers not listed separately.,
Transportation Planners,"Prepare studies for proposed transportation projects. Gather, compile, and analyze data. Study the use and operation of transportation systems. Develop transportation models or simulations.","Active Learning, Active Listening, Adobe Acrobat, Adobe Illustrator, Adobe InDesign, Adobe Photoshop, Autodesk AutoCAD, Autodesk AutoCAD Civil 3D, Bentley MicroStation, Caliper TransCAD, Complex Problem Solving, Coordination, Critical Thinking, ESRI ArcGIS software, IBM SPSS Statistics, Judgment and Decision Making, Microsoft Access, Microsoft Excel, Microsoft Office software, Microsoft Outlook, Microsoft Power BI, Microsoft PowerPoint, Microsoft Project, Microsoft Visual Basic, Microsoft Word, Oracle Primavera Enterprise Project Portfolio Management, Python, Reading Comprehension, SAP software, SAS, Speaking, Structured query language SQL, Systems Analysis, Systems Evaluation, Tableau, Writing"
Agricultural Technicians,"Work with agricultural scientists in plant, fiber, and animal research, or assist with animal breeding and nutrition. Set up or maintain laboratory equipment and collect samples from crops or animals. Prepare specimens or record data to assist scientists in biology or related life science experiments. Conduct tests and experiments to improve yield and quality of crops or to increase the resistance of plants and animals to disease or insects.","Email software, Geographic information system GIS systems, Global positioning system GPS software, Microsoft Access, Microsoft Excel, Microsoft Office software, Microsoft Outlook, Microsoft PowerPoint, Microsoft Word, SAP software, Statistical software, Web browser software"
Precision Agriculture Technicians,"Apply geospatial technologies, including geographic information systems (GIS) and Global Positioning System (GPS), to agricultural production or management activities, such as pest scouting, site-specific pesticide application, yield mapping, or variable-rate irrigation. May use computers to develop or analyze maps or remote sensing images to compare physical topography with data on soils, fertilizer, pests, or weather.","AGCO GTA Software Suite, Active Listening, Ag Leader Technology SMS Advanced, Critical Thinking, ESRI ArcGIS software, ESRI ArcPad, ESRI ArcView, Farm Works Site Pro, GeoAgro GIS, Geographic information system GIS systems, Global positioning system GPS software, John Deere Apex Farm Management, MapShots EASi Suite, Microsoft Access, Microsoft Excel, Microsoft Office software, Microsoft Outlook, Microsoft PowerPoint, Microsoft Windows, Microsoft Word, Novariant AutoFarm AF Viewer, Reading Comprehension, SST Development Group SSToolbox, Speaking, Trimble AgGPS EZ-Map, Trimble AgGPS MultiPlane, Web browser software, Writing"
Food Science Technicians,"Work with food scientists or technologists to perform standardized qualitative and quantitative tests to determine physical or chemical properties of food or beverage products. Includes technicians who assist in research and development of production technology, quality control, packaging, processing, and use of foods.","Active Listening, Apache JMeter, Apache Struts, Database software, Graphical user interface GUI design software, Graphics software, IBM Lotus Notes, IBM WebSphere, Linux, Microsoft Access, Microsoft Excel, Microsoft Office software, Microsoft Outlook, Microsoft PowerPoint, Microsoft SQL Server, Microsoft Visio, Microsoft Word, Oracle WebLogic Server, Reading Comprehension, Red Hat WildFly, SAP software, SAS, Speaking, Structure query language SQL, Writing"
Biological Technicians,"Assist biological and medical scientists. Set up, operate, and maintain laboratory instruments and equipment, monitor experiments, collect data and samples, make observations, and calculate and record results. May analyze organic substances, such as blood, food, and drugs.","Active Learning, Active Listening, Adobe Acrobat, Adobe Photoshop, BD Biosciences CellQuest, BoxShade, ClustalW, Corel WordPerfect Office Suite, Critical Thinking, Database software, ESRI ArcGIS software, Gene Codes Sequencher, Gene Runner, Geographic information system GIS software, Graphics software, Harvard Graphics, IBM Lotus 1-2-3, Laboratory information management system LIMS, MapInfo MapMarker, Microsoft .NET Framework, Microsoft Access, Microsoft Excel, Microsoft Office software, Microsoft Outlook, Microsoft PowerPoint, Microsoft Project, Microsoft Word, Reading Comprehension, SAS, Science"
Chemical Technicians,"Conduct chemical and physical laboratory tests to assist scientists in making qualitative and quantitative analyses of solids, liquids, and gaseous materials for research and development of new products or processes, quality control, maintenance of environmental standards, and other work involving experimental, theoretical, or practical application of chemistry and related sciences.","Active Listening, C++, Critical Thinking, Database software, Email software, Laboratory information management system LIMS, Linux, Microsoft Access, Microsoft Excel, Microsoft Office software, Microsoft Outlook, Microsoft PowerPoint, Microsoft Word, Monitoring, Oracle Database, Oracle Java, Python, R, Reading Comprehension, SAP software, Science, Software development tools, Structured query language SQL, Writing"
"Environmental Science and Protection Technicians, Including Health","Perform laboratory and field tests to monitor the environment and investigate sources of pollution, including those that affect health, under the direction of an environmental scientist, engineer, or other specialist. May collect samples of gases, soil, water, and other materials for testing.","Active Listening, Adobe Acrobat, Autodesk AutoCAD, Autodesk Softdesk, Critical Thinking, Database software, ESRI ArcGIS software, ESRI ArcInfo, ESRI ArcPad, ESRI ArcView, ESRI software, Email software, FishXing, Flood modeling software, Geomechanical design analysis GDA software, Graphics software, HEC-HMS, HEC-RAS, Microsoft Access, Microsoft Excel, Microsoft Office software, Microsoft Outlook, Microsoft PowerPoint, Microsoft Project, Microsoft Word, Reading Comprehension, SAP software, Scientific analysis software, Speaking, Writing"
"Geological Technicians, Except Hydrologic Technicians","Assist scientists or engineers in the use of electronic, sonic, or nuclear measuring instruments in laboratory, exploration, and production activities to obtain data indicating resources such as metallic ore, minerals, gas, coal, or petroleum. Analyze mud and drill cuttings. Chart pressure, temperature, and other characteristics of wells or bore holes.","Adobe Illustrator, Autodesk AutoCAD, Clark Labs IDRISI Andes, Corel CorelDraw Graphics Suite, Critical Thinking, Database software, Dynamic Graphics EarthVision, ESRI ArcGIS software, Geographic information system GIS software, Geographic information system GIS systems, Geographic resources analysis support system GRASS, Global positioning system GPS software, Golden Software Surfer, Halliburton ProMAX, IHS Petra, Inventory management systems, Juniper Systems LandMark Mobile, Landmark Graphics GeoGraphix, Landmark SeisWorks, Microsoft Access, Microsoft Excel, Microsoft Office software, Microsoft Outlook, Microsoft PowerPoint, Microsoft Word, Reading Comprehension, SAP software"
Hydrologic Technicians,"Collect and organize data concerning the distribution and circulation of ground and surface water, and data on its physical, chemical, and biological properties. Measure and report on flow rates and ground water levels, maintain field equipment, collect water samples, install and collect sampling equipment, and process samples for shipment to testing laboratories. May collect data on behalf of hydrologists, engineers, developers, government agencies, or agriculture.","Adobe Acrobat, Datasurge GEOPRO, Delft GeoSystems MStab, ESRI ArcGIS software, ESRI ArcInfo, ESRI ArcView, Email software, GEO-SLOPE SEEP/W, Geographic information system GIS software, Geographic information system GIS systems, Microsoft Access, Microsoft Active Server Pages ASP, Microsoft Excel, Microsoft Office software, Microsoft Outlook, Microsoft PowerPoint, Microsoft Windows, Microsoft Word, Mitre Software GSLOPE, Salix Applied Earthcare Erosion Draw, State Soil Geographic STATSGO Database"
Nuclear Technicians,"Assist nuclear physicists, nuclear engineers, or other scientists in laboratory, power generation, or electricity production activities. May operate, maintain, or provide quality control for nuclear testing and research equipment. May monitor radiation.","Active Listening, Critical Thinking, Data logging software, Database software, Linux, Microsoft Access, Microsoft Excel, Microsoft Office software, Microsoft PowerPoint, Microsoft Windows, Microsoft Word, Monitoring, Operations Monitoring, Quality Control Analysis, Reading Comprehension, Structured query language SQL, Supervisory control and data acquisition SCADA software, VMWare ESX Server, VMware"
Nuclear Monitoring Technicians,"Collect and test samples to monitor results of nuclear experiments and contamination of humans, facilities, and environment.","AVEVA InTouch HMI, Active Listening, Connectivity software, Critical Thinking, Gamma waste assay system GWAS, Google Compute Engine (GCE), Microsoft Azure software, Microsoft Excel, Microsoft Office software, Microsoft Outlook, Microsoft PowerPoint, Microsoft Windows, Microsoft Windows Server, Microsoft Word, Monitoring, Operations Monitoring, Oracle Java, RESRAD, Radiological assessment display and control system RADACS, Reading Comprehension, Speaking, Structured query language SQL, Supervisory control and data acquisition SCADA software"
Social Science Research Assistants,"Assist social scientists in laboratory, survey, and other social science research. May help prepare findings for publication and assist in laboratory analysis, quality control, or data management.","Active Listening, Adobe Illustrator, Adobe InDesign, Appletree, C++, Critical Thinking, Database software, ESRI ArcGIS software, Extensible markup language XML, IBM SPSS Statistics, JavaScript, Microsoft Access, Microsoft Excel, Microsoft Office software, Microsoft Outlook, Microsoft PowerPoint, Microsoft SQL Server, Microsoft Visual Basic, Microsoft Word, Oracle Java, Perl, Python, R, Reading Comprehension, SAS, Structured query language SQL, Tableau, The MathWorks MATLAB, Writing"
Forest and Conservation Technicians,"Provide technical assistance regarding the conservation of soil, water, forests, or related natural resources. May compile data pertaining to size, content, condition, and other characteristics of forest tracts under the direction of foresters, or train and lead forest workers in forest propagation and fire prevention and suppression. May assist conservation scientists in managing, improving, and protecting rangelands and wildlife habitats.","Active Listening, Allegro Landmark, Assisi Compiler, Assisi Forest, Assisi Inventory, Atterbury Consultants SuperAce, Autodesk AutoCAD LT, Ben Meadows Yeoman Expedition, Computer graphics software, Corel Presentation, Critical Thinking, Database software, ESRI ArcGIS software, ESRI ArcView, Facebook, Fire behavior modeling software, Forest EcoSurvey, Geographic information system GIS systems, Geomechanical design analysis GDA software, Haglof Sweden AB TCruise Forest Inventory, Microsoft Access, Microsoft Active Server Pages ASP, Microsoft Excel, Microsoft Office software, Microsoft Outlook, Microsoft PowerPoint, Microsoft Word"
Forensic Science Technicians,"Collect, identify, classify, and analyze physical evidence related to criminal investigations. Perform tests on weapons or substances, such as fiber, hair, and tissue to determine significance to investigation. May testify as expert witnesses on evidence or crime laboratory techniques. May serve as specialists in area of expertise, such as ballistics, fingerprinting, handwriting, or biochemistry.","Active Listening, Adobe Photoshop, Automated Biometric Identification System ABIS, Combined DNA Index System CODIS, Complex Problem Solving, Computer aided design and drafting CADD software, Corel WordPerfect Office Suite, Critical Thinking, DM2 Bills of Lading, DataWorks Plus Digital CrimeScene, DesignWare 3D EyeWitness, Eos Systems PhotoModeler, Graphics software, Guidance Software EnCase Enterprise, IBM Notes, Image enhancement software, Integrated Automated Fingerprint Identification System IAFIS, Laboratory information management system LIMS, Linux, Microsoft Access, Microsoft Excel, Microsoft Office software, Microsoft Outlook, Microsoft PowerPoint, Microsoft Visio, Microsoft Word, Mideo Systems EZDoc Plus, Midwest Information Systems PAX-it, Reading Comprehension, Speaking, Writing"
"Life, Physical, and Social Science Technicians, All Other","All life, physical, and social science technicians not listed separately.",
Quality Control Analysts,"Conduct tests to determine quality of raw materials, bulk intermediate and finished products. May conduct stability sample tests.","Adobe Acrobat, Atlassian JIRA, Borland SilkTest, C, Code profilers, Extensible markup language XML, Hypertext markup language HTML, JavaScript, Microsoft ASP.NET, Microsoft Access, Microsoft Excel, Microsoft Office software, Microsoft Outlook, Microsoft PowerPoint, Microsoft Project, Microsoft SQL Server, Microsoft SharePoint, Microsoft Visio, Microsoft Visual Basic, Microsoft Windows, Microsoft Word, Monitoring, Quality Control Analysis, Reading Comprehension, SAP software, Selenium, Structured query language SQL, The MathWorks MATLAB"
Remote Sensing Technicians,"Apply remote sensing technologies to assist scientists in areas such as natural resources, urban planning, or homeland security. May prepare flight plans or sensor configurations for flight trips.","AJAX, Adobe Creative Cloud software, Adobe Photoshop, Amazon Elastic Compute Cloud EC2, Amazon Web Services AWS software, Ansible software, Atlassian Confluence, Atlassian JIRA, Autodesk AutoCAD, Bentley MicroStation, C, C#, C++, Cascading style sheets CSS, Critical Thinking, ESRI ArcGIS software, Git, GitHub, Google Analytics, Hypertext markup language HTML, JavaScript, Linux, Mathematics, Microsoft .NET Framework, Microsoft Access, Microsoft Azure software, Reading Comprehension, Speaking, jQuery"
Occupational Health and Safety Specialists,"Review, evaluate, and analyze work environments and design programs and procedures to control, eliminate, and prevent disease or injury caused by chemical, physical, and biological agents or ergonomic factors. May conduct inspections and enforce adherence to laws and regulations governing the health and safety of individuals. May be employed in the public or private sector.","Active Listening, Complex Problem Solving, Critical Thinking, Curtis Management Resources Training Management System, Database software, ESS Compliance Suite, EcoLogic ADAM Indoor Air Quality and Analytical Data Management, ImageWave MSDSFinder, Judgment and Decision Making, Mannus Compliance: EHS, Medgate Enterprise EHS, Microsoft Access, Microsoft Active Server Pages ASP, Microsoft Excel, Microsoft Office software, Microsoft Outlook, Microsoft PowerPoint, Microsoft Project, Microsoft SharePoint, Microsoft Windows, Microsoft Word, Monitoring, Primatech AUDITWorks, Quality Systems Incorporated Safety Tagging System, RAE Systems HazRAE, Reading Comprehension, SAP software, Safety Software OSHALOG 300, Social Perceptiveness, Speaking, Systems Analysis, Systems Evaluation, Web browser software, Writing"
Occupational Health and Safety Technicians,"Collect data on work environments for analysis by occupational health and safety specialists. Implement and conduct evaluation of programs designed to limit chemical, physical, biological, and ergonomic risks to workers.","Active Listening, Brady Lockout Pro, Critical Thinking, Database software, Email software, Graphics software, Industrial Scientific iNET, Microsoft Access, Microsoft Excel, Microsoft Office software, Microsoft Outlook, Microsoft PowerPoint, Microsoft SharePoint, Microsoft Word, QuestSuite Professional, Reading Comprehension, Remedy Interactive iMitigate, SAP software, Speaking, Statistical analysis software, TapRooT, Teleconferencing software, Web browser software, Writing"
Substance Abuse and Behavioral Disorder Counselors,"Counsel and advise individuals with alcohol, tobacco, drug, or other problems, such as gambling and eating disorders. May counsel individuals, families, or groups or engage in prevention programs.","ACMS Casewatch Millenium, Active Learning, Active Listening, Addison Health Systems WritePad EHR, Allscripts Canopy, Anasazi Software Assessment and Treatment Plan Systems, Athena Software Penelope Case Management, Cadence Solutions extendedReach, Case management software, CaseManagement.com E-Reports, Client System, Complex Problem Solving, Coordination, Critical Thinking, Database software, Economic Analysis Group EAG CaseTrack, Email software, IBM Lotus Notes, IMA Technologies CaseTrakker, Judgment and Decision Making, Libera System7, Microsoft Excel, Microsoft Office software, Microsoft Outlook, Microsoft PowerPoint, Microsoft Word, Monitoring, Online informational database software, Persuasion, Practice Technology Prevail, Reading Comprehension, Scheduling software, Service Orientation, Social Perceptiveness, Speaking, Statistical software, Writing, danic Technology"
"Educational, Guidance, and Career Counselors and Advisors",Advise and assist students and provide educational and vocational guidance services.,"ACT Discover, ACT WorkKeys, Active Learning, Active Listening, Adobe ActionScript, Adobe Photoshop, Athena Software Penelope Case Management, Blackbaud The Raiser's Edge, Blackboard Wimba, Blackboard software, Bloomz, Career Cruising, Career Dimensions Focus 2, Career decision-making programs, Career management systems CMS, Complex Problem Solving, Coordination, Critical Thinking, Facebook, Google Docs, Instructing, Judgment and Decision Making, Learning Strategies, Microsoft Access, Microsoft Excel, Microsoft Office software, Microsoft Outlook, Microsoft PowerPoint, Microsoft Project, Microsoft SQL Server Reporting Services SSRS, Microsoft SharePoint, Microsoft Word, Monitoring, Oracle PeopleSoft, Persuasion, Reading Comprehension, Service Orientation, Social Perceptiveness, Speaking, Writing"
Marriage and Family Therapists,"Diagnose and treat mental and emotional disorders, whether cognitive, affective, or behavioral, within the context of marriage and family systems. Apply psychotherapeutic and family systems theories and techniques in the delivery of services to individuals, couples, and families for the purpose of treating such diagnosed nervous and mental disorders.","Active Learning, Active Listening, Advantage Software Psych Advantage, American Medical Billing Software PMA, Anasazi Software Client Data System, Beaver Creek Software The THERAPIST, Blueberry Harbor Software Clinical Record Keeper, Care Paths eRecord, Casamba Smart, Complex Problem Solving, Coordination, Cornucopia Software Practice MAGIC, Critical Thinking, DocuTrac QuicDoc, EZ2Bill Confidant, EZClaim medical billing software, Google Meet, Hypertext preprocessor PHP, Instructing, Intuit QuickBooks, Judgment and Decision Making, Mdansby The PsychReport, Microsoft Access, Microsoft Excel, Microsoft Office software, Microsoft Outlook, Microsoft PowerPoint, Microsoft Teams, Microsoft Word, Monitoring, Negotiation, Netsmart Technologies Helper, Persuasion, Reading Comprehension, Service Orientation, Social Perceptiveness, Speaking, Writing, Zoom, eMDs Medisoft"
Mental Health Counselors,"Counsel and advise individuals and groups to promote optimum mental and emotional health, with an emphasis on prevention. May help individuals deal with a broad range of mental health issues, such as those associated with addictions and substance abuse; family, parenting, and marital problems; stress management; self-esteem; or aging.","Active Learning, Active Listening, Client information database systems, Complex Problem Solving, Critical Thinking, Database software, Email software, Google Classroom, Judgment and Decision Making, Management information systems MIS, Microsoft Access, Microsoft Dynamics, Microsoft Excel, Microsoft Internet Explorer, Microsoft Office software, Microsoft Outlook, Microsoft PowerPoint, Microsoft Word, Monitoring, Netscape Navigator, Oracle PeopleSoft, Patient electronic medical record EMR software, Persuasion, Reading Comprehension, Scheduling software, Service Orientation, Social Perceptiveness, Speaking, Statistical software, Test interpretation software, Web browser software, Writing"
Rehabilitation Counselors,"Counsel individuals to maximize the independence and employability of persons coping with personal, social, and vocational difficulties that result from birth defects, illness, disease, accidents, aging, or the stress of daily life. Coordinate activities for residents of care and treatment facilities. Assess client needs and design and implement rehabilitation programs that may include personal and vocational counseling, training, and job placement.","Active Listening, Adobe Acrobat Reader, Budgeting software, Chart Links, Client information database software, Coordination, Critical Thinking, Data input software, Electronic medical record EMR software, Email software, Encryption software, Fanatic Software Informant, Global positioning system GPS software, Microsoft ActiveSync, Microsoft Excel, Microsoft Internet Explorer, Microsoft Mobile Explorer MME, Microsoft Office Mobile, Microsoft Office Outlook, Microsoft Office software, Microsoft Outlook, Microsoft PowerPoint, Microsoft Word, Monitoring, Netscape Navigator, Reading Comprehension, Scheduling software, Service Orientation, SkillTRAN Job Browser Pro, SkillTRAN OASYS, Social Perceptiveness, Speaking, Test interpretation software, Writing"
"Counselors, All Other",All counselors not listed separately.,
"Child, Family, and School Social Workers","Provide social services and assistance to improve the social and psychological functioning of children and their families and to maximize the family well-being and the academic functioning of children. May assist parents, arrange adoptions, and find foster homes for abandoned or abused children. In schools, they address such problems as teenage pregnancy, misbehavior, and truancy. May also advise teachers.","Active Listening, Complex Problem Solving, Coordination, Critical Thinking, EasyCBM, Judgment and Decision Making, Microsoft Access, Microsoft Excel, Microsoft Office software, Microsoft Outlook, Microsoft PowerPoint, Microsoft Word, Monitoring, Negotiation, Patient electronic medical record EMR software, Persuasion, Reading Comprehension, Service Orientation, Social Perceptiveness, Speaking, Student information systems SIS software, Time Management, Web browser software, Writing"
Healthcare Social Workers,"Provide individuals, families, and groups with the psychosocial support needed to cope with chronic, acute, or terminal illnesses. Services include advising family caregivers. Provide patients with information and counseling, and make referrals for other services. May also provide case and care management or interventions designed to promote health, prevent disease, and address barriers to access to healthcare.","Active Learning, Active Listening, Adobe PageMaker, Automated clinical information systems, Calendar software, Command Systems ComServe, Complex Problem Solving, Coordination, Corel WordPerfect Office Suite, Critical Thinking, Database software, Email software, Google Meet, Healthcare common procedure coding system HCPCS, Information presentation software, Intrado SchoolMessenger, James Frazier Associates DataStart, Judgment and Decision Making, MEDITECH software, Medical procedure coding software, Medical records software, Microsoft Excel, Microsoft Office software, Microsoft PowerPoint, Microsoft Publisher, Microsoft Teams, Microsoft Word, Patient electronic medical record EMR software, Reading Comprehension, Relational database software, Service Orientation, Social Perceptiveness, Social Solutions ETO, Speaking, Writing, Zoom"
Mental Health and Substance Abuse Social Workers,"Assess and treat individuals with mental, emotional, or substance abuse problems, including abuse of alcohol, tobacco, and/or other drugs. Activities may include individual and group therapy, crisis intervention, case management, client advocacy, prevention, and education.","Active Listening, Adobe Acrobat, Adobe PageMaker, Client records software, Complex Problem Solving, Coordination, Corel WordPerfect Office Suite, Critical Thinking, Database software, Email software, Information presentation software, James Frazier Associates DataStart, Judgment and Decision Making, Learning Strategies, Medical condition coding software, Medical procedure coding software, Microsoft Excel, Microsoft Internet Explorer, Microsoft Office software, Microsoft Outlook, Microsoft PowerPoint, Microsoft Publisher, Microsoft SharePoint, Microsoft Word, Monitoring, Netscape Navigator, Patient electronic medical record EMR software, Persuasion, Reading Comprehension, Scheduling software, Service Orientation, Social Perceptiveness, Social Solutions ETO, Social Work Software ClientTouch, Speaking, Web browser software, Writing"
"Social Workers, All Other",All social workers not listed separately.,
Health Education Specialists,"Provide and manage health education programs that help individuals, families, and their communities maximize and maintain healthy lifestyles. Use data to identify community needs prior to planning, implementing, monitoring, and evaluating programs designed to encourage healthy lifestyles, policies, and environments. May link health systems, health providers, insurers, and patients to address individual and population health needs. May serve as resource to assist individuals, other health professionals, or the community, and may administer fiscal resources for health education programs.","Active Learning, Active Listening, Adobe Photoshop, Blackbaud The Raiser's Edge, Blackboard software, Blogging software, Centers for Disease Control and Prevention CDC WONDER, Centers for Disease Control and Prevention Epi Info, Coordination, Critical Thinking, Edpuzzle, Facebook, JamBoard, Learning Strategies, LogMeIn GoToWebinar, MEDITECH software, Mentimeter, Microsoft Access, Microsoft Excel, Microsoft Office software, Microsoft Outlook, Microsoft PowerPoint, Microsoft Publisher, Microsoft Visio, Microsoft Word, Padlet, Reading Comprehension, Social Perceptiveness, Speaking, Web browser software, Wiki software, Writing"
Probation Officers and Correctional Treatment Specialists,"Provide social services to assist in rehabilitation of law offenders in custody or on probation or parole. Make recommendations for actions involving formulation of rehabilitation plan and treatment of offender, including conditional release and education and employment stipulations.","Active Listening, Appointment scheduling software, Case management software, Complex Problem Solving, Corel WordPerfect Office Suite, Court records databases, Critical Thinking, Electronic tracking device software, Email software, Facebook, Judgment and Decision Making, LinkedIn, Microsoft Access, Microsoft Excel, Microsoft Office software, Microsoft Outlook, Microsoft PowerPoint, Microsoft Word, Monitoring, Reading Comprehension, Social Perceptiveness, Speaking, Speech recognition software, Tyler Technologies Odyssey Case Manager, Web browser software, Writing"
Social and Human Service Assistants,"Assist other social and human service providers in providing client services in a wide variety of fields, such as psychology, rehabilitation, or social work, including support for families. May assist clients in identifying and obtaining available benefits and social and community services. May assist social workers with developing, organizing, and conducting programs to prevent and resolve problems relevant to substance abuse, human relationships, rehabilitation, or dependent care.","Active Listening, Coordination, Critical Thinking, Database software, Electronic medical record EMR software, MEDITECH software, Microsoft Access, Microsoft Excel, Microsoft Office software, Microsoft Outlook, Microsoft PowerPoint, Microsoft Word, Monitoring, Nuance Dragon NaturallySpeaking, PointClickCare healthcare software, Reading Comprehension, Service Orientation, Social Perceptiveness, Speaking, Web browser software, Writing"
Community Health Workers,"Promote health within a community by assisting individuals to adopt healthy behaviors. Serve as an advocate for the health needs of individuals by assisting community residents in effectively communicating with healthcare providers or social service agencies. Act as liaison or advocate and implement programs that promote, maintain, and improve individual and overall community health. May deliver health-related preventive services such as blood pressure, glaucoma, and hearing screenings. May collect data to help identify community health needs.","Active Learning, Active Listening, Apple macOS, Client databases, Complex Problem Solving, Coordination, Critical Thinking, Electronic health record EHR software, Google Workspace software, Instructing, Microsoft Access, Microsoft Excel, Microsoft Office software, Microsoft Outlook, Microsoft PowerPoint, Microsoft Publisher, Microsoft Word, Persuasion, Reading Comprehension, Service Orientation, SmugMug Flickr, Social Perceptiveness, Speaking, Web browser software, Writing, Zoom"
"Community and Social Service Specialists, All Other",All community and social service specialists not listed separately.,
Clergy,Conduct religious worship and perform other spiritual functions associated with beliefs and practices of religious faith or denomination. Provide spiritual and moral guidance and assistance to members.,"Active Learning, Active Listening, Complex Problem Solving, Coordination, Critical Thinking, Email software, Event scheduling software, Facebook, GroupMe, Instructing, Judgment and Decision Making, Learning Strategies, Membership databases, Microsoft Excel, Microsoft Office software, Microsoft Outlook, Microsoft PowerPoint, Microsoft Word, Monitoring, Negotiation, Persuasion, Reading Comprehension, Service Orientation, Social Perceptiveness, Speaking, Time Management, Twitter, Web browser software, Writing"
"Directors, Religious Activities and Education","Coordinate or design programs and conduct outreach to promote the religious education or activities of a denominational group. May provide counseling, guidance, and leadership relative to marital, health, financial, and religious problems.","Active Learning, Active Listening, Adobe Photoshop, Complex Problem Solving, Coordination, Critical Thinking, Database software, Email software, Event scheduling software, Facebook, Google Workspace software, Instructing, Judgment and Decision Making, Learning Strategies, Microsoft Access, Microsoft Excel, Microsoft Office software, Microsoft Outlook, Microsoft PowerPoint, Microsoft Publisher, Microsoft Word, Reading Comprehension, Service Orientation, Social Perceptiveness, Social media software, Speaking, Twitter, Web browser software, Website development software, Zoom"
"Religious Workers, All Other",All religious workers not listed separately.,
Lawyers,"Represent clients in criminal and civil litigation and other legal proceedings, draw up legal documents, or manage or advise clients on legal transactions. May specialize in a single area or may practice broadly in many areas of law.","ADC Legal Systems Perfect Practice, ADERANT Expert Matter Center, Abacus Data Systems AbacusLaw, AbacusNext HotDocs, Active Learning, Active Listening, Adobe Acrobat, Advanced Technologies Class Act, AdvantageLaw WinVantage, Anacomp CaseLogistix, Argosy Legal Systems Power Closer, BQE Software BillQuick, Best Case Solutions Best Case Bankruptcy, Bridgeway eCounsel, Canyon Solutions Jcats, Captaris Alchemy, Catalyst Repository Systems CatalystCR, Catalyst Repository Systems CatalystDR, Complex Problem Solving, Coordination, Critical Thinking, Google Analytics, Judgment and Decision Making, Microsoft Access, Microsoft Excel, Microsoft Office software, Microsoft Outlook, Microsoft PowerPoint, Microsoft Project, Microsoft Word, Negotiation, Persuasion, Reading Comprehension, SAP software, Social Perceptiveness, Speaking, Time Management, Writing"
Judicial Law Clerks,Assist judges in court or by conducting research or preparing legal documents.,"Active Learning, Active Listening, Aderant CompuLaw, Adobe Acrobat, Advanced Technologies Class Act, American Legalnet Smart Dockets, American Legalnet eDockets, Canyon Solutions Jcats, Complex Problem Solving, Compugov DocketView, Corel WordPerfect Office Suite, Critical Thinking, Infocom JACS, Justice Systems FullCourt Enterprise, Legal Files software, Levare Center Court, LexisNexis, LexisNexis CourtLink Strategic Profiles, LexisNexis Lexis Advance, LexisNexis SmartLinx, Microsoft Access, Microsoft Excel, Microsoft Office software, Microsoft Outlook, Microsoft PowerPoint, Microsoft Windows, Microsoft Word, New Dawn Technologies JustWare Court, Oracle JavaServer Pages JSP, Reading Comprehension, Speaking, Writing"
"Administrative Law Judges, Adjudicators, and Hearing Officers","Conduct hearings to recommend or make decisions on claims concerning government programs or other government-related matters. Determine liability, sanctions, or penalties, or recommend the acceptance or rejection of claims or settlements.","Active Learning, Active Listening, Adobe Acrobat, Complex Problem Solving, Courtroom scheduling software, Critical Thinking, Email software, Judgment and Decision Making, LexisNexis, Microsoft Access, Microsoft Excel, Microsoft Office software, Microsoft Outlook, Microsoft PowerPoint, Microsoft Windows, Microsoft Word, Monitoring, Online databases, Reading Comprehension, SAP software, Social Perceptiveness, Speaking, Thomson Reuters Westlaw, Videoconferencing software, Web browser software, Writing"
"Arbitrators, Mediators, and Conciliators",Facilitate negotiation and conflict resolution through dialogue. Resolve conflicts outside of the court system by mutual consent of parties involved.,"Active Learning, Active Listening, Complex Problem Solving, Critical Thinking, Judgment and Decision Making, Microsoft Access, Microsoft Excel, Microsoft Office software, Microsoft Outlook, Microsoft PowerPoint, Microsoft SharePoint, Microsoft Word, Negotiation, Oracle PeopleSoft, Persuasion, Reading Comprehension, SAP software, Salesforce software, Scheduling software, Social Perceptiveness, Speaking, Web browser software, Writing"
"Judges, Magistrate Judges, and Magistrates","Arbitrate, advise, adjudicate, or administer justice in a court of law. May sentence defendant in criminal cases according to government statutes or sentencing guidelines. May determine liability of defendant in civil cases. May perform wedding ceremonies.","Active Learning, Active Listening, Adobe Acrobat, Complex Problem Solving, Courtroom scheduling software, Critical Thinking, Email software, Hyland OnBase Enterprise Content Management, Judgment and Decision Making, LexisNexis, LinkedIn, Microsoft Excel, Microsoft Office software, Microsoft Outlook, Microsoft PowerPoint, Microsoft Word, Monitoring, Online databases, Reading Comprehension, Social Perceptiveness, Speaking, Thomson Reuters Westlaw, Videoconferencing software, Web browser software, Writing"
Paralegals and Legal Assistants,"Assist lawyers by investigating facts, preparing legal documents, or researching legal precedent. Conduct research to support a legal proceeding, to formulate a defense, or to initiate legal action.","AbacusNext HotDocs, Active Listening, Adobe Acrobat, American LegalNet USCourtForms, Appligent Citation FDFMerge, Blumbeg Drafting Libraries, Bowne JFS Litigator's Notebook, Bridgeway eCounsel, Case analysis software, CaseSoft DepPrep, CaseSoft TextMap, CaseSoft TimeMap, Computer access catalog software, Google Docs, Google Workspace software, Intuit QuickBooks, Microsoft Access, Microsoft Excel, Microsoft Office software, Microsoft Outlook, Microsoft PowerPoint, Microsoft Project, Microsoft SharePoint, Microsoft Word, Reading Comprehension, Speaking, Writing, Zoom, a la mode WinTOTAL"
"Title Examiners, Abstractors, and Searchers","Search real estate records, examine titles, or summarize pertinent legal or insurance documents or details for a variety of purposes. May compile lists of mortgages, contracts, and other instruments pertaining to titles by searching public and private records for law firms, real estate agencies, or title insurance companies.","Active Listening, Adobe Acrobat, Contact management software, Critical Thinking, Data Trace Title IQ, File management software, First American Data Tree Parcel IQ, GATORS ANYWHERE, Geographic information system GIS databases, Google Workspace software, Landtitle USA, Microsoft Access, Microsoft Excel, Microsoft Internet Explorer, Microsoft Office software, Microsoft Outlook, Microsoft PowerPoint, Microsoft Windows, Microsoft Word, Property Insight TitlePoint, PropertyInfo SureClose, RamQuest Total Solution, Reading Comprehension, Salesforce software, SoftPro real estate closing and title software, Speaking, Web browser software"
"Legal Support Workers, All Other",All legal support workers not listed separately.,
"Business Teachers, Postsecondary","Teach courses in business administration and management, such as accounting, finance, human resources, labor and industrial relations, marketing, and operations research. Includes both teachers primarily engaged in teaching and those who do a combination of teaching and research.","Active Learning, Active Listening, Almaris E-Learning Systems Financial Accounting Tutor, Blackboard Learn, Blackboard software, Collaborative editing software, Complex Problem Solving, Course management system software, Critical Thinking, DOC Cop, Desire2Learn LMS software, Email software, Google Docs, Google Gmail, Google Scholar, Hypertext markup language HTML, IBM SPSS Statistics, Image scanning software, Instructing, Instructure Canvas, Learning Strategies, Learning management system LMS, Microsoft Excel, Microsoft Office software, Microsoft Outlook, Microsoft PowerPoint, Microsoft Word, Monitoring, R, Reading Comprehension, SAS, Sage 50 Accounting, Speaking, Writing, iParadigms Turnitin"
"Computer Science Teachers, Postsecondary","Teach courses in computer science. May specialize in a field of computer science, such as the design and function of computers or operations and research analysis. Includes both teachers primarily engaged in teaching and those who do a combination of teaching and research.","Active Learning, Active Listening, Adobe Dreamweaver, Adobe Photoshop, Adobe Premiere Pro, Blackboard Learn, Blackboard software, C, C#, C++, Collaborative editing software, Complex Problem Solving, Course management system software, Critical Thinking, Database software, Google Docs, Hypertext markup language HTML, Instructing, Judgment and Decision Making, Learning Strategies, Linux, Microsoft Access, Microsoft Excel, Microsoft Office software, Microsoft Outlook, Microsoft PowerPoint, Microsoft Visual Basic, Microsoft Word, Monitoring, Oracle Java, PHP, Python, Reading Comprehension, Social Perceptiveness, Speaking, UNIX, Writing"
"Mathematical Science Teachers, Postsecondary","Teach courses pertaining to mathematical concepts, statistics, and actuarial science and to the application of original and standardized mathematical techniques in solving specific problems and situations. Includes both teachers primarily engaged in teaching and those who do a combination of teaching and research.","Active Learning, Active Listening, Blackboard Learn, Blackboard software, Collaborative editing software, Complex Problem Solving, Course management system software, Critical Thinking, DOC Cop, Desire2Learn LMS software, Desmos, Email software, Geogebra, Google Docs, Image scanning software, Instructing, Learning Strategies, Learning management system LMS, Mathematics, Microsoft Access, Microsoft Excel, Microsoft Office software, Microsoft Outlook, Microsoft PowerPoint, Microsoft Visual Basic, Microsoft Visual Basic for Applications VBA, Microsoft Word, Monitoring, Moodle, Reading Comprehension, SAS, Sakai CLE, Speaking, Structured query language SQL, Writing, iParadigms Turnitin"
"Architecture Teachers, Postsecondary","Teach courses in architecture and architectural design, such as architectural environmental design, interior architecture/design, and landscape architecture. Includes both teachers primarily engaged in teaching and those who do a combination of teaching and research.","Active Learning, Active Listening, Adobe Acrobat, Adobe Creative Cloud software, Adobe Illustrator, Adobe InDesign, Adobe Photoshop, Autodesk 3D Studio Design, Autodesk 3ds Max, Autodesk AutoCAD, Autodesk Ecotect Analysis, Autodesk Inventor, Autodesk Mudbox, Autodesk Revit, Blackboard Learn, Blender, Collaborative editing software, Complex Problem Solving, Computer aided design and drafting CADD software, Course management system software, Critical Thinking, Desire2Learn LMS software, Instructing, Judgment and Decision Making, Learning Strategies, Microsoft Excel, Microsoft Office software, Microsoft Outlook, Microsoft PowerPoint, Microsoft Word, Monitoring, Reading Comprehension, Salesforce software, Social Perceptiveness, Speaking, Trimble SketchUp Pro, Writing"
"Engineering Teachers, Postsecondary","Teach courses pertaining to the application of physical laws and principles of engineering for the development of machines, materials, instruments, processes, and services. Includes teachers of subjects such as chemical, civil, electrical, industrial, mechanical, mineral, and petroleum engineering. Includes both teachers primarily engaged in teaching and those who do a combination of teaching and research.","Active Learning, Active Listening, Autodesk AutoCAD, Autodesk Revit, Blackboard Learn, C++, Collaborative editing software, Course management system software, Critical Thinking, DOC Cop, Dassault Systemes CATIA, Dassault Systemes SolidWorks, Desire2Learn LMS software, Email software, Finite element analysis software, Google Docs, Image scanning software, Instructing, JavaScript, Judgment and Decision Making, Learning Strategies, Mathematics, Microsoft Excel, Microsoft Office software, Microsoft Outlook, Microsoft PowerPoint, Microsoft Project, Microsoft Word, Oracle Java, Oracle Primavera Enterprise Project Portfolio Management, Python, Reading Comprehension, Science, Speaking, The MathWorks MATLAB, Writing"
"Agricultural Sciences Teachers, Postsecondary","Teach courses in the agricultural sciences. Includes teachers of agronomy, dairy sciences, fisheries management, horticultural sciences, poultry sciences, range management, and agricultural soil conservation. Includes both teachers primarily engaged in teaching and those who do a combination of teaching and research.","Active Learning, Active Listening, Blackboard Learn, Collaborative editing software, Complex Problem Solving, Coordination, Course management system software, Critical Thinking, DOC Cop, Data management software, Database software, Desire2Learn LMS software, Email software, Epic Systems, Google Docs, Image scanning software, Instructing, Judgment and Decision Making, Learning Strategies, Learning management system LMS, Microsoft Excel, Microsoft Office software, Microsoft Outlook, Microsoft PowerPoint, Microsoft Word, Monitoring, Reading Comprehension, Sakai CLE, Science, Speaking, Web browser software, Web page design software, Writing, iParadigms Turnitin"
"Biological Science Teachers, Postsecondary",Teach courses in biological sciences. Includes both teachers primarily engaged in teaching and those who do a combination of teaching and research.,"Active Learning, Active Listening, Aipotu, Blackboard Learn, Blackboard software, Collaborative editing software, Complex Problem Solving, Course management system software, Critical Thinking, DOC Cop, Desire2Learn LMS software, Email software, Geographic information system GIS software, Google Docs, Graphics creation software, IBM SPSS Statistics, Image analysis software, Image scanning software, Instructing, Judgment and Decision Making, Learning Strategies, Learning management system LMS, Microsoft Excel, Microsoft Office software, Microsoft Outlook, Microsoft PowerPoint, Microsoft Windows, Microsoft Word, Modeling software, Monitoring, Reading Comprehension, SAS, Science, Speaking, The MathWorks MATLAB, Time Management, Writing, iParadigms Turnitin"
"Forestry and Conservation Science Teachers, Postsecondary",Teach courses in forestry and conservation science. Includes both teachers primarily engaged in teaching and those who do a combination of teaching and research.,"Active Learning, Active Listening, Apache Struts, Atlassian JIRA, Blackboard Learn, Collaborative editing software, Complex Problem Solving, Course management system software, Critical Thinking, DOC Cop, Desire2Learn LMS software, ESRI ArcGIS software, Electronic data interchange EDI software, Google Angular, Google Docs, Hibernate ORM, Instructing, JavaScript, Learning Strategies, Microsoft Excel, Microsoft Office software, Microsoft Outlook, Microsoft PowerPoint, Microsoft Visio, Microsoft Word, Monitoring, MySQL, Oracle Database, Oracle Java, Reading Comprehension, SAP software, SAS, Salesforce software, Speaking, Writing"
"Atmospheric, Earth, Marine, and Space Sciences Teachers, Postsecondary","Teach courses in the physical sciences, except chemistry and physics. Includes both teachers primarily engaged in teaching, and those who do a combination of teaching and research.","ACD Systems Canvas, Active Learning, Active Listening, Adobe Acrobat, Adobe After Effects, Adobe Photoshop, Ansys Fluent, Blackboard Learn, Blackboard software, CGG HampsonRussell, Collaborative editing software, Complex Problem Solving, Corel CorelDraw Graphics Suite, Course management system software, Critical Thinking, DOC Cop, Desire2Learn LMS software, ESRI ArcGIS software, ESRI ArcInfo, Email software, GeoCenter SeisUP, Geosoft Oasis montaj, Google Docs, Instructing, Judgment and Decision Making, Learning Strategies, Microsoft Excel, Microsoft Office software, Microsoft Outlook, Microsoft PowerPoint, Microsoft Word, Monitoring, Reading Comprehension, Science, Speaking, The MathWorks MATLAB, Writing"
"Chemistry Teachers, Postsecondary","Teach courses pertaining to the chemical and physical properties and compositional changes of substances. Work may include providing instruction in the methods of qualitative and quantitative chemical analysis. Includes both teachers primarily engaged in teaching, and those who do a combination of teaching and research.","Active Learning, Active Listening, Auto3DEM, Blackboard Learn, CCP4, Collaborative editing software, Complex Problem Solving, Course management system software, Critical Thinking, DOC Cop, Desire2Learn LMS software, Email software, Google Docs, IHRSR++, Image scanning software, Instructing, Judgment and Decision Making, Learning Strategies, Learning management system LMS, Microsoft Excel, Microsoft Office software, Microsoft Outlook, Microsoft PowerPoint, Microsoft Word, Monitoring, Moodle, Mosflm, OriginLab Origin, PerkinElmer ChemOffice Chem3D, PerkinElmer ChemOffice ChemDraw, PerkinElmer ChemOffice Suite, Reading Comprehension, Sakai CLE, Science, Speaking, Writing, iParadigms Turnitin"
"Environmental Science Teachers, Postsecondary",Teach courses in environmental science. Includes both teachers primarily engaged in teaching and those who do a combination of teaching and research.,"Active Learning, Active Listening, Adobe Acrobat, Autodesk AutoCAD, Blackboard Learn, Collaborative editing software, Complex Problem Solving, Course management system software, Critical Thinking, DOC Cop, Desire2Learn LMS software, ESRI ArcGIS software, Email software, Geographic information system GIS systems, Google Docs, Google Drive, Image scanning software, Instructing, Learning Strategies, Learning management system LMS, Microsoft Access, Microsoft Excel, Microsoft Office software, Microsoft Outlook, Microsoft PowerPoint, Microsoft Word, Monitoring, Reading Comprehension, Sakai CLE, Science, Social media software, Speaking, Web browser software, Writing, iParadigms Turnitin"
"Physics Teachers, Postsecondary",Teach courses pertaining to the laws of matter and energy. Includes both teachers primarily engaged in teaching and those who do a combination of teaching and research.,"Active Learning, Active Listening, Autodesk AutoCAD, Blackboard Learn, C, C++, Collaborative editing software, Complex Problem Solving, Course management system software, Critical Thinking, DOC Cop, Desire2Learn LMS software, Edmodo, Email software, FFTPACK, FFTW, Formula translation/translator FORTRAN, GIPSY-OASIS, GNU Octave, Geant4, Google Docs, Instructing, Judgment and Decision Making, Learning Strategies, Mathematics, Microsoft Excel, Microsoft Office software, Microsoft Outlook, Microsoft PowerPoint, Microsoft Windows, Microsoft Word, Monitoring, Perl, Reading Comprehension, Science, Speaking, The MathWorks MATLAB, Writing"
"Anthropology and Archeology Teachers, Postsecondary",Teach courses in anthropology or archeology. Includes both teachers primarily engaged in teaching and those who do a combination of teaching and research.,"Active Learning, Active Listening, Adobe Acrobat, Adobe Creative Cloud software, Adobe Dreamweaver, Adobe Illustrator, Adobe Photoshop, Blackboard Learn, Collaborative editing software, Complex Problem Solving, Course management system software, Critical Thinking, DOC Cop, Desire2Learn LMS software, Digitizing software, ESRI ArcGIS Geostatistical Analyst, ESRI ArcGIS Spatial Analyst, ESRI ArcGIS software, ESRI ArcMap, ESRI ArcView, Email software, Google Docs, IBM SPSS Statistics, Instructing, Judgment and Decision Making, Learning Strategies, Microsoft Access, Microsoft Excel, Microsoft Office software, Microsoft Outlook, Microsoft PowerPoint, Microsoft Word, Monitoring, Reading Comprehension, Science, Social Perceptiveness, Speaking, Time Management, Writing"
"Area, Ethnic, and Cultural Studies Teachers, Postsecondary","Teach courses pertaining to the culture and development of an area, an ethnic group, or any other group, such as Latin American studies, women's studies, or urban affairs. Includes both teachers primarily engaged in teaching and those who do a combination of teaching and research.","Active Learning, Active Listening, Blackboard Learn, Collaborative editing software, Complex Problem Solving, Course management system software, Critical Thinking, DOC Cop, Desire2Learn LMS software, Email software, FileMaker Pro, Google Docs, Google Drive, Image scanning software, Instructing, Learning Strategies, Learning management system LMS, Microsoft Excel, Microsoft Office software, Microsoft Outlook, Microsoft PowerPoint, Microsoft Windows, Microsoft Word, Reading Comprehension, Sakai CLE, Social media software, Speaking, Web browser software, Writing, YouTube, iParadigms Turnitin"
"Economics Teachers, Postsecondary",Teach courses in economics. Includes both teachers primarily engaged in teaching and those who do a combination of teaching and research.,"Active Learning, Active Listening, Aptech Systems GAUSS, Blackboard Learn, Collaborative editing software, Course management system software, Critical Thinking, DOC Cop, Desire2Learn LMS software, Econometric Software LIMDEP, Econport, Email software, Estima RATS, FEAR, Facebook, Gnuplot, Google Docs, Image scanning software, Insightful S-PLUS, Instructing, Learning Strategies, Microsoft Access, Microsoft Excel, Microsoft Office software, Microsoft Outlook, Microsoft PowerPoint, Microsoft Word, Python, R, Reading Comprehension, Speaking, The MathWorks MATLAB, Writing"
"Geography Teachers, Postsecondary",Teach courses in geography. Includes both teachers primarily engaged in teaching and those who do a combination of teaching and research.,"Active Learning, Active Listening, Adobe Acrobat Reader, Adobe Creative Cloud software, Blackboard Learn, Caliper Maptitude, Clark Labs CartaLinx, Clark Labs IDRISI, Collaborative editing software, Complex Problem Solving, Course management system software, Critical Thinking, DOC Cop, Desire2Learn LMS software, ESRI ArcGIS Geostatistical Analyst, ESRI ArcGIS software, ESRI ArcView, ESRI ArcView 3D Analyst, Email software, Geographic information system GIS software, Google Docs, IBM SPSS Statistics, Instructing, Learning Strategies, Microsoft Excel, Microsoft Office software, Microsoft Outlook, Microsoft PowerPoint, Microsoft Word, Mozilla Firefox, Reading Comprehension, Speaking, The MathWorks MATLAB, Writing"
"Political Science Teachers, Postsecondary","Teach courses in political science, international affairs, and international relations. Includes both teachers primarily engaged in teaching and those who do a combination of teaching and research.","Active Learning, Active Listening, Blackboard Learn, C, Collaborative editing software, Complex Problem Solving, ContextMiner, Course management system software, Critical Thinking, DOC Cop, Desire2Learn LMS software, Email software, Empirisoft MediaLab, Formula translation/translator FORTRAN, Google Docs, Image scanning software, Instructing, Learning Strategies, Learning management system LMS, Microsoft Excel, Microsoft Office software, Microsoft Outlook, Microsoft PowerPoint, Microsoft Word, Moodle, R, Reading Comprehension, Sakai CLE, Speaking, W-NOMINATE, Web browser software, Writing, iParadigms Turnitin, poLCA"
"Psychology Teachers, Postsecondary","Teach courses in psychology, such as child, clinical, and developmental psychology, and psychological counseling. Includes both teachers primarily engaged in teaching and those who do a combination of teaching and research.","Active Learning, Active Listening, Biomedical Imaging Resource Analyze, Blackboard Learn, Blackboard software, Cedrus SuperLab Pro, Cengage Learning Sniffy the Virtual Rat, Collaborative editing software, Complex Problem Solving, Course management system software, Critical Thinking, DOC Cop, Desire2Learn LMS software, Email software, Empirisoft DirectRT, Empirisoft MediaLab, FreeSurfer, Google Docs, IBM SPSS Statistics, Image scanning software, Instructing, Judgment and Decision Making, Learning Strategies, Microsoft Excel, Microsoft Office software, Microsoft Outlook, Microsoft PowerPoint, Microsoft Word, Monitoring, R, Reading Comprehension, SAS, Social Perceptiveness, Speaking, The MathWorks MATLAB, Writing, ePsych"
"Sociology Teachers, Postsecondary",Teach courses in sociology. Includes both teachers primarily engaged in teaching and those who do a combination of teaching and research.,"Active Learning, Active Listening, Blackboard Learn, Blackboard software, Centre for Multilevel Modeling MLwiN, Collaborative editing software, Course management system software, Critical Thinking, DOC Cop, Desire2Learn LMS software, Econometric Software LIMDEP, Email software, Google Docs, IBM SPSS Statistics, Image scanning software, Instructing, Learning Strategies, Learning management system LMS, Microsoft Excel, Microsoft Office software, Microsoft Outlook, Microsoft PowerPoint, Microsoft Word, Monitoring, Muthen & Muthen Mplus, R, Reading Comprehension, SAS, Sakai CLE, Scientific Software International HLM, Social Perceptiveness, Speaking, The MathWorks MATLAB, Writing, iParadigms Turnitin"
"Social Sciences Teachers, Postsecondary, All Other",All postsecondary social sciences teachers not listed separately.,
"Health Specialties Teachers, Postsecondary","Teach courses in health specialties, in fields such as dentistry, laboratory technology, medicine, pharmacy, public health, therapy, and veterinary medicine.","Active Learning, Active Listening, Adobe Presenter, Articulate Rapid E-Learning Studio, Blackboard Learn, Blackboard software, Collaborative editing software, Complex Problem Solving, Course management system software, Critical Thinking, DOC Cop, Dental software, Desire2Learn LMS software, EcoLogic ADAM Indoor Air Quality and Analytical Data Management, Electronic health record EHR software, Email software, Geographic information system GIS software, Google Docs, Healthcare common procedure coding system HCPCS, IBM SPSS Statistics, Image scanning software, Instructing, InteractElsevier Netter's 3D Interactive Anatomy, Judgment and Decision Making, Learning Strategies, Microsoft Access, Microsoft Excel, Microsoft Office software, Microsoft Outlook, Microsoft PowerPoint, Microsoft Word, Monitoring, Reading Comprehension, SAS, Speaking, Time Management, Writing"
"Nursing Instructors and Teachers, Postsecondary",Demonstrate and teach patient care in classroom and clinical units to nursing students. Includes both teachers primarily engaged in teaching and those who do a combination of teaching and research.,"Active Learning, Active Listening, Blackboard Learn, Blackboard software, Collaborative editing software, Common Curriculum, Complex Problem Solving, Coordination, Course management system software, Critical Thinking, DOC Cop, Desire2Learn LMS software, Email software, Google Docs, Image scanning software, Instructing, Interactive learning software, Judgment and Decision Making, Learning Strategies, Learning management system LMS, MEDITECH software, Microsoft Excel, Microsoft Office software, Microsoft Outlook, Microsoft PowerPoint, Microsoft Word, Monitoring, Moodle, Presentation graphics software, Reading Comprehension, Sakai CLE, Social Perceptiveness, Speaking, Web browser software, Writing, iParadigms Turnitin"
"Education Teachers, Postsecondary","Teach courses pertaining to education, such as counseling, curriculum, guidance, instruction, teacher education, and teaching English as a second language. Includes both teachers primarily engaged in teaching and those who do a combination of teaching and research.","Active Learning, Active Listening, Blackboard Learn, Blackboard software, Collaborative editing software, Complex Problem Solving, Course management system software, Critical Thinking, DOC Cop, Desire2Learn LMS software, Desmos, Editing software, Email software, Geogebra, Google Docs, Image scanning software, Instructing, Learning Strategies, Learning management system LMS, Microsoft Excel, Microsoft Office software, Microsoft Outlook, Microsoft PowerPoint, Microsoft Word, Monitoring, Padlet, Reading Comprehension, SAS, Sakai CLE, Speaking, Time Management, VoiceThread, Web browser software, Writing, iParadigms Turnitin"
"Library Science Teachers, Postsecondary",Teach courses in library science. Includes both teachers primarily engaged in teaching and those who do a combination of teaching and research.,"Active Learning, Active Listening, Amazon Elastic Compute Cloud EC2, Association for Computing Machinery Digital Library, Blackboard Learn, C++, Collaborative editing software, Complex Problem Solving, Course management system software, Critical Thinking, DOC Cop, Database management system software, Desire2Learn LMS software, EBSCO Information Services Academic Search Premier, EBSCO Information Services Library Literature and Information Science Index, EBSCO Library, Information Science, and Technology Abstracts LISTSA, Extensible markup language XML, Google Docs, Instructing, JavaScript, Learning Strategies, Microsoft Excel, Microsoft Office software, Microsoft Outlook, Microsoft PowerPoint, Microsoft SharePoint, Microsoft Word, Monitoring, MySQL, PHP, Reading Comprehension, Speaking, Splunk Enterprise, Structured query language SQL, Writing"
"Criminal Justice and Law Enforcement Teachers, Postsecondary","Teach courses in criminal justice, corrections, and law enforcement administration. Includes both teachers primarily engaged in teaching and those who do a combination of teaching and research.","Active Learning, Active Listening, Blackboard Learn, Blackboard software, Collaborative editing software, Course management system software, Critical Thinking, DOC Cop, Desire2Learn LMS software, Distance learning software, Email software, Google Docs, Image scanning software, Instructing, Judgment and Decision Making, Learning Strategies, Learning management system LMS, Microsoft Access, Microsoft Excel, Microsoft Office software, Microsoft Outlook, Microsoft PowerPoint, Microsoft Word, Monitoring, National Crime Information Center (NCIC) database, Reading Comprehension, Sakai CLE, Speaking, Web browser software, Writing, iParadigms Turnitin"
"Law Teachers, Postsecondary",Teach courses in law. Includes both teachers primarily engaged in teaching and those who do a combination of teaching and research.,"ACD Systems Canvas, AbacusNext HotDocs, Active Learning, Active Listening, Blackboard Learn, CT Summation iBlaze, Center for Computer-Assisted Legal Instruction CALI Author, Center for Computer-Assisted Legal Instruction CALI Classcaster, Collaborative editing software, Collateral Consequences Calculator, Complex Problem Solving, Course management system software, Critical Thinking, DOC Cop, Desire2Learn LMS software, Email software, ExamSoft Exam Intelligence, Google Docs, Image scanning software, Instructing, Judgment and Decision Making, Learning Strategies, Learning management system LMS, LexisNexis, LexisNexis CaseMap, Microsoft Excel, Microsoft Office software, Microsoft Outlook, Microsoft PowerPoint, Microsoft Publisher, Microsoft Word, Reading Comprehension, Speaking, Writing, iParadigms Turnitin"
"Social Work Teachers, Postsecondary",Teach courses in social work. Includes both teachers primarily engaged in teaching and those who do a combination of teaching and research.,"Active Learning, Active Listening, Adobe Acrobat, Blackboard Learn, Collaborative editing software, Complex Problem Solving, Coordination, Course management system software, Critical Thinking, DOC Cop, Desire2Learn LMS software, Email software, Google Docs, Image scanning software, Instructing, Judgment and Decision Making, Learning Strategies, Learning management system LMS, Microsoft Excel, Microsoft Office software, Microsoft Outlook, Microsoft PowerPoint, Microsoft Word, Monitoring, Moodle, Reading Comprehension, Sakai CLE, Social Perceptiveness, Speaking, Web browser software, Writing, iParadigms Turnitin"
"Art, Drama, and Music Teachers, Postsecondary","Teach courses in drama, music, and the arts including fine and applied art, such as painting and sculpture, or design and crafts. Includes both teachers primarily engaged in teaching and those who do a combination of teaching and research.","Active Learning, Active Listening, Adobe Acrobat, Adobe After Effects, Adobe Audition, Adobe Creative Cloud software, Adobe Dreamweaver, Adobe Illustrator, Adobe InDesign, Adobe Photoshop, Apple DVD Studio Pro, Apple Final Cut Pro, Apple Logic Pro, Autodesk Maya, Cascading style sheets CSS, Critical Thinking, Google Docs, Hypertext markup language HTML, Instructing, JavaScript, Learning Strategies, Linux, Microsoft Excel, Microsoft Office software, Microsoft Outlook, Microsoft PowerPoint, Microsoft Visual Studio, Microsoft Word, Monitoring, MySQL, PHP, Reading Comprehension, Social Perceptiveness, Speaking, Time Management, Writing"
"Communications Teachers, Postsecondary","Teach courses in communications, such as organizational communications, public relations, radio/television broadcasting, and journalism. Includes both teachers primarily engaged in teaching and those who do a combination of teaching and research.","Active Learning, Active Listening, Adobe Acrobat, Adobe Audition, Adobe Creative Cloud software, Adobe Illustrator, Adobe InDesign, Adobe Photoshop, Apple Final Cut Pro, Audacity, Avid Technology Media Composer, Avid Technology Pro Tools, Blackboard Learn, Blackboard software, Collaborative editing software, Complex Problem Solving, Course management system software, Critical Thinking, DOC Cop, Data visualization software, Desire2Learn LMS software, Email software, Google Docs, Instructing, Judgment and Decision Making, Learning Strategies, Microsoft Excel, Microsoft Office software, Microsoft Outlook, Microsoft PowerPoint, Microsoft Windows, Microsoft Word, Monitoring, Reading Comprehension, Speaking, Writing"
"English Language and Literature Teachers, Postsecondary","Teach courses in English language and literature, including linguistics and comparative literature. Includes both teachers primarily engaged in teaching and those who do a combination of teaching and research.","Active Learning, Active Listening, Adobe Acrobat Reader, Adobe Illustrator, Adobe Photoshop, Apple QuickTime, Apple Safari, Blackboard Collaborate, Blackboard Learn, Blackboard software, Collaborative editing software, Course management system software, Critical Thinking, DOC Cop, Desire2Learn LMS software, Email software, Google Chrome, Google Docs, Graphics creation software, Image scanning software, Instructing, Learning Strategies, Learning management system LMS, Lucidchart, Microsoft Excel, Microsoft Office software, Microsoft Outlook, Microsoft PowerPoint, Microsoft Word, Monitoring, Reading Comprehension, Speaking, Writing, iParadigms Turnitin"
"Foreign Language and Literature Teachers, Postsecondary",Teach languages and literature courses in languages other than English. Includes teachers of American Sign Language (ASL). Includes both teachers primarily engaged in teaching and those who do a combination of teaching and research.,"Active Learning, Active Listening, Adobe Illustrator, Adobe PageMaker, Adobe Photoshop, American Sign Language ASL browser, Audacity, Blackboard Learn, Blackboard software, Collaborative editing software, Complex Problem Solving, Computer assisted language learning CALL software, Course management system software, Critical Thinking, DOC Cop, Desire2Learn LMS software, Email software, Google Docs, Image scanning software, Instructing, Judgment and Decision Making, Learning Strategies, Learning management system LMS, Microsoft Excel, Microsoft Office software, Microsoft Outlook, Microsoft PowerPoint, Microsoft Word, Monitoring, Moodle, QuarkXPress, Reading Comprehension, Speaking, Writing, Zoom, iParadigms Turnitin"
"History Teachers, Postsecondary",Teach courses in human history and historiography. Includes both teachers primarily engaged in teaching and those who do a combination of teaching and research.,"Active Learning, Active Listening, Blackboard Learn, Collaborative editing software, Course management system software, Critical Thinking, DOC Cop, Database software, Desire2Learn LMS software, Email software, Geographic information system GIS software, Google Docs, Image scanning software, Instructing, JavaScript, Judgment and Decision Making, Learning Strategies, Learning management system LMS, Map building software, Microsoft Excel, Microsoft Office software, Microsoft Outlook, Microsoft PowerPoint, Microsoft Word, Monitoring, Moodle, Reading Comprehension, Sakai CLE, Speaking, Time Management, Web browser software, Writing, iParadigms Turnitin"
"Philosophy and Religion Teachers, Postsecondary","Teach courses in philosophy, religion, and theology. Includes both teachers primarily engaged in teaching and those who do a combination of teaching and research.","Active Learning, Active Listening, Blackboard Learn, Collaborative editing software, Complex Problem Solving, Course management system software, Critical Thinking, DOC Cop, Desire2Learn LMS software, Email software, Gateway to Logic, Google Docs, Image scanning software, Instructing, InteLext Past Masters, Learning Strategies, Learning management system LMS, Microsoft Excel, Microsoft Office software, Microsoft Outlook, Microsoft PowerPoint, Microsoft Word, Moodle, Philosopher's Information Center The Philosopher's Index, Reading Comprehension, Sakai CLE, Speaking, University of California Thesaurus Linguae Graecae TLG, Web browser software, Writing, iParadigms Turnitin"
"Family and Consumer Sciences Teachers, Postsecondary","Teach courses in childcare, family relations, finance, nutrition, and related subjects pertaining to home management. Includes both teachers primarily engaged in teaching and those who do a combination of teaching and research.","Active Learning, Active Listening, Blackboard Learn, Collaborative editing software, Course management system software, Critical Thinking, DOC Cop, Database management systems, Desire2Learn LMS software, Email software, Google Docs, Image scanning software, Instructing, Learning Strategies, Learning management system LMS, Microsoft Excel, Microsoft Office software, Microsoft Outlook, Microsoft PowerPoint, Microsoft Word, Monitoring, Reading Comprehension, Sakai CLE, Social computing tools, Speaking, Web browser software, Writing, Zoom, iParadigms Turnitin"
"Recreation and Fitness Studies Teachers, Postsecondary","Teach courses pertaining to recreation, leisure, and fitness studies, including exercise physiology and facilities management. Includes both teachers primarily engaged in teaching and those who do a combination of teaching and research.","Active Listening, Blackboard Learn, Collaborative editing software, Complex Problem Solving, Course management system software, Critical Thinking, DOC Cop, Dartfish ProSuite, Desire2Learn LMS software, Email software, Facebook, Google Docs, Image scanning software, Instructing, Judgment and Decision Making, Learning Strategies, Learning management system LMS, Microsoft Excel, Microsoft Office software, Microsoft Outlook, Microsoft PowerPoint, Microsoft Project, Microsoft Word, Monitoring, Prolog, Reading Comprehension, Sakai CLE, Softworks Global PESoftOne, Speaking, Student record software, Time Management, Web browser software, Writing, iParadigms Turnitin"
"Career/Technical Education Teachers, Postsecondary","Teach vocational courses intended to provide occupational training below the baccalaureate level in subjects such as construction, mechanics/repair, manufacturing, transportation, or cosmetology, primarily to students who have graduated from or left high school. Teaching takes place in public or private schools whose primary business is academic or vocational education.","Active Learning, Active Listening, Blackboard Learn, Blackboard software, Career management systems CMS, Collaborative editing software, Common Curriculum, Course management system software, Critical Thinking, DOC Cop, Desire2Learn LMS software, Edmodo, Email software, Google Classroom, Google Docs, GroupMe, Image scanning software, Instructing, Learning Strategies, Learning management system LMS, Medical condition coding software, Medical procedure coding software, Microsoft Excel, Microsoft Office software, Microsoft Outlook, Microsoft PowerPoint, Microsoft Word, Monitoring, Moodle, Reading Comprehension, Sakai CLE, Speaking, Writing, iParadigms Turnitin"
"Postsecondary Teachers, All Other",All postsecondary teachers not listed separately.,
"Preschool Teachers, Except Special Education","Instruct preschool-aged students, following curricula or lesson plans, in activities designed to promote social, physical, and intellectual growth.","Active Listening, Appletree, Bloomz, Children's educational software, ClassDojo, Common Curriculum, Coordination, Critical Thinking, EasyCBM, Edmodo, Email software, Flipgrid, Google Classroom, Google Meet, Instructing, Intrado SchoolMessenger, Learning Strategies, Microsoft Excel, Microsoft Office software, Microsoft Word, Monitoring, Nearpod, Padlet, Reading Comprehension, Schoology, Seesaw, Service Orientation, Social Perceptiveness, Speaking, Tadpoles"
"Kindergarten Teachers, Except Special Education",Teach academic and social skills to kindergarten students.,"Active Listening, Bloomz, Children's educational software, Coordination, Instructing, Judgment and Decision Making, Learning Strategies, Microsoft Excel, Microsoft Office software, Microsoft Outlook, Microsoft PowerPoint, Microsoft Word, Monitoring, Padlet, Reading Comprehension, Seesaw, Service Orientation, Social Perceptiveness, Speaking, Time Management"
"Elementary School Teachers, Except Special Education",Teach academic and social skills to students at the elementary school level.,"Active Learning, Active Listening, Blackboard software, Children's educational software, ClassDojo, ClassTag, Common Curriculum, Coordination, Critical Thinking, EasyCBM, Edpuzzle, Email software, Flipgrid, Google Classroom, Google Docs, Google Drive, Google Meet, Graphics software, Instructing, JamBoard, Judgment and Decision Making, Kahoot!, Learning Strategies, Microsoft Excel, Microsoft Office software, Microsoft Outlook, Microsoft PowerPoint, Microsoft SharePoint, Microsoft Word, Monitoring, Nearpod, Padlet, Pear Deck, Reading Comprehension, Service Orientation, Social Perceptiveness, Speaking, Time Management, Writing"
"Middle School Teachers, Except Special and Career/Technical Education","Teach one or more subjects to students at the middle, intermediate, or junior high school level.","Active Learning, Active Listening, Apple Final Cut Pro, Apple macOS, Appletree, Blackboard software, Children's educational software, ClassTag, Common Curriculum, Complex Problem Solving, Coordination, Critical Thinking, Desmos, Edmodo, Email software, Facebook, Flipgrid, Google Classroom, Google Docs, Google Drive, Google Meet, Instructing, JamBoard, Judgment and Decision Making, Kahoot!, Learning Strategies, Microsoft Excel, Microsoft Office software, Microsoft Outlook, Microsoft PowerPoint, Microsoft SharePoint, Microsoft Word, Monitoring, Reading Comprehension, Social Perceptiveness, Speaking, Time Management, Writing, Zoom"
"Career/Technical Education Teachers, Middle School","Teach occupational, vocational, career, or technical subjects to students at the middle, intermediate, or junior high school level.","Active Learning, Active Listening, Amazon DynamoDB, Amazon Elastic Compute Cloud EC2, Amazon Web Services AWS CloudFormation, Amazon Web Services AWS software, Ansible software, Apache Cassandra, Apache Hadoop, Apache Kafka, Apache Tomcat, Atlassian Confluence, Atlassian JIRA, Bash, C#, C++, Critical Thinking, Docker, Eclipse IDE, Elasticsearch, Extensible markup language XML, Git, GitHub, Go, Google Angular, Google Docs, Hypertext markup language HTML, Instructing, JavaScript, Learning Strategies, Monitoring, Reading Comprehension, Social Perceptiveness, Speaking, Writing"
"Secondary School Teachers, Except Special and Career/Technical Education",Teach one or more subjects to students at the secondary school level.,"ABC programming language, Active Learning, Active Listening, Blackboard software, Common Curriculum, Coordination, Critical Thinking, Desmos, Email software, Flipgrid, Geogebra, Google Classroom, Google Drive, Google Meet, Instructing, Instructional software, Judgment and Decision Making, Learning Strategies, Logo design software, Microsoft Excel, Microsoft Office software, Microsoft PowerPoint, Microsoft SharePoint, Microsoft Word, Monitoring, Moodle, Nearpod, PowerSchool SIS, Reading Comprehension, Schoology, Screencastify, Social Perceptiveness, Speaking, Video editing software, Web browser software, Writing"
"Career/Technical Education Teachers, Secondary School","Teach occupational, vocational, career, or technical subjects to students at the secondary school level.","Active Learning, Active Listening, Autodesk AutoCAD Civil 3D, Blackboard Learn, Collaborative editing software, Complex Problem Solving, Coordination, Course management system software, Critical Thinking, DOC Cop, Desire2Learn LMS software, Edmodo, Edpuzzle, Email software, Google Docs, Image scanning software, Instructing, Judgment and Decision Making, Kahoot!, Learning Strategies, Learning management system LMS, Microsoft Excel, Microsoft Office software, Microsoft Outlook, Microsoft PowerPoint, Microsoft Word, Monitoring, Padlet, Reading Comprehension, Sakai CLE, Service Orientation, Social Perceptiveness, Speaking, Time Management, Web browser software, Writing, iParadigms Turnitin"
"Special Education Teachers, Preschool","Teach academic, social, and life skills to preschool-aged students with learning, emotional, or physical disabilities. Includes teachers who specialize and work with students who are blind or have visual impairments; students who are deaf or have hearing impairments; and students with intellectual disabilities.","Active Learning, Active Listening, American Sign Language Browser, Children's educational software, Critical Thinking, Drawing software, Email software, Instructing, Learning Strategies, Microsoft Excel, Microsoft Office software, Microsoft Outlook, Microsoft PowerPoint, Microsoft Word, Monitoring, Reading Comprehension, Screen magnification software, Screen reader software, Service Orientation, Social Perceptiveness, Speaking, Web browser software, Writing"
"Special Education Teachers, Kindergarten","Teach academic, social, and life skills to kindergarten students with learning, emotional, or physical disabilities. Includes teachers who specialize and work with students who are blind or have visual impairments; students who are deaf or have hearing impairments; and students with intellectual disabilities.","American Sign Language Browser, Children's educational software, Drawing software, EasyCBM, Email software, Individualized Educational Program IEP software, Microsoft Excel, Microsoft Office software, Microsoft Outlook, Microsoft PowerPoint, Microsoft Word, Nuance Dragon NaturallySpeaking, Rethink Ed, Scientific Learning Fast ForWord, Screen magnification software, Screen reader software, Synapse outSPOKEN, The vOICe Learning Edition, Voice activated software, Web browser software, goQ WordQ"
"Special Education Teachers, Elementary School","Teach academic, social, and life skills to elementary school students with learning, emotional, or physical disabilities. Includes teachers who specialize and work with students who are blind or have visual impairments; students who are deaf or have hearing impairments; and students with intellectual disabilities.","Active Learning, Active Listening, American Sign Language Browser, Children's educational software, Complex Problem Solving, Critical Thinking, Drawing software, EasyCBM, Email software, Individualized Educational Program IEP software, Instructing, Judgment and Decision Making, Learning Strategies, Microsoft Excel, Microsoft Office software, Microsoft Outlook, Microsoft PowerPoint, Microsoft Word, Monitoring, Nuance Dragon NaturallySpeaking, Reading Comprehension, Rethink Ed, Scientific Learning Fast ForWord, Screen magnification software, Screen reader software, Service Orientation, Social Perceptiveness, Speaking, Synapse outSPOKEN, The vOICe Learning Edition, Voice activated software, Web browser software, Writing, goQ WordQ"
"Special Education Teachers, Middle School","Teach academic, social, and life skills to middle school students with learning, emotional, or physical disabilities. Includes teachers who specialize and work with students who are blind or have visual impairments; students who are deaf or have hearing impairments; and students with intellectual disabilities.","Active Learning, Active Listening, Apple macOS, Blackboard software, Common Curriculum, Complex Problem Solving, Coordination, Critical Thinking, EasyCBM, Email software, Flipgrid, Google Classroom, Hand held spell checkers, Instructing, Judgment and Decision Making, Learning Strategies, Microsoft Excel, Microsoft Office software, Microsoft Outlook, Microsoft PowerPoint, Microsoft SharePoint, Microsoft Word, Monitoring, Padlet, Pear Deck, Reading Comprehension, Schoology, Screen magnification software, Screen reader software, Seesaw, Service Orientation, Social Perceptiveness, Speaking, Text to speech software, Time Management, Video editing software, Voice activated software, Web browser software, Writing"
"Special Education Teachers, Secondary School","Teach academic, social, and life skills to secondary school students with learning, emotional, or physical disabilities. Includes teachers who specialize and work with students who are blind or have visual impairments; students who are deaf or have hearing impairments; and students with intellectual disabilities.","Active Listening, Adobe Acrobat, Adobe Illustrator, Adobe InDesign, Adobe Photoshop, Complex Problem Solving, Coordination, Critical Thinking, Email software, Facebook, Hand held spell checkers, Instructing, Judgment and Decision Making, Learning Strategies, Microsoft Access, Microsoft Excel, Microsoft Office software, Microsoft Outlook, Microsoft PowerPoint, Microsoft SharePoint, Microsoft Word, Monitoring, Reading Comprehension, Screen magnification software, Screen reader software, Service Orientation, Social Perceptiveness, Speaking, Text to speech software, Time Management, Video editing software, Voice activated software, Web browser software, Writing"
"Special Education Teachers, All Other",All special education teachers not listed separately.,
Adapted Physical Education Specialists,"Provide individualized physical education instruction or services to children, youth, or adults with exceptional physical needs due to gross motor developmental delays or other impairments.","Active Learning, Active Listening, Coordination, Critical Thinking, Database software, Email software, Facebook, Individualized Educational Program IEP software, Instructing, Judgment and Decision Making, Learning Strategies, Microsoft Excel, Microsoft Office software, Microsoft Outlook, Microsoft PowerPoint, Microsoft Word, Monitoring, Reading Comprehension, Service Orientation, Social Perceptiveness, Speaking, Student record software, Web browser software, Writing"
"Adult Basic Education, Adult Secondary Education, and English as a Second Language Instructors","Teach or instruct out-of-school youths and adults in basic education, literacy, or English as a Second Language classes, or in classes for earning a high school equivalency credential.","Active Learning, Active Listening, Adobe Photoshop, Blackboard software, Computerized testing software, Critical Thinking, Edmodo, Edpuzzle, Educational software, Facebook, Google Classroom, Google Workspace software, Instructing, Kahoot!, Learning Strategies, Learning management system LMS, Microsoft Excel, Microsoft Office software, Microsoft Outlook, Microsoft PowerPoint, Microsoft Publisher, Microsoft Word, Monitoring, Quizlet, Reading Comprehension, SAP software, Social Perceptiveness, Speaking, Web browser software, Writing, Zoom"
Self-Enrichment Teachers,"Teach or instruct individuals or groups for the primary purpose of self-enrichment or recreation, rather than for an occupational objective, educational attainment, competition, or fitness.","Adobe Acrobat, Adobe Dreamweaver, Adobe Photoshop, Blackboard software, Corel Paint Shop Pro, Educational software, Email software, Google Classroom, Hypertext markup language HTML, Microsoft Access, Microsoft Excel, Microsoft Internet Explorer, Microsoft Office software, Microsoft PowerPoint, Microsoft Windows Movie Maker, Microsoft Word, Nearpod, Schoology, Speaking, Video editing software, Web browser software, YouTube"
"Substitute Teachers, Short-Term","Teach students on a short-term basis as a temporary replacement for a regular classroom teacher, typically using the regular teacher's lesson plan.","Active Listening, Common Curriculum, EasyCBM, Edmodo, Flipgrid, Google Classroom, Google Meet, Instructure Canvas, Microsoft Excel, Microsoft Office software, Microsoft Outlook, Moodle, Nearpod, Reading Comprehension, Schoology, Seesaw, Social Perceptiveness, Speaking"
Tutors,Instruct individual students or small groups of students in academic subjects to support formal class instruction or to prepare students for standardized or admissions tests.,"Academic educational software, Active Learning, Active Listening, Appointment scheduling software, Blackboard software, Complex Problem Solving, Critical Thinking, Database software, Desmos, Edpuzzle, Email software, Facebook, Flipgrid, Google Classroom, Google Drive, Google Meet, Instructing, Learning Strategies, Microsoft Excel, Microsoft Office software, Microsoft PowerPoint, Microsoft Word, Monitoring, Moodle, Nearpod, Reading Comprehension, Redrock Software TutorTrac, Schoology, Screencastify, Seesaw, Social Perceptiveness, Speaking, Web browser software, Writing, Zoom"
"Teachers and Instructors, All Other",All teachers and instructors not listed separately.,
Archivists,"Appraise, edit, and direct safekeeping of permanent records and historically valuable documents. Participate in research activities based on archival materials.","Active Listening, Adlib Information Systems Adlib Archive, Adobe Acrobat, Adobe Creative Cloud software, Adobe Illustrator, Adobe InDesign, Adobe Photoshop, Adobe Premiere Pro, Apple Final Cut Pro, Archivists' Toolkit, Archon, Corel Paint Shop Pro, Database software, DiMeMa CONTENTdm, Dynamic hypertext markup language DHTML, Encoded archival system EAD, Esri ArcGIS, Extensible markup language XML, FileMaker Pro, Hypertext markup language HTML, Microsoft Access, Microsoft Excel, Microsoft Office software, Microsoft Outlook, Microsoft PowerPoint, Microsoft Word, Reading Comprehension, Speaking, Writing"
Curators,"Administer collections, such as artwork, collectibles, historic items, or scientific specimens of museums or other institutions. May conduct instructional, research, or public service activities of institution.","Active Learning, Active Listening, Adobe Acrobat, Adobe Creative Cloud software, Adobe FreeHand MX, Adobe Illustrator, Adobe InDesign, Adobe Photoshop, Apple macOS, Artsystems Collections, Autodesk AutoCAD, Complex Problem Solving, Corel WordPerfect Office Suite, Critical Thinking, Cuadra Associates STAR/Museums, Extensible markup language XML, Facebook, Judgment and Decision Making, Linux, Microsoft Access, Microsoft Excel, Microsoft Office software, Microsoft Outlook, Microsoft PowerPoint, Microsoft Visual Studio, Microsoft Word, Perl, Python, R, Reading Comprehension, SAS, Speaking, Writing"
Museum Technicians and Conservators,"Restore, maintain, or prepare objects in museum collections for storage, research, or exhibit. May work with specimens such as fossils, skeletal parts, or botanicals; or artifacts, textiles, or art. May identify and record objects or install and arrange them in exhibits. Includes book or document conservators.","Active Listening, Adobe Acrobat, Adobe Creative Cloud software, Adobe Illustrator, Adobe InDesign, Adobe Photoshop, Autodesk AutoCAD, Gallery Systems EmbARK, Microsoft Active Server Pages ASP, Microsoft Excel, Microsoft Office software, Microsoft Outlook, Microsoft PowerPoint, Microsoft Visual FoxPro, Microsoft Word, PastPerfect Software PastPerfect, Questor Systems ARGUS, Questor Systems QScan32, Reading Comprehension, Speaking"
Librarians and Media Collections Specialists,"Administer and maintain libraries or collections of information, for public or private access through reference or borrowing. Work in a variety of settings, such as educational institutions, museums, and corporations, and with various types of informational materials, such as books, periodicals, recordings, films, and databases. Tasks may include acquiring, cataloging, and circulating library materials, and user services such as locating and organizing information, providing instruction on how to access information, and setting up and operating a library's media equipment.","Active Listening, Adobe Acrobat, Adobe After Effects, Adobe Creative Cloud software, Adobe Illustrator, Adobe InDesign, Adobe Photoshop, Autodesk AutoCAD, Cascading style sheets CSS, Critical Thinking, Extensible markup language XML, Facebook, Google Workspace software, Hypertext markup language HTML, JavaScript, Microsoft Access, Microsoft Excel, Microsoft Office software, Microsoft Outlook, Microsoft PowerPoint, Microsoft SharePoint, Microsoft Visio, Microsoft Windows, Microsoft Word, Oracle Java, PHP, Reading Comprehension, Speaking, Structured query language SQL, Writing"
Library Technicians,"Assist librarians by helping readers in the use of library catalogs, databases, and indexes to locate books and other materials; and by answering questions that require only brief consultation of standard reference. Compile records; sort and shelve books or other media; remove or repair damaged books or other media; register patrons; and check materials in and out of the circulation process. Replace materials in shelving area (stacks) or files. Includes bookmobile drivers who assist with providing services in mobile libraries.","Adobe Acrobat, Adobe Dreamweaver, Adobe Illustrator, Adobe InDesign, Adobe Photoshop, Database software, Dynix Digital Library, Email software, Ex Libris Group Aleph, Ex Libris Group Voyager, FileMaker Pro, HandyFile Find and Replace Text Aid Kit, Inmagic TextWorks, Innovative Interfaces Millennium, Microsoft Access, Microsoft Excel, Microsoft Office software, Microsoft Outlook, Microsoft PowerPoint, Microsoft Publisher, Microsoft Windows, Microsoft Word, National Library of Medicine DOCLINE, National Library of Medicine Medline, Online Computer Library Center (OCLC) databases"
Farm and Home Management Educators,"Instruct and advise individuals and families engaged in agriculture, agricultural-related processes, or home management activities. Demonstrate procedures and apply research findings to advance agricultural and home management activities. May develop educational outreach programs. May instruct on either agricultural issues such as agricultural processes and techniques, pest management, and food safety, or on home management issues such as budgeting, nutrition, and child development.","Active Learning, Active Listening, Adobe Experience Manager (AEM), Complex Problem Solving, Coordination, Critical Thinking, ESRI ArcGIS software, Geographic information system GIS software, Image editing software, Instructing, Judgment and Decision Making, Kahoot!, Learning Strategies, Microsoft Dynamics, Microsoft Excel, Microsoft Internet Explorer, Microsoft Office software, Microsoft Outlook, Microsoft PowerPoint, Microsoft SharePoint, Microsoft Word, Order management software, Persuasion, Reading Comprehension, SAP software, Service Orientation, ServiceNow, Social Perceptiveness, Speaking, Systems Analysis, Systems Evaluation, Web browser software, Writing"
Instructional Coordinators,"Develop instructional material, coordinate educational content, and incorporate current technology into instruction in order to provide guidelines to educators and instructors for developing curricula and conducting courses. May train and coach teachers. Includes educational consultants and specialists, and instructional material directors.","Active Learning, Active Listening, Adobe Acrobat, Adobe ActionScript, Adobe After Effects, Adobe Captivate, Adobe Connect, Adobe Creative Cloud software, Adobe Illustrator, Adobe InDesign, Adobe Photoshop, Cascading style sheets CSS, Complex Problem Solving, Coordination, Critical Thinking, Extensible markup language XML, Hypertext markup language HTML, Instructing, JavaScript, Judgment and Decision Making, Learning Strategies, Microsoft Access, Microsoft Excel, Microsoft Office software, Microsoft Outlook, Microsoft PowerPoint, Microsoft Project, Microsoft SharePoint, Microsoft Visio, Microsoft Word, Monitoring, Oracle Java, Oracle PL/SQL, Reading Comprehension, Service Orientation, Social Perceptiveness, Speaking, Structured query language SQL, Time Management, Writing"
"Teaching Assistants, Preschool, Elementary, Middle, and Secondary School, Except Special Education","Assist a preschool, elementary, middle, or secondary school teacher with instructional duties. Serve in a position for which a teacher has primary responsibility for the design and implementation of educational programs and services.","Active Listening, Appletree, Automate the Schools ATS, Blackboard software, Children's educational software, ClassDojo, Coordination, Email software, Flipgrid, Google Classroom, Google Meet, Hand held spell checkers, High School Scheduling and Transcript HSST, Kahoot!, Loom, Microsoft Excel, Microsoft Office software, Microsoft Outlook, Microsoft PowerPoint, Microsoft Word, Padlet, ParentSquare, Quizlet, Reading Comprehension, Schoology, Screen magnification software, Screen reader software, Seesaw, Service Orientation, Social Perceptiveness, Speaking"
"Teaching Assistants, Special Education","Assist a preschool, elementary, middle, or secondary school teacher to provide academic, social, or life skills to students who have learning, emotional, or physical disabilities. Serve in a position for which a teacher has primary responsibility for the design and implementation of educational programs and services.","Active Listening, Appletree, Automate the Schools ATS, Blackboard software, Children's educational software, ClassDojo, Email software, Flipgrid, Google Classroom, Google Meet, Hand held spell checkers, High School Scheduling and Transcript HSST, Instructing, Kahoot!, Learning Strategies, Loom, Microsoft Excel, Microsoft Office software, Microsoft Outlook, Microsoft PowerPoint, Microsoft Word, Monitoring, Padlet, ParentSquare, Quizlet, Reading Comprehension, Schoology, Screen magnification software, Screen reader software, Seesaw, Service Orientation, Social Perceptiveness, Speaking"
"Teaching Assistants, Postsecondary","Assist faculty or other instructional staff in postsecondary institutions by performing instructional support activities, such as developing teaching materials, leading discussion groups, preparing and giving examinations, and grading examinations or papers.","Active Listening, Adobe Photoshop, Blackboard Learn, Collaborative editing software, Course management system software, DOC Cop, Desire2Learn LMS software, Email software, Google Docs, IBM SPSS Statistics, Image scanning software, Instructing, Learning management system LMS, Microsoft Excel, Microsoft Office software, Microsoft Outlook, Microsoft PowerPoint, Microsoft Word, Reading Comprehension, SAS, Sakai CLE, Speaking, Structured query language SQL, Web browser software, iParadigms Turnitin"
"Teaching Assistants, All Other",All teaching assistants not listed separately.,
"Educational Instruction and Library Workers, All Other",All educational instruction and library workers not listed separately.,
Art Directors,"Formulate design concepts and presentation approaches for visual productions and media, such as print, broadcasting, video, and film. Direct workers engaged in artwork or layout design.","AJAX, Active Listening, Adobe Acrobat, Adobe ActionScript, Adobe After Effects, Adobe Creative Cloud software, Adobe Director, Adobe Illustrator, Adobe InDesign, Adobe Photoshop, Apple macOS, Atlassian Confluence, Atlassian JIRA, Cascading style sheets CSS, Complex Problem Solving, Coordination, Critical Thinking, Facebook, Figma, Hypertext markup language HTML, JavaScript, Judgment and Decision Making, Microsoft Excel, Microsoft Office software, Microsoft Outlook, Microsoft PowerPoint, Microsoft Word, PHP, Reading Comprehension, Speaking, Time Management, WordPress, jQuery"
Craft Artists,"Create or reproduce handmade objects for sale and exhibition using a variety of techniques, such as welding, weaving, pottery, and needlecraft.","DRAWSTITCH Artistic Sewing Suite, Electric Quilt Quilt Design Wizard, Email software, Embroidery design software, Facebook, Floriani MDQ My Decorative Quilter, John Hesselberth and Ron Roy GlazeMaster, Pattern design software, Sales management software, SmugMug Flickr, Twitter, Web browser software"
"Fine Artists, Including Painters, Sculptors, and Illustrators",Create original artwork using any of a wide variety of media and techniques.,"Adobe Acrobat, Adobe ActionScript, Adobe After Effects, Adobe Creative Cloud software, Adobe Dreamweaver, Adobe FrameMaker, Adobe FreeHand MX, Adobe Illustrator, Adobe ImageReady, Adobe InDesign, Adobe Photoshop, ArtScope.net eArtist, Autodesk AutoCAD, C#, C++, Extensible markup language XML, Facebook, Hypertext markup language HTML, Intuit QuickBooks, JavaScript, Microsoft Office software, Microsoft PowerPoint, Microsoft Word, Python, Trimble SketchUp Pro"
Special Effects Artists and Animators,"Create special effects or animations using film, video, computers, or other electronic tools and media for use in products, such as computer games, movies, music videos, and commercials.","AJAX, Active Listening, Adobe Acrobat, Adobe After Effects, Adobe Creative Cloud software, Adobe Illustrator, Adobe InDesign, Adobe Photoshop, Apple macOS, Autodesk AutoCAD Civil 3D, C, C++, Canva, Cascading style sheets CSS, Critical Thinking, Extensible markup language XML, Figma, Hypertext markup language HTML, JavaScript, Microsoft Excel, Microsoft Office software, Microsoft PowerPoint, Microsoft Visio, Microsoft Windows, Microsoft Word, PHP, Reading Comprehension, jQuery"
"Artists and Related Workers, All Other",All artists and related workers not listed separately.,
Commercial and Industrial Designers,"Design and develop manufactured products, such as cars, home appliances, and children's toys. Combine artistic talent with research on product use, marketing, and materials to create the most functional and appealing product design.","Active Listening, Adobe Acrobat, Adobe After Effects, Adobe Creative Cloud software, Adobe Illustrator, Adobe InDesign, Adobe Photoshop, Apache Maven, Apple iOS, Autodesk AutoCAD, Autodesk Revit, C, C#, C++, Cascading style sheets CSS, Complex Problem Solving, Critical Thinking, Dassault Systemes SolidWorks, ESRI ArcGIS software, Figma, Hypertext markup language HTML, JavaScript, Microsoft Access, Microsoft Excel, Microsoft Office software, Microsoft PowerPoint, Microsoft Project, Reading Comprehension, Speaking, jQuery"
Fashion Designers,Design clothing and accessories. Create original designs or adapt fashion trends.,"Active Learning, Active Listening, Adobe Acrobat, Adobe Creative Cloud software, Adobe Illustrator, Adobe InDesign, Adobe Photoshop, Autodesk AutoCAD Design Suite, Autodesk Revit, Autodesk SketchBook Pro, C-DESIGN Fashion, CLO Virtual Fashion Marvelous Designer, Complex Problem Solving, Computer aided design and drafting software CADD, Coordination, Corel CorelDraw Graphics Suite, Corel Painter, Critical Thinking, Fashion Toolbox, Financial accounting software, Instructing, JavaScript, Judgment and Decision Making, Lectra Prima Vision Print Repeat, Management of Personnel Resources, Microsoft Excel, Microsoft Office software, Microsoft Outlook, Microsoft PowerPoint, Microsoft Word, Monitoring, Negotiation, Optitex 3D Suite, Persuasion, Reading Comprehension, SAS, Service Orientation, Social Perceptiveness, Speaking, Time Management, Trimble SketchUp Pro"
Floral Designers,"Design, cut, and arrange live, dried, or artificial flowers and foliage.","Active Listening, Facebook, Inventory tracking software, Microsoft Excel, Microsoft Office software, Microsoft Outlook, Microsoft PowerPoint, Microsoft Word, Speaking, Supply ordering software, Timekeeping software, Transaction accounting software, Web browser software"
Graphic Designers,"Design or create graphics to meet specific commercial or promotional needs, such as packaging, displays, or logos. May use a variety of mediums to achieve artistic or decorative effects.","AJAX, Active Listening, Adobe Acrobat, Adobe After Effects, Adobe Creative Cloud software, Adobe Illustrator, Adobe InDesign, Adobe Photoshop, Apple macOS, Autodesk AutoCAD, Autodesk AutoCAD Civil 3D, Autodesk Revit, Bentley MicroStation, Canva, Cascading style sheets CSS, Extensible markup language XML, Facebook, Figma, Google Docs, Hypertext markup language HTML, Intuit QuickBooks, JavaScript, Microsoft Access, Microsoft Excel, Microsoft Office software, jQuery"
Interior Designers,"Plan, design, and furnish the internal space of rooms or buildings. Design interior environments or create physical layouts that are practical, aesthetic, and conducive to the intended purposes. May specialize in a particular field, style, or phase of interior design.","20-20 Technologies 20-20 Design, Active Listening, Adobe Acrobat, Adobe Creative Cloud software, Adobe Illustrator, Adobe InDesign, Adobe Photoshop, AutoDesSys form Z, Autodesk 3ds Max, Autodesk Architectural Desktop, Autodesk AutoCAD, Autodesk Revit, Autodesk Revit Architecture, Autodesk VIZ, Chaos Enscape, Complex Problem Solving, Computer aided design and drafting software CADD, Coordination, Critical Thinking, Email software, Graphisoft ArchiCAD, IBM Notes, Judgment and Decision Making, Microsoft Excel, Microsoft Office software, Microsoft Outlook, Microsoft PowerPoint, Microsoft Project, Microsoft Word, Persuasion, Reading Comprehension, Service Orientation, Social Perceptiveness, Speaking, Trimble SketchUp Pro, Writing"
Merchandise Displayers and Window Trimmers,"Plan and erect commercial displays, such as those in windows and interiors of retail stores and at trade exhibitions.","Active Listening, Adobe Acrobat, Adobe Creative Cloud software, Adobe Illustrator, Adobe InDesign, Apple Safari, Apple iOS, Autodesk AutoCAD, Email software, Google Docs, Graphics software, IBM Lotus Notes, Inventory control systems, Microsoft Edge, Microsoft Excel, Microsoft Internet Explorer, Microsoft Office software, Microsoft Outlook, Microsoft PowerPoint, Microsoft Word, Mozilla Firefox, Netscape Navigator, SAS, SmugMug Flickr, Trimble SketchUp Pro, YouTube"
Set and Exhibit Designers,"Design special exhibits and sets for film, video, television, and theater productions. May study scripts, confer with directors, and conduct research to determine appropriate architectural styles.","Act-3D Quest3D, Active Listening, Adobe Acrobat, Adobe After Effects, Adobe Creative Cloud software, Adobe Director, Adobe Illustrator, Adobe InDesign, Adobe Photoshop, AutoDesSys form Z, Autodesk 3ds Max, Autodesk AutoCAD, Autodesk Maya, Autodesk Revit, Computer aided design and drafting CADD software, Coordination, Critical Thinking, Dassault Systemes SolidWorks, Microsoft Access, Microsoft Excel, Microsoft Office software, Microsoft Outlook, Microsoft PowerPoint, Microsoft Word, Operations Analysis, Oracle Database, Reading Comprehension, Speaking, Structured query language SQL, Time Management, Trimble SketchUp Pro, UNIX"
"Designers, All Other",All designers not listed separately.,
Actors,"Play parts in stage, television, radio, video, or film productions, or other settings for entertainment, information, or instruction. Interpret serious or comic role by speech, gesture, and body movement to entertain or inform audience. May dance and sing.","Active Listening, Apple Final Cut Pro, Email software, Facebook, FileMaker Pro, Instagram, LinkedIn, Linux, Microsoft Excel, Microsoft Office software, Microsoft Outlook, Microsoft PowerPoint, Microsoft Word, Motion capture software, Reading Comprehension, Social Perceptiveness, Speaking, TikTok, Twitter, Web browser software, Website development software, YouTube, Zoom"
Producers and Directors,"Produce or direct stage, television, radio, video, or film productions for entertainment, information, or instruction. Responsible for creative decisions, such as interpretation of script, choice of actors or guests, set design, sound, special effects, and choreography.","Active Listening, Adobe Acrobat, Adobe After Effects, Adobe Creative Cloud software, Adobe Illustrator, Adobe InDesign, Adobe Photoshop, Asana, Atlassian Confluence, Atlassian JIRA, Canva, Cascading style sheets CSS, Coordination, Critical Thinking, Extensible markup language XML, Facebook, Google Analytics, Google Docs, Google Workspace software, Hypertext markup language HTML, JavaScript, Judgment and Decision Making, Management of Personnel Resources, Microsoft Access, Microsoft Excel, Microsoft Office software, Microsoft Outlook, Microsoft PowerPoint, Microsoft Project, Microsoft Teams, Monitoring, Reading Comprehension, Social Perceptiveness, Speaking, Systems Analysis, Time Management, Writing"
Media Programming Directors,"Direct and coordinate activities of personnel engaged in preparation of radio or television station program schedules and programs, such as sports or news.","Active Learning, Active Listening, Adobe Acrobat, Adobe Creative Cloud software, Adobe Photoshop, Apple Final Cut Pro, Applicant tracking software, Avid Technology iNEWS, Broadcast Electronics AudioVAULT FleX, Complex Problem Solving, Content management systems CMS, Coordination, Critical Thinking, Email software, Facebook, FileMaker Pro, Google Analytics, Hypertext markup language HTML, Judgment and Decision Making, Management of Personnel Resources, Microsoft Excel, Microsoft Office software, Microsoft Outlook, Microsoft PowerPoint, Microsoft SQL Server, Microsoft SharePoint, Microsoft Word, Monitoring, Music scheduling software, Negotiation, RCS GSelector, Reading Comprehension, Scheduling databases, Social Perceptiveness, Speaking, TikTok, Time Management, Twitter, Writing"
Talent Directors,"Audition and interview performers to select most appropriate talent for parts in stage, television, radio, or motion picture productions.","Active Listening, AgencyPro, Amazon Web Services AWS software, Appointment scheduling software, Blogging software, Critical Thinking, Database software, Email software, Judgment and Decision Making, Linux, Microsoft Excel, Microsoft Office software, Microsoft PowerPoint, Microsoft Windows, Microsoft Word, Oracle Java, Oracle JavaServer Pages JSP, Reading Comprehension, SAP software, Salesforce software, Social Perceptiveness, Speaking, UNIX, Video content editing software, Web browser software, Website development software"
Media Technical Directors/Managers,"Coordinate activities of technical departments, such as taping, editing, engineering, and maintenance, to produce radio or television programs.","Active Listening, Adobe After Effects, Adobe Audition, Adobe Experience Manager (AEM), Adobe Photoshop, Apple Final Cut Pro, Atlassian JIRA, Autodesk Maya, C, C++, Complex Problem Solving, Coordination, Critical Thinking, Facebook, Judgment and Decision Making, Linux, Microsoft Excel, Microsoft Office software, Microsoft Outlook, Microsoft PowerPoint, Microsoft SQL Server, Microsoft Word, Monitoring, Oracle Database, Perl, Python, Reading Comprehension, Salesforce software, Speaking, Structured query language SQL, Swift, Time Management, UNIX, UNIX Shell"
Athletes and Sports Competitors,Compete in athletic events.,"Active Listening, Adobe Photoshop, Coordination, Critical Thinking, Email software, Facebook, Microsoft Excel, Microsoft Office software, Microsoft PowerPoint, Microsoft Word, Motion analysis software, Oracle PeopleSoft, Speaking, Twitter, Web browser software, YouTube"
Coaches and Scouts,Instruct or coach groups or individuals in the fundamentals of sports for the primary purpose of competition. Demonstrate techniques and methods of participation. May evaluate athletes' strengths and weaknesses as possible recruits or to improve the athletes' technique to prepare them for competition. Those required to hold teaching certifications should be reported in the appropriate teaching category.,"Active Learning, Active Listening, Bloomz, C++, Complex Problem Solving, Coordination, Critical Thinking, Edmodo, Edpuzzle, Edulastic, Evernote, Facebook, Flipgrid, Google Classroom, Google Docs, Google Drive, Google Meet, Graphics creation software, GroupMe, Instructing, Judgment and Decision Making, Learning Strategies, Management of Personnel Resources, Microsoft Excel, Microsoft Office software, Microsoft Outlook, Microsoft PowerPoint, Microsoft Publisher, Microsoft Word, Monitoring, Motion analysis software, Nearpod, Negotiation, Online registration software, ParentSquare, Pear Deck, Persuasion, Reading Comprehension, Service Orientation, Social Perceptiveness, Speaking, Systems Analysis, Systems Evaluation, Time Management, Writing"
"Umpires, Referees, and Other Sports Officials","Officiate at competitive athletic or sporting events. Detect infractions of rules and decide penalties according to established regulations. Includes all sporting officials, referees, and competition judges.","Adobe Acrobat, Database software, Email software, Microsoft Excel, Microsoft Office software, Microsoft Outlook, Microsoft PowerPoint, Microsoft Word, Speaking, Video editing software, Web browser software"
Dancers,"Perform dances. May perform on stage, for broadcasting, or for video recording.","Adobe Photoshop, Apple Final Cut Pro, Choreography software, Facebook, LinkedIn, Microsoft Office software, Microsoft Outlook, Pinterest, Samba, Social media sites, Web browser software, YouTube"
Choreographers,Create new dance routines. Rehearse performance of routines. May direct and stage presentations.,"Active Listening, Chorel Technology Dance Designer, Coordination, Credo Interactive DanceForms, Email software, Facebook, Instructing, Learning Strategies, Microsoft Excel, Microsoft Office software, Microsoft PowerPoint, Microsoft Word, Monitoring, Reading Comprehension, Salesforce Visualforce, Salesforce software, Social Perceptiveness, Social media sites, Speaking, Web browser software, YouTube"
Music Directors and Composers,"Conduct, direct, plan, and lead instrumental or vocal performances by musical artists or groups, such as orchestras, bands, choirs, and glee clubs; or create original works of music.","Active Listening, Anvil Studio, Apple Final Cut Pro, Apple MainStage, Arobas Music Guitar Pro, Arpege Music Pizzicato, Audacity, Audio Chaos Soundscape Generator, Audiveris, Avid Pro Tools, Avid Technology Sibelius, Azemus FS, Basic Music Composer, Cakewalk SONAR, Canorus, ChordWizard Software Soundtrix Gold, Click MusicalKEYS, Critical Thinking, Curto Drum, D'accord Music Software iChords, Denemo, Desktop Piano and Drums, Judgment and Decision Making, Microsoft Excel, Microsoft Office software, Microsoft Outlook, Microsoft PowerPoint, Microsoft Word, Reading Comprehension, Speaking"
Musicians and Singers,"Play one or more musical instruments or sing. May perform on stage, for broadcasting, or for sound or video recording.","Acoustica Mixcraft, Apple GarageBand, Appointment scheduling software, Audacity, Avid Technology Pro Tools, Avid Technology Sibelius, Blogging software, Cantovation Sing & See, Email software, Facebook, Financial tracking software, Instagram, MakeMusic Finale, Microsoft Excel, Microsoft Office software, Microsoft Word, SAP software, Snapchat, TUBA software, Twitter, Web browser software, YouTube, iZotope Ozone"
"Disc Jockeys, Except Radio","Play prerecorded music for live audiences at venues or events such as clubs, parties, or wedding receptions. May use techniques such as mixing, cutting, or sampling to manipulate recordings. May also perform as emcee (master of ceremonies).","Adobe Audition, Audion Laboratories VoxPro, Avid Technology Pro Tools, Microsoft Excel, Microsoft Office software, Microsoft Word"
"Entertainers and Performers, Sports and Related Workers, All Other","All entertainers and performers, sports and related workers not listed separately.",
Broadcast Announcers and Radio Disc Jockeys,"Speak or read from scripted materials, such as news reports or commercial messages, on radio, television, or other communications media. May play and queue music, announce artist or title of performance, identify station, or interview guests.","Active Listening, Adobe Audition, Audion Laboratories VoxPro, Avid Technology Pro Tools, Burli Software Burli Newsroom System, Critical Thinking, Dalet Digital Media Systems Dalet Media Life, Database software, Enterprise application integration EAI software, Microsoft Access, Microsoft Excel, Microsoft Office software, Microsoft Outlook, Microsoft PowerPoint, Microsoft Word, Program logging software, Reading Comprehension, Social Perceptiveness, Speaking, Statistical processing software, Web browser software, Zoom"
"News Analysts, Reporters, and Journalists","Narrate or write news stories, reviews, or commentary for print, broadcast, or other communications media such as newspapers, magazines, radio, or television. May collect and analyze information through interview, investigation, or observation.","Active Listening, Adobe After Effects, Adobe InDesign, Adobe Photoshop, Adobe Premiere Pro, Apple Final Cut Pro, Audion Laboratories VoxPro, Avid Technology Pro Tools, Desktop Technologies NewsBoss, ESRI ArcView, Facebook, FileMaker Pro, Grass Valley EDIUS, Hypertext markup language HTML, IBM SPSS Statistics, LexisNexis, Mapping software, Microsoft Access, Microsoft Excel, Microsoft Office software, Microsoft Outlook, Microsoft PowerPoint, Microsoft Publisher, Microsoft SQL Server, Microsoft Word, Reading Comprehension, Social Perceptiveness, Speaking, Time Management, WordPress, Writing"
Public Relations Specialists,"Promote or create an intended public image for individuals, groups, or organizations. May write or select material for release to various communications media. May specialize in using social media.","Active Listening, Adobe Acrobat, Adobe After Effects, Adobe Creative Cloud software, Adobe Illustrator, Adobe InDesign, Adobe Photoshop, Apple macOS, Canva, Cascading style sheets CSS, Cisco Webex, Coordination, Critical Thinking, Facebook, Google Analytics, Google Docs, HubSpot software, Hypertext markup language HTML, JavaScript, Judgment and Decision Making, Marketo Marketing Automation, Microsoft Excel, Microsoft Office software, Microsoft Outlook, Microsoft PowerPoint, Microsoft Project, Microsoft SharePoint, Microsoft Word, Persuasion, Reading Comprehension, Salesforce software, Social Perceptiveness, Speaking, Time Management, Writing"
Editors,"Plan, coordinate, revise, or edit written material. May review proposals and drafts for possible publication.","Active Listening, Adobe Acrobat, Adobe After Effects, Adobe Captivate, Adobe Creative Cloud software, Adobe Dreamweaver, Adobe FrameMaker, Adobe Illustrator, Adobe InDesign, Adobe Photoshop, Apple macOS, Cascading style sheets CSS, Critical Thinking, Extensible markup language XML, Facebook, Google Analytics, Google Docs, Hypertext markup language HTML, Microsoft Excel, Microsoft Office software, Microsoft Outlook, Microsoft PowerPoint, Microsoft Project, Microsoft SharePoint, Microsoft Visio, Microsoft Word, Reading Comprehension, Speaking, WordPress, Writing"
Technical Writers,"Write technical materials, such as equipment manuals, appendices, or operating and maintenance instructions. May assist in layout work.","Active Listening, Adobe Acrobat, Adobe Creative Cloud software, Adobe Illustrator, Adobe InDesign, Adobe Photoshop, Atlassian Confluence, Atlassian JIRA, Autodesk AutoCAD, Cascading style sheets CSS, Critical Thinking, Dassault Systemes SolidWorks, Epic Systems, Extensible markup language XML, Git, GitHub, Hypertext markup language HTML, JavaScript, Microsoft ASP.NET, Microsoft Access, Microsoft Excel, Microsoft Office software, Microsoft Outlook, Microsoft PowerPoint, Microsoft Project, Microsoft SQL Server, Microsoft SharePoint, Reading Comprehension, Speaking, Writing"
Writers and Authors,"Originate and prepare written material, such as scripts, stories, advertisements, and other material.","Active Listening, Adobe Acrobat, Adobe After Effects, Adobe Creative Cloud software, Adobe Illustrator, Adobe InDesign, Adobe Photoshop, Asana, Canva, Critical Thinking, Facebook, Figma, Google Analytics, Google Docs, Google Workspace software, HubSpot software, Hypertext markup language HTML, Microsoft Access, Microsoft Excel, Microsoft Office software, Microsoft Outlook, Microsoft PowerPoint, Microsoft Project, Microsoft SharePoint, Microsoft Word, MySQL, PHP, Reading Comprehension, Speaking, Time Management, Writing"
"Poets, Lyricists and Creative Writers","Create original written works, such as scripts, essays, prose, poetry or song lyrics, for publication or performance.","Active Learning, Active Listening, Adobe Acrobat, Adobe Creative Cloud software, Adobe Illustrator, Adobe InDesign, Adobe Photoshop, Apple iWork Pages, Ashley Software Writer's Blocks, AutoCrit Editing Wizard, Bare Bones Software BBEdit, Blogger, Contour Storyteller, Critical Thinking, Facebook, Google Drive, Literature & Latte Scrivener, MasterWriter, Microsoft Excel, Microsoft Office software, Microsoft PowerPoint, Microsoft Word, OpenOffice.org, Power Structure, Ravenshead Services WriteItNow, Reading Comprehension, Red Sweater MarsEdit, RoughDraft, Speaking, WordPress, Writing"
Interpreters and Translators,"Interpret oral or sign language, or translate written text from one language into another.","AceTools.biz Ace Translator, Active Listening, Adapt It, AmoK Translator, Ashkon Translation Pad, Babylon Online Translator, Critical Thinking, DocTranslate, Electronic dictionaries, ExcelTrans Translator, Extensible hypertext markup language XHTML, Google Translate Client, HunterSoft Business Translator, Hypertext markup language HTML, Intrado SchoolMessenger, Language Engineering Corporation Translate Pro, Lingoes, Microsoft Access, Microsoft Excel, Microsoft Office software, Microsoft Outlook, Microsoft PowerPoint, Microsoft Word, Monitoring, OmegaT, Productivity software, Reading Comprehension, Smart Link Corporation ImTranslator, Speaking, Writing, jalada GmbH Just Translate"
Court Reporters and Simultaneous Captioners,"Use verbatim methods and equipment to capture, store, retrieve, and transcribe pretrial and trial proceedings or other information. Includes stenocaptioners who operate computerized stenographic captioning equipment to provide captions of live or prerecorded broadcasts for hearing-impaired viewers.","Acclaim Legal Acclaim DepoManage, Acculaw Court Reporters Billing Scheduling Job Management System ABSMS, Active Listening, Advantage Software Total Eclipse, AudioScribe SpeechCAT, Chase Software Solutions Court Reporting Software, Cheetah International SmartCAT, Corel WordPerfect Office Suite, Courtpages, Courtroom Data Solutions Techlennium, Electronic Transcript Software ProTEXT, Equative TimeLedger, ForTheRecord TheRecord Player, Gigatron StenoCAT, HTH Engineering Start-Stop PowerPlay, Microsoft Excel, Microsoft Office software, Microsoft Outlook, Microsoft Word, Nuance Dragon NaturallySpeaking, OMTI ReporterBase, ProCAT Winner, ReporterWorks, Stenograph Case CATalyst, Stenovations Digital CAT, Thomson West LiveNote"
"Media and Communication Workers, All Other",All media and communication workers not listed separately.,
Audio and Video Technicians,"Set up, maintain, and dismantle audio and video equipment, such as microphones, sound speakers, connecting wires and cables, sound and mixing boards, video cameras, video monitors and servers, and related electronic equipment for live or recorded events, such as concerts, meetings, conventions, presentations, podcasts, news conferences, and sporting events.","Adobe After Effects, Adobe Dreamweaver, Adobe Illustrator, Adobe InDesign, Adobe Photoshop, Apple Final Cut Pro, Apple iMovie, Blackboard software, Cisco IOS, Cisco Webex, Corel Ulead DVD Workshop, Critical Thinking, Linux, Microsoft Access, Microsoft Excel, Microsoft Office software, Microsoft Outlook, Microsoft PowerPoint, Microsoft Teams, Microsoft Windows, Microsoft Word, Monitoring, Operations Monitoring, Reading Comprehension, Voice over internet protocol VoIP system software, Web browser software, YouTube, Zoom"
Broadcast Technicians,"Set up, operate, and maintain the electronic equipment used to acquire, edit, and transmit audio and video for radio or television programs. Control and adjust incoming and outgoing broadcast signals to regulate sound volume, signal strength, and signal clarity. Operate satellite, microwave, or other transmitter equipment to broadcast radio or television programs.","Active Listening, Adobe After Effects, Adobe Audition, Adobe Illustrator, Adobe InDesign, Adobe Photoshop, Adobe Premiere Pro, Apple Final Cut Pro, Autodesk AutoCAD, Avid Technology audio visual editing software, Character generator software, Cisco IOS, Critical Thinking, Dassault Systemes CATIA, Email software, Linux, Microsoft Excel, Microsoft Office software, Microsoft Outlook, Microsoft PowerPoint, Microsoft Windows, Microsoft Word, Monitoring, Operations Monitoring, UNIX, Video decoder software, Video encoder software"
Sound Engineering Technicians,"Assemble and operate equipment to record, synchronize, mix, edit, or reproduce sound, including music, voices, or sound effects, for theater, video, film, television, podcasts, sporting events, and other productions.","Active Listening, Adobe Acrobat, Adobe Audition, Adobe Creative Cloud software, Adobe InDesign, Adobe Photoshop, Adobe Premiere Pro, Apple Final Cut Pro, Apple macOS, Audio editing software, Autodesk AutoCAD, Avid Pro Tools, Avid Technology Pro Tools, Avid Technology audio visual editing software, Cisco IOS, Critical Thinking, Facebook, Git, Linux, Microsoft Excel, Microsoft Office software, Microsoft PowerPoint, Microsoft Visio, Microsoft Windows, Microsoft Word, Oracle Java, Speaking, UNIX"
Lighting Technicians,"Set up, maintain, and dismantle light fixtures, lighting control devices, and the associated lighting electrical and rigging equipment used for photography, television, film, video, and live productions. May focus or operate light fixtures, or attach color filters or other lighting accessories.","Autodesk AutoCAD, FileMaker Pro, Microsoft Access, Microsoft Excel, Microsoft Internet Explorer, Microsoft Office software, Microsoft Outlook, Microsoft PowerPoint, Microsoft Project, Programmable logic controller PLC software, Rockwell RSLogix, SAP Maintenance"
Photographers,"Photograph people, landscapes, merchandise, or other subjects. May use lighting equipment to enhance a subject's appearance. May use editing software to produce finished images and prints. Includes commercial and industrial photographers, scientific photographers, and photojournalists.","Active Listening, Adobe Acrobat, Adobe After Effects, Adobe Creative Cloud software, Adobe Illustrator, Adobe InDesign, Adobe Photoshop, Adobe Photoshop Lightroom, Apple Final Cut Pro, Apple macOS, Blinkbid, Cradoc fotoBiz, Email software, Facebook, Genbook, Google Drive, HindSight InView, Intuit QuickBooks, Light Blue Software Light Blue, Microsoft Access, Microsoft Excel, Microsoft Word, ShootQ photography studio management software, ShootZilla, Simplifi pixifi, Speaking, WordPress"
"Camera Operators, Television, Video, and Film","Operate television, video, or film camera to record images or scenes for television, video, or film productions.","Active Listening, Adobe Acrobat, Adobe After Effects, Adobe Creative Cloud software, Adobe Dreamweaver, Adobe Illustrator, Adobe InDesign, Adobe Photoshop, Adobe Premiere Pro, Apple Final Cut Pro, Apple Final Cut Studio, Avid Technology audio visual editing software, DaVinci Resolve, Email software, Google Drive, Litchi, Microsoft Excel, Microsoft Office software, Microsoft PowerPoint, Microsoft Word, Pix4D Pix4Dcapture, TikTok, Video editing software, YouTube"
Film and Video Editors,"Edit moving images on film, video, or other media. May work with a producer or director to organize images for final production. May edit or synchronize soundtracks with images.","AJAX, Active Listening, Adobe After Effects, Adobe Creative Cloud software, Adobe Director, Adobe Illustrator, Adobe InDesign, Adobe Photoshop, Adobe Premiere Pro, Apple DVD Studio Pro, Apple Final Cut Pro, Apple QuickTime, Apple Xsan, Autodesk Maya, Autodesk Smoke, Avid Digidesign Pro Tools, Avid Technology audio visual editing software, Cascading style sheets CSS, Critical Thinking, Extensible markup language XML, Hypertext markup language HTML, JavaScript, Microsoft Excel, Microsoft Office software, Microsoft PowerPoint, Microsoft Word, TikTok"
"Media and Communication Equipment Workers, All Other",All media and communication equipment workers not listed separately.,
Chiropractors,"Assess, treat, and care for patients by manipulation of spine and musculoskeletal system. May provide spinal adjustment or address sacral or pelvic misalignment.","ACOM Solutions RAPID EMR, Acrendo A.I.med, Active Listening, Addison Health Systems WritePad EHR, Advantage Software Chiropractic Advantage, Billing software, BioEx Systems Exercise Pro, ChiroSoft, ChiroTouch EHR, Complex Problem Solving, Critical Thinking, DataCom Software Business Products M.I.S. Clinic, DocumentPlus, E-Z BIS Office, EZClaim medical billing software, EZnotes, Electro Meridian Imaging EMI, Electronic medical record EMR software, ForteEMR, GalacTek ECLIPSE, InPhase Technologies Group InPhase Concept, Judgment and Decision Making, Life Systems Software ChiroSuite EHR, MRX Solutions OfficeMaster, MicroFour PracticeStudio.NET EMR, Microsoft Excel, Microsoft Office software, Microsoft Outlook, Microsoft Word, Reading Comprehension, Service Orientation, Social Perceptiveness, Speaking, Writing"
"Dentists, General","Examine, diagnose, and treat diseases, injuries, and malformations of teeth and gums. May treat diseases of nerve, pulp, and other dental tissues affecting oral hygiene and retention of teeth. May fit dental appliances or provide preventive care.","ABELSoft ABELDent, ACE Dental, Active Learning, Active Listening, AlphaDent, AltaPoint Data Systems AltaPoint Dental, Complex Problem Solving, Coordination, Critical Thinking, DSN Software Dental-Exec, DSN Software Oral Surgery-Exec, DSN Software Perio-Exec, Data Team DDS, Dental charting software, Dental clinical records software, Dental digital radiology software, Dental imaging software, Dental intra-oral imaging software, DentiMax, EZ 2000, Genesis Dental, Henry Schein DentalVision Professional, Henry Schein Dentrix, Henry Schein Easy Dental, Henry Schein EndoVision, Henry Schein PerioVision, Judgment and Decision Making, Kodak Dental Systems Kodak PRACTICEWORKS Practice management software PMS, Management of Personnel Resources, Microsoft Excel, Microsoft Office software, Monitoring, Persuasion, Reading Comprehension, Science, Service Orientation, Social Perceptiveness, Speaking, Time Management, eClinicalWorks EHR software"
Oral and Maxillofacial Surgeons,"Perform surgery and related procedures on the hard and soft tissues of the oral and maxillofacial regions to treat diseases, injuries, or defects. May diagnose problems of the oral and maxillofacial regions. May perform surgery to improve function or appearance.","Active Learning, Active Listening, Ada, Apteryx Imaging Suite, Complex Problem Solving, Coordination, Critical Thinking, DSN Software Oral Surgery-Exec, DecisionBase TiME for OMS, DentalEye, Dolphin Imaging & Management Solutions Dolphin Management, Gendex Dental Systems VixWin PRO, Judgment and Decision Making, Kodak Dental Systems Kodak Cosmetic Imaging Module, Monitoring, Planmeca Oy Dimaxis, Reading Comprehension, Science, Sirona SIDEXIS XG, Social Perceptiveness, Speaking, Writing"
Orthodontists,"Examine, diagnose, and treat dental malocclusions and oral cavity anomalies. Design and fabricate appliances to realign teeth and jaws to produce and maintain normal function and to improve appearance.","Active Learning, Active Listening, Ada, Adstra Systems ADSTRA Management, Advance Ortho Systems Program Director, Algorithm Compu-Ceph, American Orthodontics Compu-Ceph, American Orthodontics Photo-Eze, Complex Problem Solving, Coordination, Critical Thinking, Dolphin Imaging & Management Solutions Dolphin Management, EZappt, FYI Technologies Dr. Ceph, FYI Technologies Dr. View, Facebook, GAC International OrthoPlex, ICE Dental Systems, IMS Specialty Services IMS Digital Office, Innovative Software Inn-Soft Office Manager, Judgment and Decision Making, Katchitek Corporation OrthoManager, Kodak Dental Systems Kodak ORTHOWARE, Microsoft Office software, Monitoring, New Horizons Software OrthoExec, Oasys structural design and analysis software, Ortho Computer Systems ViewPoint, OrthoChart, Orthoease, Patient management software, PerfectByte Ortho, Reading Comprehension, Social Perceptiveness, Speaking, Time Management"
Prosthodontists,"Diagnose, treat, rehabilitate, design, and fit prostheses that maintain oral function, health, and appearance for patients with clinical conditions associated with teeth, oral and maxillofacial tissues, or the jaw.","Active Listening, Apple iOS, Complex Problem Solving, Consult-PRO, Critical Thinking, Henry Schein DentalVision Professional, Henry Schein Dentrix, Henry Schein Easy Dental, Image management software, Kea Software impDAT, Kodak Dental Systems Kodak PRACTICEWORKS Practice management software PMS, Materialise Dental SimPLANT, Materialise Dental SurgiGuide, Monitoring, Patterson Dental Supply Patterson EagleSoft, Perio charting software, Planet DDS Denticon, Practice-Web Dental, Reading Comprehension, Social Perceptiveness, Speaking"
"Dentists, All Other Specialists",All dentists not listed separately.,
Dietitians and Nutritionists,"Plan and conduct food service or nutritional programs to assist in the promotion of health and control of disease. May supervise activities of a department providing quantity food services, counsel individuals, or conduct nutritional research.","Active Learning, Active Listening, Allergenic diet software, Aurora FoodPro, Axxya Systems Nutritionist Pro, BioEx Systems Nutrition Maker Plus, Complex Problem Solving, Compu-Cal Nutrition Assistant, Coordination, Critical Thinking, Cronometer, CyberSoft NutriBase, Database software, DietMaster Systems DietMaster, ESHA Research The Food Processor, Google Drive, Graphics software, Instructing, Judgment and Decision Making, Ketogenic planning software, Learning Strategies, Lifestyles Technologies DietMaster Pro, MNT Northwest MNT Assistant, Microsoft Excel, Microsoft Office software, Microsoft Outlook, Microsoft PowerPoint, Microsoft Word, Monash University Low FODMAP Diet App, Monitoring, Mosby's Nutritrac, MyFitnessPal, Nutrient analysis software, PICS DietMate Professional, Reading Comprehension, Service Orientation, Social Perceptiveness, Speaking, Writing"
Optometrists,"Diagnose, manage, and treat conditions and diseases of the human eye and visual system. Examine eyes and visual system, diagnose problems or impairments, prescribe corrective lenses, and provide treatment. May prescribe therapeutic drugs to treat specific eye conditions.","Accra Med Software Filopto, Active Listening, AltaPoint Data Systems AltaPoint Vision, Apple Safari, Babcock Winx Pro, Compulink Business Systems Eyecare Advantage, Critical Thinking, Digital Healthcare OptoMize, First Insight E-Z Frame, First Insight MaximEyes, HealthLine Systems Eyecom, Insight Software My Vision Express, Intuit QuickBooks, MAX Systems Max-Gold7, MediNotes Charting Plus, Microsoft Access, Microsoft Edge, Microsoft Excel, Microsoft SQL Server, Microsoft Word, Mozilla Firefox, OfficeMate Software Solutions ExamWRITER, OfficeMate Software Solutions OfficeMate, Operational Data Store ODS software, Prima Systems OPTIX, Reading Comprehension, Scheduling software, Science, Social Perceptiveness, Speaking, Universal Software Solutions VersaVision, Writing"
Pharmacists,"Dispense drugs prescribed by physicians and other health practitioners and provide information to patients about medications and their use. May advise physicians and other health practitioners on the selection, dosage, interactions, and side effects of medications.","Active Learning, Active Listening, Complex Problem Solving, Computer records systems, Critical Thinking, Epic Systems, Freedom MedTEACH, Healthprolink MedAtlas, Insurance claim processing software, Judgment and Decision Making, Label-making software, MEDITECH software, Microsoft Excel, Microsoft Office software, Microsoft Outlook, Microsoft PowerPoint, Microsoft SharePoint, Microsoft Word, Monitoring, Multitask software, Pyxis MedStation software, Reading Comprehension, Recordkeeping software, RxKinetics UD Labels for Windows, Service Orientation, Social Perceptiveness, Speaking, TPNassist, TTP LabTech comPOUND, Time Management, Web browser software, Writing, eClinicalWorks EHR software"
Physician Assistants,"Provide healthcare services typically performed by a physician, under the supervision of a physician. Conduct complete physicals, provide treatment, and counsel patients. May, in some cases, prescribe medication. Must graduate from an accredited educational program for physician assistants.","Active Learning, Active Listening, ChartWare EMR, Complex Problem Solving, Critical Thinking, Electronic medical record EMR software, Epic Systems, Healthcare common procedure coding system HCPCS, Judgment and Decision Making, MEDITECH software, Medical condition coding software, Medical procedure coding software, Microsoft Excel, Microsoft Office software, Microsoft Outlook, Microsoft Word, Monitoring, Patient management software, Patient records software for personal digital assistants PDAs, Reading Comprehension, Science, Service Orientation, Social Perceptiveness, Speaking, Teleconferencing software, Teleradiology systems, Web browser software, Writing, eClinicalWorks EHR software"
Anesthesiologist Assistants,Assist anesthesiologists in the administration of anesthesia for surgical and non-surgical procedures. Monitor patient status and provide patient care during surgical treatment.,"Active Learning, Active Listening, Allscripts PM, Automatic Data Processing AdvancedMD EHR, Benchmark Systems Benchmark Clinical EHR, Bizmatics PrognoCIS EMR, CareCloud Central, Cerner PowerWorks Practice Management, Critical Thinking, Email software, Epic Practice Management, GE Healthcare Centricity Practice Solution, GalacTek ECLIPSE, Greenway Medical Technologies PrimeSUITE, HealthFusion MediTouch, IOS Health Systems Medios EHR, Judgment and Decision Making, Kareo Practice Management, McKesson Practice Plus, Microsoft Access, Microsoft Excel, Microsoft Office software, Microsoft Outlook, Microsoft PowerPoint, Microsoft Word, Modernizing Medicine Practice Management, Monitoring, NextGen Healthcare NextGen Practice Management, Reading Comprehension, Speaking, athenahealth athenaCollector, eClinicalWorks EHR software"
Podiatrists,Diagnose and treat diseases and deformities of the human foot.,"Active Learning, Active Listening, Advantage Software Podiatry Advantage, Complex Problem Solving, Critical Thinking, DocSite Registry, Email software, Facebook, Fox Meadows Software MediNotes e, Judgment and Decision Making, Microsoft Access, Monitoring, Quick Notes PDQ Podiatry, Reading Comprehension, Scanner imaging software, Science, Social Perceptiveness, Speaking, Web browser software, Writing"
Occupational Therapists,"Assess, plan, and organize rehabilitative programs that help build or restore vocational, homemaking, and daily living skills, as well as general independence, to persons with disabilities or developmental delays. Use therapeutic techniques, adapt the individual's environment, teach skills, and modify specific tasks that present barriers to the individual.","Active Learning, Active Listening, Bizmatics PrognoCIS EMR, Casamba Smart, Computer drawing software, Coordination, Crick Software Clicker 4, Critical Thinking, Duxbury Braille Translator, Email software, Facebook, Fifth Walk BillingTracker, FileMaker Pro, HMS, Instructing, Judgment and Decision Making, Language arts educational software, Learning Strategies, Lexrotech LxPediatric, Math educational software, Mayer-Johnson Boardmaker, Microsoft Excel, Microsoft Office software, Microsoft Word, Monitoring, Music software, OpenOffice WRITER, Physical education educational software, Reading Comprehension, Rehab Documentation Company ReDoc Suite, Science educational software, Screen magnification software, Screen reader software, Service Orientation, Social Perceptiveness, Speaking, Time Management, Writing, eClinicalWorks EHR software"
"Low Vision Therapists, Orientation and Mobility Specialists, and Vision Rehabilitation Therapists","Provide therapy to patients with visual impairments to improve their functioning in daily life activities. May train patients in activities such as computer use, communication skills, or home management skills.","Active Learning, Active Listening, Ai Squared ZoomText, Amazon Web Services AWS software, American Printing House for the Blind Learn Keys, American Printing House for the Blind Talking Typer, Arkenstone Atlas Speaks, Axistive BigShot Screen Magnifier, Complex Problem Solving, Critical Thinking, Dolphin Lunar, Freedom Scientific MAGic, Instructing, Learning Strategies, Microsoft Access, Microsoft Excel, Microsoft Office software, Microsoft Outlook, Microsoft PowerPoint, Microsoft Visio, Microsoft Word, Monitoring, Oracle Database, Oracle Hyperion, Oracle Java, Oracle NetSuite, Oracle PeopleSoft, Python, Reading Comprehension, Ruby, SAP software, Service Orientation, Social Perceptiveness, Speaking, Workday software, Writing, ZoomWare Screen Magnifier"
Physical Therapists,"Assess, plan, organize, and participate in rehabilitative programs that improve mobility, relieve pain, increase strength, and improve or correct disabling conditions resulting from disease or injury.","Active Listening, Advantage Software Physical Therapy Advantage, Biometrics video game software, Cedaron Dexter Evaluation & Impairment Rating, Clinicient Insight, Critical Thinking, Exercise routine creation software, Hands On Technology TheraWriter.PT, Judgment and Decision Making, MEDITECH software, MediGraph, Medical condition coding software, Medical procedure coding software, Microsoft Excel, Microsoft Office software, Microsoft Outlook, Microsoft Word, Monitoring, Patient charting software, Prognosis Innovation Healthcare ChartAccess, Reading Comprehension, Recordkeeping software, Rehab Documentation Company ReDoc Suite, Service Orientation, Social Perceptiveness, Speaking, SpectraSoft AppointmentsCS, Time Management, Writing, eClinicalWorks EHR software"
Radiation Therapists,"Provide radiation therapy to patients as prescribed by a radiation oncologist according to established practices and standards. Duties may include reviewing prescription and diagnosis; acting as liaison with physician and supportive care personnel; preparing equipment, such as immobilization, treatment, and protection devices; and maintaining records, reports, and files. May assist in dosimetry procedures and tumor localization.","Active Listening, Beam analysis software, Critical Thinking, Dose unit calculation software, Eclipse IDE, Electronic medical record EMR software, Epic Systems, Image processing software, Lifeline Software RadCalc, Microsoft Excel, Microsoft Office software, Microsoft Word, Nucletron planning systems, Patient management software, Procedure scheduling software, Radiation dose calculation software, Radiation therapy equipment software, Reading Comprehension, Sun Nuclear MapCHECK, Treatment planning software, Virtual simulation software, Web browser software, eClinicalWorks EHR software"
Recreational Therapists,"Plan, direct, or coordinate medically-approved recreation programs for patients in hospitals, nursing homes, or other institutions. Activities include sports, trips, dramatics, social activities, and crafts. May assess a patient condition and recommend appropriate recreational activity.","Active Listening, Avid Technology Sibelius, Complex Problem Solving, Coordination, Critical Thinking, Email software, Hyperscore, Instructing, MakeMusic Finale, Microsoft Excel, Microsoft Office software, Microsoft Outlook, Microsoft PowerPoint, Microsoft Word, Musical instrument digital interface MIDI software, Patient electronic medical record EMR software, Reading Comprehension, Service Orientation, Social Perceptiveness, Speaking, Speech recognition software, Steinberg Cubase Pro, Web browser software, Writing"
Respiratory Therapists,"Assess, treat, and care for patients with breathing disorders. Assume primary responsibility for all respiratory care modalities, including the supervision of respiratory therapy technicians. Initiate and conduct therapeutic procedures; maintain patient records; and select, assemble, check, and operate equipment.","Active Learning, Active Listening, Critical Thinking, Database software, Electronic medical record EMR software, HMS, MEDITECH software, Microsoft Excel, Microsoft Office software, Microsoft Outlook, Microsoft PowerPoint, Microsoft Word, Monitoring, Reading Comprehension, Service Orientation, Social Perceptiveness, Speaking, eClinicalWorks EHR software"
Speech-Language Pathologists,"Assess and treat persons with speech, language, voice, and fluency disorders. May select alternative communication systems and teach their use. May perform research related to speech and language problems.","Active Learning, Active Listening, Adobe Audition, Apple Logic Pro, Avaaz Innovations AphasiaMate, Avaaz Innovations Computerized Speech Research Environment CSRE, Avaaz Innovations Interactive Voice Analysis System IVANS, Biofeedback software, Bungalow Software Aphasia Tutor, Complex Problem Solving, Critical Thinking, Dropbox, ELR Software eLr Extra Language Resources, Email software, Instructing, Judgment and Decision Making, KayPENTAX Multi-Speech, KayPENTAX Nasometer, Language analysis software, Learning Fundamentals Speech Visualization, Learning Strategies, Micro Video Voice Speech Training System, Microsoft Excel, Microsoft Office software, Microsoft Word, Monitoring, Propeller Multimedia React2, Reading Comprehension, Service Orientation, Signal analysis software, Social Perceptiveness, Speaking, Speech analysis software, Tadpoles, Text to speech software, Web browser software, Writing, eClinicalWorks EHR software"
Exercise Physiologists,"Assess, plan, or implement fitness programs that include exercise or physical activities such as those designed to improve cardiorespiratory function, body composition, muscular strength, muscular endurance, or flexibility.","Active Listening, Complex Problem Solving, Critical Thinking, Email software, Instructing, Judgment and Decision Making, MEDITECH software, Microsoft Excel, Microsoft Office software, Microsoft Outlook, Microsoft PowerPoint, Microsoft Word, Monitoring, Reading Comprehension, Service Orientation, Social Perceptiveness, Speaking, Web browser software, Writing"
"Therapists, All Other",All therapists not listed separately.,
Art Therapists,"Plan or conduct art therapy sessions or programs to improve clients' physical, cognitive, or emotional well-being.","Active Learning, Active Listening, Adobe Acrobat, Adobe After Effects, Adobe Creative Cloud software, Adobe Illustrator, Adobe InDesign, Adobe Photoshop, Appointment scheduling software, Autodesk Maya, Case management software, Critical Thinking, IBM SPSS Statistics, Image databases, Judgment and Decision Making, Microsoft Excel, Microsoft Office software, Microsoft Outlook, Microsoft PowerPoint, Microsoft Word, Monitoring, Reading Comprehension, Service Orientation, Social Perceptiveness, Speaking, Trimble SketchUp Pro, Web browser software, Writing, Zoom"
Music Therapists,"Plan, organize, direct, or assess clinical and evidenced-based music therapy interventions to positively influence individuals' physical, psychological, cognitive, or behavioral status.","Active Listening, Avid Technology Pro Tools, Critical Thinking, Electronic health record EHR software, Email software, Judgment and Decision Making, Learning Strategies, Microsoft Office software, Monitoring, Musical instrument digital interface MIDI software, Reading Comprehension, Service Orientation, Social Perceptiveness, Speaking, Virtual instrument software, Web browser software"
Veterinarians,"Diagnose, treat, or research diseases and injuries of animals. Includes veterinarians who conduct research and development, inspect livestock, or care for pets and companion animals.","Active Learning, Active Listening, Adobe Acrobat, American Data Systems PAWS Veterinary Practice Management, Complete Clinic, Complex Problem Solving, Critical Thinking, Eklin Information Systems VIA, Henry Schein ImproMed, IDEXX Laboratories IDEXX Cornerstone, IDEXX Laboratories IDEXX VPM, ImproMed Infinity, InformaVet ALIS-VET, IntraVet, Judgment and Decision Making, Microsoft Access, Microsoft Excel, Microsoft Office software, Microsoft Outlook, Microsoft PowerPoint, Microsoft Word, Mobile Data Software VetInfo, Reading Comprehension, Science, Sneakers Software DVMax Practice, Speaking, Vetport, Web browser software, Writing"
Registered Nurses,"Assess patient health problems and needs, develop and implement nursing care plans, and maintain medical records. Administer nursing care to ill, injured, convalescent, or disabled patients. May advise patients on health maintenance and disease prevention or provide case management. Licensing or registration required.","Active Learning, Active Listening, Allscripts Sunrise, Allscripts healthcare automation software, Apache Spark, Complex Problem Solving, Coordination, Critical Thinking, Data entry software, Database software, Diagnostic and procedural coding software, DoctorsPartner EMR, Drug guide software, Electronic medical record EMR software, Epic Systems, FaceTime, Google Docs, Henry Schein Dentrix, Judgment and Decision Making, Kronos Workforce Timekeeper, MEDITECH software, Microsoft Access, Microsoft Excel, Microsoft Office software, Microsoft Outlook, Microsoft PowerPoint, Microsoft Project, Microsoft SharePoint, Microsoft Windows, Microsoft Word, Monitoring, Reading Comprehension, Service Orientation, Social Perceptiveness, Speaking, Writing, eClinicalWorks EHR software"
Acute Care Nurses,"Provide advanced nursing care for patients with acute conditions such as heart attacks, respiratory distress syndrome, or shock. May care for pre- and post-operative patients or perform advanced, invasive diagnostic or therapeutic procedures.","Active Learning, Active Listening, Allscripts Professional EHR, Amkai AmkaiCharts, Bizmatics PrognoCIS EMR, Cerner Millennium, ChartWare EMR, Complex Problem Solving, Coordination, Critical Thinking, GE Healthcare Centricity EMR, IBM Lotus Notes, Instructing, Judgment and Decision Making, Medscribbler Enterprise, MicroFour PracticeStudio.NET EMR, Microsoft Access, Microsoft Excel, Microsoft Office software, Microsoft Outlook, Microsoft PowerPoint, Microsoft Teams, Microsoft Word, Monitoring, NextGen Healthcare Information Systems EMR, Reading Comprehension, SAP software, SOAPware EMR, Service Orientation, Social Perceptiveness, Speaking, StatCom Patient Flow Logistics Enterprise Suite, SynaMed EMR, Texas Medical Software SpringCharts EMR, Time Management, Writing, e-MDs software, eClinicalWorks EHR software"
Advanced Practice Psychiatric Nurses,"Assess, diagnose, and treat individuals and families with mental health or substance use disorders or the potential for such disorders. Apply therapeutic activities, including the prescription of medication, per state regulations, and the administration of psychotherapy.","AUDIT-C, Active Learning, Active Listening, Beck Anxiety Inventory, Beck Depression Inventory, Brief Psychiatric Rating Scale BPRS Nursing Modification, California Verbal Learning Test, Category Fluency Test, Children's Depression Inventory, Complex Problem Solving, Controlled Oral Word Association Task, Coordination, Critical Thinking, Electroconvulsive therapy equipment, Epic HER, Geriatric Depression Scale, Google Meet, Hendrich Falls Risk Model, Instructing, Invivo Data EPX ePRO Management System, Judgment and Decision Making, Learning Strategies, Medical condition coding software, Microsoft Access, Microsoft Excel, Microsoft Office software, Microsoft Outlook, Microsoft Teams, Microsoft Word, Millon Behavioral Medicine Diagnostic, Minnesota Multiphasic Personality Inventory-2 MMPI-2, Monitoring, Myers Briggs Type Indicator, Negotiation, Persuasion, Reading Comprehension, SAS, Service Orientation, Social Perceptiveness, Speaking, Time Management, Writing"
Critical Care Nurses,Provide specialized nursing care for patients in critical or coronary care units.,"Active Learning, Active Listening, Allscripts Professional EHR, American Association of Critical Care Nurses AACN Medicopeia, Amkai AmkaiCharts, Bizmatics PrognoCIS EMR, Cerner Millennium, ChartWare EMR, Complex Problem Solving, Coordination, Critical Thinking, Epic Systems, GE Healthcare Centricity EMR, Google Drive, Judgment and Decision Making, MEDITECH Healthcare Information System HCIS, MEDITECH software, Medscribbler Enterprise, MicroFour PracticeStudio.NET EMR, Microsoft Office software, Microsoft SharePoint, Monitoring, NextGen Healthcare Information Systems EMR, Oracle Taleo, PEPID RN Critical Care RNCC, Reading Comprehension, SOAPware EMR, Service Orientation, Social Perceptiveness, Speaking, StatCom Patient Flow Logistics Enterprise Suite, SynaMed EMR, Texas Medical Software SpringCharts EMR, Web browser software, e-MDs software, eClinicalWorks EHR software"
Clinical Nurse Specialists,"Direct nursing staff in the provision of patient care in a clinical practice setting, such as a hospital, hospice, clinic, or home. Ensure adherence to established clinical policies, protocols, regulations, and standards.","Active Learning, Active Listening, Allscripts Professional EHR, Amkai AmkaiCharts, Bizmatics PrognoCIS EMR, Cerner Millennium, ChartWare EMR, Complex Problem Solving, Coordination, Critical Thinking, Email software, GE Healthcare Centricity EMR, Instructing, Judgment and Decision Making, Learning Strategies, Medscribbler Enterprise, MicroFour PracticeStudio.NET EMR, Microsoft Excel, Microsoft Office software, Microsoft Outlook, Microsoft PowerPoint, Microsoft Word, Monitoring, NextGen Healthcare Information Systems EMR, Online medical databases, Persuasion, Reading Comprehension, SOAPware EMR, Service Orientation, Social Perceptiveness, Speaking, StatCom Patient Flow Logistics Enterprise Suite, SynaMed EMR, Texas Medical Software SpringCharts EMR, Time Management, Web browser software, Writing, e-MDs software, eClinicalWorks EHR software"
Nurse Anesthetists,"Administer anesthesia, monitor patient's vital signs, and oversee patient recovery from anesthesia. May assist anesthesiologists, surgeons, other physicians, or dentists. Must be registered nurses who have specialized graduate education.","Active Learning, Active Listening, AetherPalm InfusiCalc, Allscripts Professional EHR, Amkai AmkaiCharts, Bizmatics PrognoCIS EMR, Cerner Millennium, ChartWare EMR, Complex Problem Solving, Critical Thinking, Drug database software, EDImis Anesthesia Manager, Epic Systems, GE Healthcare Centricity EMR, Judgment and Decision Making, MEDITECH software, Medscribbler Enterprise, MicroFour PracticeStudio.NET EMR, Microsoft Word, Monitoring, NextGen Healthcare Information Systems EMR, Patient management software, Reading Comprehension, SOAPware EMR, Science, Service Orientation, Skyscape AnesthesiaDrugs, Social Perceptiveness, Speaking, StatCom Patient Flow Logistics Enterprise Suite, SynaMed EMR, Texas Medical Software SpringCharts EMR, e-MDs software, eClinicalWorks EHR software"
Nurse Midwives,"Diagnose and coordinate all aspects of the birthing process, either independently or as part of a healthcare team. May provide well-woman gynecological care. Must have specialized, graduate nursing education.","Acrendo Medical Software Ob/Gyn EMR, Active Learning, Active Listening, Allscripts Professional EHR, Amkai AmkaiCharts, Bizmatics PrognoCIS EMR, Cerner Millennium, ChartWare EMR, Complex Problem Solving, Coordination, Critical Thinking, Epic Systems, GE Healthcare Centricity EMR, Greenway Medical Technologies PrimeSUITE, Judgment and Decision Making, Medscribbler Enterprise, MicroFour PracticeStudio.NET EMR, Microsoft Excel, Microsoft Office software, Monitoring, NextGen Healthcare Information Systems EMR, Practice Partner Total Practice Partner, Prognosis Innovation Healthcare ChartAccess, Reading Comprehension, SOAPware EMR, Service Orientation, Social Perceptiveness, Speaking, StatCom Patient Flow Logistics Enterprise Suite, SynaMed EMR, Texas Medical Software SpringCharts EMR, Writing, digiChart OB-GYN, e-MDs software, eClinicalWorks EHR software"
Nurse Practitioners,"Diagnose and treat acute, episodic, or chronic illness, independently or as part of a healthcare team. May focus on health promotion and disease prevention. May order, perform, or interpret diagnostic tests such as lab work and x rays. May prescribe medication. Must be registered nurses who have specialized graduate education.","Active Learning, Active Listening, Allscripts Professional EHR, Amkai AmkaiCharts, Bizmatics PrognoCIS EMR, Cerner Millennium, Complex Problem Solving, Coordination, Critical Thinking, Epic Systems, GE Healthcare Centricity EMR, Healthcare common procedure coding system HCPCS, Judgment and Decision Making, Learning Strategies, MEDITECH software, Medical condition coding software, Medical procedure coding software, Medscribbler Enterprise, MicroFour PracticeStudio.NET EMR, Microsoft Access, Microsoft Excel, Microsoft Internet Explorer, Microsoft Office software, Microsoft Outlook, Microsoft PowerPoint, Microsoft SharePoint, Microsoft Word, Monitoring, NextGen Healthcare Information Systems EMR, PCC Pediatric Partner, Patient management software, Reading Comprehension, Science, Service Orientation, Social Perceptiveness, Speaking, Writing, e-MDs software, eClinicalWorks EHR software"
Audiologists,Assess and treat persons with hearing and related disorders. May fit hearing aids and provide auditory training. May perform research related to hearing problems.,"Abacus Data Solutions HearWare, Active Learning, Active Listening, Bio-logic Systems HINT Pro, Chart Links, Complex Problem Solving, Computers Unlimited TIMS for Audiology, Critical Thinking, Ear Works, Ear measurement software, Epic Systems, Etymotic Research QuickSIN, GN Otometrics CHARTR EP, Healthcare common procedure coding system HCPCS, HearForm Software HearForm, Hearing aid fitting software, Judgment and Decision Making, Microsoft Excel, Microsoft Office software, Microsoft Outlook, Microsoft PowerPoint, Microsoft Word, Monitoring, Patient management software, Practice management software PMS, Reading Comprehension, Real ear measurement REM software, Service Orientation, Siemens Hearing Instruments Practice Navigator, Simply Hearing Software Simply Hearing OMS, Social Perceptiveness, Speaking, Starkey Laboratories ProHear, Sycle practice management software, Writing, eClinicalWorks EHR software"
Anesthesiologists,"Administer anesthetics and analgesics for pain management prior to, during, or after surgery.","Active Learning, Active Listening, AetherPalm InfusiCalc, Anesthesia machine software, AtStaff Physician Scheduler, Complex Problem Solving, Critical Thinking, Drug database software, EDImis Anesthesia Manager, Electronic medical record EMR software, Epic Systems, Healthpac Medical Billing, Judgment and Decision Making, MEDITECH software, Medical calculator software, Microsoft Access, Microsoft Excel, Microsoft Outlook, Microsoft PowerPoint, Microsoft Word, Monitoring, Operations Monitoring, Reading Comprehension, Science, Skyscape 5-Minute Clinical Consult, Skyscape AnesthesiaDrugs, Social Perceptiveness, Speaking, Time Management, Web browser software, Writing"
Cardiologists,"Diagnose, treat, manage, and prevent diseases or conditions of the cardiovascular system. May further subspecialize in interventional procedures (e.g., balloon angioplasty and stent placement), echocardiography, or electrophysiology.","Epic Systems, MEDITECH software, Watchman Monitoring"
Dermatologists,"Diagnose and treat diseases relating to the skin, hair, and nails. May perform both medical and dermatological surgery functions.","Active Learning, Active Listening, Allscripts PM, Automatic Data Processing AdvancedMD EHR, Benchmark Systems Benchmark Clinical EHR, Bizmatics PrognoCIS EMR, Calendar software, CareCloud Central, Cerner PowerWorks Practice Management, Cisco Webex, Complex Problem Solving, Critical Thinking, Email software, Encite Dermatology Electronic Health Records EHR Software, Epic Practice Management, GE Healthcare Centricity Practice Solution, GalacTek ECLIPSE, Greenway Medical Technologies PrimeSUITE, HealthFusion MediTouch, IOS Health Systems Medios EHR, Judgment and Decision Making, Kareo Practice Management, McKesson Practice Plus, Microsoft Excel, Microsoft Office software, Microsoft Word, Monitoring, Reading Comprehension, Science, Service Orientation, Social Perceptiveness, Speaking, Writing, Zoom, athenahealth athenaCollector, doc2MD, eClinicalWorks EHR software"
Emergency Medicine Physicians,"Make immediate medical decisions and act to prevent death or further disability. Provide immediate recognition, evaluation, care, stabilization, and disposition of patients. May direct emergency medical staff in an emergency department.","Active Learning, Active Listening, Complex Problem Solving, Coordination, Critical Thinking, Epic Systems, Instructing, Judgment and Decision Making, Learning Strategies, MEDITECH software, Monitoring, Persuasion, Reading Comprehension, Service Orientation, Social Perceptiveness, Speaking, Writing"
Family Medicine Physicians,"Diagnose, treat, and provide preventive care to individuals and families across the lifespan. May refer patients to specialists when needed for further diagnosis or treatment.","Acrendo Medical Software Family Practice EMR, Active Learning, Active Listening, Allscripts Professional EHR, Billing software, Brickell Research Brickell Medical Office, ChartWare EMR, Complex Problem Solving, Critical Thinking, Email software, Epic Systems, Epocrates, Greenway Health PrimeSuite, Judgment and Decision Making, MEDITECH software, Med Math, MedcomSoft Record, Medical procedure coding software, Medical reference software, Microsoft Excel, Microsoft Office software, Misys Healthcare Systems Mysis Tiger, Monitoring, Practice Partner Total Practice Partner, Practice management software PMS, Reading Comprehension, SOAPware EMR, Scheduling software, Science, Service Orientation, Social Perceptiveness, Speaking, Time Management, Web browser software, Writing, e-MDs software, e-MDs topsE&M Coder, eClinicalWorks EHR software"
General Internal Medicine Physicians,"Diagnose and provide nonsurgical treatment for a wide range of diseases and injuries of internal organ systems. Provide care mainly for adults and adolescents, and are based primarily in an outpatient care setting.","Active Learning, Active Listening, Allscripts Professional EHR, Billing software, Brickell Research Brickell Medical Office, ChartWare EMR, Complex Problem Solving, Critical Thinking, Email software, Epic Systems, Epocrates, GE Healthcare Centricity EMR, Greenway Health PrimeSuite, Judgment and Decision Making, MEDITECH software, Med Math, MedcomSoft Record, Medical reference software, MicroFocus GroupWise, Microsoft Excel, Microsoft Internet Explorer, Microsoft Office software, Misys Healthcare Systems Mysis Tiger, Monitoring, Practice Partner Total Practice Partner, Practice management software PMS, Reading Comprehension, SOAPware EMR, Scheduling software, Science, Service Orientation, Social Perceptiveness, Speaking, Writing, e-MDs software, e-MDs topsE&M Coder, eClinicalWorks EHR software"
Neurologists,"Diagnose, manage, and treat disorders and diseases of the brain, spinal cord, and peripheral nerves, with a primarily nonsurgical focus.","Active Learning, Active Listening, Allscripts PM, Automatic Data Processing AdvancedMD EHR, Benchmark Systems Benchmark Clinical EHR, Bizmatics PrognoCIS EMR, CareCloud Central, Cerner PowerWorks Practice Management, Complex Problem Solving, Coordination, Critical Thinking, Email software, Epic Practice Management, Epic Systems, GE Healthcare Centricity Practice Solution, GalacTek ECLIPSE, Greenway Medical Technologies PrimeSUITE, HealthFusion MediTouch, IOS Health Systems Medios EHR, Instructing, Judgment and Decision Making, Kareo Practice Management, McKesson Practice Plus, Microsoft Excel, Microsoft Office software, Microsoft PowerPoint, Microsoft Word, Modernizing Medicine Practice Management, Monitoring, NextGen Healthcare NextGen Practice Management, Persuasion, Reading Comprehension, Science, Service Orientation, Social Perceptiveness, Speaking, Writing, athenahealth athenaCollector, e-MDs software, eClinicalWorks EHR software"
Obstetricians and Gynecologists,"Provide medical care related to pregnancy or childbirth. Diagnose, treat, and help prevent diseases of women, particularly those affecting the reproductive system. May also provide general care to women. May perform both medical and gynecological surgery functions.","AS Software AS-OBGYN, Acrendo Medical Software Ob/Gyn EMR, Active Learning, Active Listening, Allscripts Professional EHR, Alteer Premiere, Bizmatics PrognoCIS EMR, ChartWare EMR, Complex Problem Solving, Computer Systems Company R4 ACERT, Coordination, Critical Thinking, Email software, Epic Systems, Greenway Medical Technologies PrimeSUITE, Judgment and Decision Making, Learning Strategies, MEDITECH software, MedcomSoft Record, Medical procedure coding software, Microsoft Excel, Microsoft Office software, Monitoring, Practice Partner Total Practice Partner, Reading Comprehension, Scheduling software, Science, Service Orientation, Social Perceptiveness, Speaking, Time Management, Web browser software, Writing, digiChart OB-GYN, e-MDs software, eClinicalWorks EHR software"
"Pediatricians, General","Diagnose, treat, and help prevent diseases and injuries in children. May refer patients to specialists for further diagnosis or treatment, as needed.","Active Learning, Active Listening, Advanced Data Systems MedicsDocAssistant for Pediatrics, Allscripts Professional EHR, ChartWare EMR, Complex Problem Solving, Critical Thinking, Drug reference software, EMR Experts Pediatric EMR, Email software, Epic Systems, Epic Systems software, Judgment and Decision Making, MEDITECH software, MedcomSoft Record, Medical information databases, Microsoft Access, Monitoring, Patient electronic medical record EMR software, Reading Comprehension, SOAPware EMR, Scheduling software, Science, Service Orientation, Social Perceptiveness, Speaking, StatCoder.com STAT E&M Coder, Web browser software, Writing, e-MDs software, e-MedRecords CompuKID, eClinicalWorks EHR software"
"Physicians, Pathologists","Diagnose diseases and conduct lab tests using organs, body tissues, and fluids. Includes medical examiners.","Accounts receivables system software, Active Learning, Active Listening, Anatomic pathology software, Antek HealthWare LabDAQ, Aspyra CyberLAB, Aspyra CyberPATH, Blood Bank Computer Systems Blood Bank Control System, Blood bank information systems, Cerner CoPathPlus, Cerner Millennium PathNet, Cerner Millennium PathNet Blood Bank Transfusion, Cerner Millennium ProFit, ClinLab LIS, Clinical Information Systems CISLab CPS, Clinical Software Solutions CLIN1 Suite, ComBase, Comp Pro Med Polytech, Complex Problem Solving, Computer Service and Support AR 2000 Laboratory Billing System, Computer Trust WinSurge, Cortex Medical Management Systems Cortex Medical Billing, Cortex Medical Management Systems The Gold Standard, Critical Thinking, Judgment and Decision Making, Microsoft Access, Microsoft Excel, Microsoft Office software, Microsoft PowerPoint, Monitoring, Reading Comprehension, SAP software, Science, Speaking, Writing"
Psychiatrists,"Diagnose, treat, and help prevent mental disorders.","ADL Data Systems OptimumClinicals Electronic Health Record, Active Learning, Active Listening, Advantage Software Psych Advantage, Allscripts Sunrise, Blumenthal Software PBSW24, Cerner ProFile, Complex Problem Solving, Computer Assisted Diagnostic Interview CADI software, Coordination, Critical Thinking, Electronic medical record EMR software, Epic EpicCare Inpatient Clinical System, Epic Systems, FifthWalk BillingTracker Pro, GE Healthcare Centricity EMR, ICANotes, Instructing, Integrated Systems Management OmniMD, Judgment and Decision Making, Learning Strategies, MDofficeManager MediVoxx, MEDITECH Behavioral Health Clinicals, MEDITECH software, Microsoft Excel, Microsoft Office software, Microsoft Outlook, Microsoft Word, Monitoring, Netsmart Technologies Avatar Clinical Workstation CWS, Persuasion, Practice management software PMS, Psychiatric assessment software, Psychiatric information databases, Reading Comprehension, Science, Service Orientation, Social Perceptiveness, Speaking, Writing, eClinicalWorks EHR software"
Radiologists,"Diagnose and treat diseases and injuries using medical imaging techniques, such as x rays, magnetic resonance imaging (MRI), nuclear medicine, and ultrasounds. May perform minimally invasive medical procedures and tests.","ACOM Solutions RAPID EMR, Active Learning, Active Listening, Advanced Data Systems MedicsRis, Allscripts PM, Allscripts Professional EHR, Alteer Office, Automatic Data Processing AdvancedMD EHR, Avreo Radiology Workflow Solutions, Benchmark Systems Benchmark Clinical EHR, Bizmatics PrognoCIS EMR, CareCloud Central, Cerner PowerWorks Practice Management, Complex Problem Solving, Computer aided image analysis software, Critical Thinking, Digital Imaging Communications in Medicine DICOM medical imaging software, Digital image processing software, Email software, Epic Practice Management, Epic Systems, Fujifilm Synapse, GE Healthcare Centricity EMR, GalacTek ECLIPSE, Judgment and Decision Making, MEDITECH software, Microsoft Excel, Microsoft Word, Monitoring, Reading Comprehension, Science, Service Orientation, Social Perceptiveness, Speaking, Time Management, Writing, athenahealth athenaCollector, eClinicalWorks EHR software"
"Physicians, All Other",All physicians not listed separately.,
Allergists and Immunologists,"Diagnose, treat, and help prevent allergic diseases and disease processes affecting the immune system.","Active Learning, Active Listening, Allscripts PM, Automatic Data Processing AdvancedMD EHR, Benchmark Systems Benchmark Clinical EHR, Bizmatics PrognoCIS EMR, CareCloud Central, Cerner PowerWorks Practice Management, Complex Problem Solving, Critical Thinking, Crowell Systems Medformix, Electronic Medical Records and Electronic Health Records Software IMS for Allergists, Email software, Epic Practice Management, FlowJo, GE Healthcare Centricity Practice Solution, GalacTek ECLIPSE, GraphPad Software GraphPad Prism, Greenway Medical Technologies PrimeSUITE, HealthFusion MediTouch, IOS Health Systems Medios EHR, Instructing, Judgment and Decision Making, Kareo Practice Management, Learning Strategies, Microsoft Excel, Microsoft Office software, Microsoft Outlook, Microsoft PowerPoint, Microsoft Word, Monitoring, Reading Comprehension, Science, Service Orientation, Social Perceptiveness, Speaking, Time Management, Writing, athenahealth athenaCollector, eClinicalWorks EHR software"
Hospitalists,"Provide inpatient care predominantly in settings such as medical wards, acute care units, intensive care units, rehabilitation centers, or emergency rooms. Manage and coordinate patient care throughout treatment.","Active Learning, Active Listening, Billing software, Complex Problem Solving, Computerized physician order entry CPOE software, Coordination, Critical Thinking, Electronic medical record EMR software, Email software, Epic Systems, Epocrates, Global positioning system GPS software, Judgment and Decision Making, MDeverywhere, MEDITECH software, Medical decision support software, Medical procedure coding software, Medical reference software, Microsoft Excel, Microsoft Office software, Microsoft PowerPoint, Microsoft Word, Monitoring, Reading Comprehension, Service Orientation, Social Perceptiveness, Speaking, Web browser software, Writing"
Urologists,"Diagnose, treat, and help prevent benign and malignant medical and surgical disorders of the genitourinary system and the renal glands.","Active Learning, Active Listening, Allscripts PM, Automatic Data Processing AdvancedMD EHR, Benchmark Systems Benchmark Clinical EHR, Bizmatics PrognoCIS EMR, CareCloud Central, Cerner PowerWorks Practice Management, Complex Problem Solving, Critical Thinking, Email software, Epic Practice Management, Epic Systems, GE Healthcare Centricity Practice Solution, GalacTek ECLIPSE, Greenway Medical Technologies PrimeSUITE, HealthFusion MediTouch, Henry Schein Medical Systems MicroMD Urology EMR, IOS Health Systems Medios EHR, Judgment and Decision Making, Kareo Practice Management, MEDITECH software, McKesson Practice Plus, Meditwatch Portaflow Advanced, Microsoft Excel, Microsoft Office software, Microsoft PowerPoint, Microsoft Word, Monitoring, Reading Comprehension, Science, Social Perceptiveness, Speaking, Systems Analysis, Time Management, Writing, athenahealth athenaCollector, eClinicalWorks EHR software"
Physical Medicine and Rehabilitation Physicians,"Diagnose and treat disorders requiring physiotherapy to provide physical, mental, and occupational rehabilitation.","Active Learning, Active Listening, Allscripts PM, Automatic Data Processing AdvancedMD EHR, Benchmark Systems Benchmark Clinical EHR, Biodex Medical Systems Biodex Concussion Manager, Bizmatics PrognoCIS EMR, CareCloud Central, Cerner PowerWorks Practice Management, Complex Problem Solving, Coordination, Critical Thinking, Email software, Epic Practice Management, GE Healthcare Centricity Practice Solution, GalacTek ECLIPSE, Greenway Medical Technologies PrimeSUITE, HealthFusion MediTouch, IOS Health Systems Medios EHR, Instructing, Judgment and Decision Making, Kareo Practice Management, McKesson Practice Plus, Microsoft Word, Modernizing Medicine Practice Management, Monitoring, NextGen Healthcare NextGen Practice Management, Nuesoft Technologies NueMD, OmniMD PT./OT EHR, Reading Comprehension, Service Orientation, Social Perceptiveness, Speaking, Time Management, Vitera Healthcare Solutions Vitera Intergy, Writing, athenahealth athenaCollector, eClinicalWorks EHR software, simplifyMD"
Preventive Medicine Physicians,"Apply knowledge of general preventive medicine and public health issues to promote health care to groups or individuals, and aid in the prevention or reduction of risk of disease, injury, disability, or death. May practice population-based medicine or diagnose and treat patients in the context of clinical health promotion and disease prevention.","Active Learning, Active Listening, Biostatistical software, Centers for Disease Control and Prevention Epi Info, Complex Problem Solving, Coordination, Critical Thinking, Database software, Email software, Epidemiological software, Insightful S-PLUS, Instructing, Judgment and Decision Making, Learning Strategies, Management of Personnel Resources, Medical surveillance software, Microsoft Access, Microsoft Excel, Microsoft Office software, Microsoft PowerPoint, Microsoft Word, Monitoring, NCSS, NCSS Power Analysis and Sample Size PASS, NetEpi, OpenEpi, Patient electronic medical record EMR software, Persuasion, R, Reading Comprehension, SAS, SAS JMP, STATISTICA, Scheduling software, Science, Service Orientation, Social Perceptiveness, Speaking, StataCorp Stata, Statistical Solutions BMDP, Systems Analysis, Systems Evaluation, The MathWorks MATLAB, Time Management, Writing"
Sports Medicine Physicians,"Diagnose, treat, and help prevent injuries that occur during sporting events, athletic training, and physical activities.","3D motion analysis software, Active Learning, Active Listening, Allscripts PM, Automatic Data Processing AdvancedMD EHR, Benchmark Systems Benchmark Clinical EHR, Bizmatics PrognoCIS EMR, CareCloud Central, Cerner PowerWorks Practice Management, Complex Problem Solving, Coordination, Critical Thinking, Email software, Epic Practice Management, Epic Systems, GE Healthcare Centricity Practice Solution, GalacTek ECLIPSE, Greenway Medical Technologies PrimeSUITE, HealthFusion MediTouch, IOS Health Systems Medios EHR, Instructing, Judgment and Decision Making, Kareo Practice Management, Learning Strategies, McKesson Practice Plus, Meditab IMS Orthopedics/Sports Medicine, Microsoft Excel, Microsoft Office software, Microsoft Word, Modernizing Medicine Practice Management, Monitoring, NextGen Healthcare NextGen Practice Management, Persuasion, Reading Comprehension, Service Orientation, Social Perceptiveness, Speaking, Systems Evaluation, Time Management, Writing, athenahealth athenaCollector, eClinicalWorks EHR software"
"Ophthalmologists, Except Pediatric",Diagnose and perform surgery to treat and help prevent disorders and diseases of the eye. May also provide vision services for treatment including glasses and contacts.,"Active Learning, Active Listening, Allscripts PM, Automatic Data Processing AdvancedMD EHR, Benchmark Systems Benchmark Clinical EHR, Bizmatics PrognoCIS EMR, CareCloud Central, Cerner PowerWorks Practice Management, Complex Problem Solving, Coordination, Critical Thinking, Email software, Epic Practice Management, Epic Systems, EyeMD EMR Healthcare Systems EyeMD EMR, GE Healthcare Centricity Practice Solution, GalacTek ECLIPSE, Greenway Medical Technologies PrimeSUITE, HealthFusion MediTouch, IOS Health Systems Medios EHR, Instructing, Judgment and Decision Making, Kareo Practice Management, McKesson Practice Plus, Microsoft Excel, Microsoft Word, Modernizing Medicine Practice Management, Monitoring, NextGen Healthcare NextGen Practice Management, Ophthalmic imaging software, Persuasion, Reading Comprehension, Science, Service Orientation, Social Perceptiveness, Speaking, Time Management, Writing, athenahealth athenaCollector, eClinicalWorks EHR software, simplifyMD"
"Orthopedic Surgeons, Except Pediatric",Diagnose and perform surgery to treat and prevent rheumatic and other diseases in the musculoskeletal system.,"Computer imaging software, Electronic medical record EMR software, Epic Systems, Human resources management system HRMS, Image-guided surgery software, Integra Radionics NeuroSight Arc, MEDITECH software, Medical laser control software, Microsoft Windows, Practice management software PMS, Robotic surgery software, Three-dimensional 3D virtual surgery software"
Pediatric Surgeons,"Diagnose and perform surgery to treat fetal abnormalities and birth defects, diseases, and injuries in fetuses, premature and newborn infants, children, and adolescents. Includes all pediatric surgical specialties and subspecialties.","Computer imaging software, Electronic medical record EMR software, Epic Systems, Human resources management system HRMS, Image-guided surgery software, Integra Radionics NeuroSight Arc, MEDITECH software, Medical laser control software, Microsoft Windows, Practice management software PMS, Robotic surgery software, Three-dimensional 3D virtual surgery software"
"Surgeons, All Other",All surgeons not listed separately.,
Acupuncturists,"Diagnose, treat, and prevent disorders by stimulating specific acupuncture points within the body using acupuncture needles. May also use cups, nutritional supplements, therapeutic massage, acupressure, and other alternative health therapies.","Active Listening, AcuPartner Professional, Critical Thinking, Electronic health record EHR software, Judgment and Decision Making, Microsoft Excel, Microsoft Office software, Microsoft Outlook, Microsoft Windows, Microsoft Word, Miridia Technology AcuGraph, QPuncture II, Qchart, Qpalm Acupuncture, Service Orientation, Social Perceptiveness, Speaking, Trigram Software AcuBase Pro"
Dental Hygienists,Administer oral hygiene care to patients. Assess patient oral hygiene problems or needs and maintain health records. Advise patients on oral health maintenance and disease prevention. May provide advanced care such as providing fluoride treatment or administering topical anesthesia.,"Active Listening, Critical Thinking, Dental billing software, Dental charting software, Dental clinical records software, Dental digital radiology software, Dental imaging software, Dental intra-oral imaging software, Dental office management software, Email software, Henry Schein Dentrix, Microsoft Excel, Microsoft Office software, Microsoft Word, Open Dental, Patterson Dental Supply Patterson EagleSoft, Scheduling software, Speaking, Voice-activated perio charting software, Web browser software"
"Healthcare Diagnosing or Treating Practitioners, All Other",All healthcare diagnosing or treating practitioners not listed separately.,
Naturopathic Physicians,"Diagnose, treat, and help prevent diseases using a system of practice that is based on the natural healing capacity of individuals. May use physiological, psychological or mechanical methods. May also use natural medicines, prescription or legend drugs, foods, herbs, or other natural remedies.","Active Learning, Active Listening, Complex Problem Solving, Critical Thinking, EZ-Zone Software Alternative Medical Billing, Enova eNatro, Google Meet, Judgment and Decision Making, Labeling software, Microsoft Excel, NaturaeMed OfficePro, NaturoPlus, Naturopathic Clinic software, Online medical databases, Power Diary, Reading Comprehension, Service Orientation, SimpleClinic Practice Management software, Social Perceptiveness, Speaking, Trigram Software AcuBase Pro, Web browser software, Writing, ZYTO LSA Pro, Zoom"
Orthoptists,Diagnose and treat visual system disorders such as binocular vision and eye movement impairments.,"Active Listening, Computer Aided Vision Therapy CAVT, Computer perceptual processing software, Critical Thinking, Email software, Eye Tracking Exercises Enterprises Track with Letters, HTS Vision CVS2, HTS Vision HTS2 Computerized Binocular Home Eye Exercise System, MAX Systems Max-Gold Medical Clinic Software, Microsoft Excel, Microsoft PowerPoint, Microsoft Word, Reading Comprehension, Science, SeeRite Flash and Match, Social Perceptiveness, Speaking, Therapeutic orthoptic software, Writing"
Medical and Clinical Laboratory Technologists,"Perform complex medical laboratory tests for diagnosis, treatment, and prevention of disease. May train or supervise staff.","Active Listening, Commercial plate reader software, Critical Thinking, Database software, Electronic medical record EMR software, Email software, FileMaker Pro, Hematology laboratory workflow management software, Laboratory information system LIS, MEDITECH software, Medical digital imaging software, Medical procedure coding software, Medical system integration software, Microscopic image capturing software, Microsoft Excel, Microsoft Office software, Microsoft PowerPoint, Microsoft Project, Microsoft Word, Monitoring, Operations Monitoring, Quality Control Analysis, Quality control software, Reading Comprehension, Reimbursement screening software, Science, Specimen tracking software, Test result delivery software, Test routing software, eClinicalWorks EHR software"
Cytogenetic Technologists,"Analyze chromosomes or chromosome segments found in biological specimens, such as amniotic fluids, bone marrow, solid tumors, and blood to aid in the study, diagnosis, classification, or treatment of inherited or acquired genetic diseases. Conduct analyses through classical cytogenetic, fluorescent in situ hybridization (FISH) or array comparative genome hybridization (aCGH) techniques.","Active Listening, Adobe Illustrator, C++, Cell Bioscience Automated Image Capture, Critical Thinking, Digital karyotyping software, Genetix CytoVision, Genial Genetics Shire, Genial Genetics iPassport QMS, Geniel Genetics iGene, Image analysis software, Image capture software, Judgment and Decision Making, KARIO, LUCIA MFISH, Lucia CGH, Lucia Comet Assay, Lucia FISH, Lucia Karyo, Lucia Metaphase Finder, MetaSystems Isis Color Karyotyping, Microsoft Excel, Microsoft Office software, Microsoft Outlook, Microsoft PowerPoint, Microsoft Word, Python, Reading Comprehension, Speaking, Writing"
Cytotechnologists,"Stain, mount, and study cells to detect evidence of cancer, hormonal abnormalities, and other pathological conditions following established standards and practices.","Active Listening, Ansible software, Antek HealthWare LabDAQ, Aspyra CyberLAB, CPSI CPSI System, CSS CLS-2000, Cerner Millennium PathNet, ClinLab LIS, Clinical Software Solutions CLIN1 Suite, Comp Pro Med Polytech, Critical Thinking, Custom Software Systems StarLab, Elekta Impac Software IntelliLab, EpicLab Laboratory Information System, Fletcher-Flora Health Care Systems FFlex eSuite LIS, Fletcher-Flora Health Care Systems LabPak LIS, Fortius Lab Systems Clinical LIS, GE Healthcare Centricity Laboratory, HEX Laboratory Systems LAB/HEX, Healthvision TDSynergy LIS, LabSoft LabNet, Laboratory information system LIS, MEDITECH software, Microsoft Excel, Microsoft Office software, Microsoft Word, Reading Comprehension, eTeleNext LIS"
Histotechnologists,Apply knowledge of health and disease causes to evaluate new laboratory techniques and procedures to examine tissue samples. Process and prepare histological slides from tissue sections for microscopic examination and diagnosis by pathologists. May solve technical or instrument problems or assist with research studies.,"Brady Specimen Labeling System, Cerner Millennium, Laboratory information system LIS, MEDITECH software, Microsoft Access, Microsoft Excel, Microsoft Office software, Microsoft Outlook, Microsoft Word, Reading Comprehension, Specimen labeling system software"
Medical and Clinical Laboratory Technicians,"Perform routine medical laboratory tests for the diagnosis, treatment, and prevention of disease. May work under the supervision of a medical technologist.","Active Listening, Billing software, Commercial plate reader software, Data entry software, Database software, Electronic medical record EMR software, Email software, FileMaker Pro, Google Docs, Hematology laboratory workflow management software, IBM Notes, Laboratory information system LIS, MEDITECH software, Medical digital imaging software, Medical system integration software, Microscopic image capturing software, Microsoft Excel, Microsoft Office software, Microsoft Outlook, Microsoft PowerPoint, Microsoft Word, Minitab, National Instruments LabVIEW, Quality control software, Quizlet, Reading Comprehension, SAP software"
Histology Technicians,Prepare histological slides from tissue sections for microscopic examination and diagnosis by pathologists. May assist with research studies.,"Active Listening, Brady Specimen Labeling System, Cerner Millennium, Critical Thinking, Laboratory information system LIS, MEDITECH software, Microsoft Access, Microsoft Excel, Microsoft Office software, Microsoft Outlook, Microsoft Word, Specimen labeling system software"
Cardiovascular Technologists and Technicians,"Conduct tests on pulmonary or cardiovascular systems of patients for diagnostic, therapeutic, or research purposes. May conduct or assist in electrocardiograms, cardiac catheterizations, pulmonary functions, lung capacity, and similar tests.","Active Listening, Critical Thinking, Database software, Diagnostic image review software, Digital Imaging Communications in Medicine DICOM-compatible image acquisition and integration software products, Electronic medical record EMR software, Hypertext preprocessor PHP, Information systems integration software, Internet or intranet image distribution software, JavaScript, MEDITECH software, Microsoft Excel, Microsoft Office software, Microsoft Outlook, Microsoft Word, Monitoring, Operations Monitoring, Practice management software PMS, Pyxis MedStation software, Reading Comprehension, Smart Digital Holter Monitor, Social Perceptiveness, Speaking, Structured data entry software, Web browser software"
Diagnostic Medical Sonographers,Produce ultrasonic recordings of internal organs for use by physicians. Includes vascular technologists.,"Active Listening, Critical Thinking, Database software, Email software, MEDITECH software, Medical procedure coding software, Microsoft Excel, Microsoft Office software, Monitoring, Patient medical record software, Reading Comprehension, Social Perceptiveness, Speaking, eClinicalWorks EHR software"
Nuclear Medicine Technologists,"Prepare, administer, and measure radioactive isotopes in therapeutic, diagnostic, and tracer studies using a variety of radioisotope equipment. Prepare stock solutions of radioactive materials and calculate doses to be administered by radiologists. Subject patients to radiation. Execute blood volume, red cell survival, and fat absorption studies following standard laboratory techniques.","Active Listening, Critical Thinking, Electronic medical record EMR software, Gamma camera software, MEDITECH software, Medovation RadRunner, Microsoft Excel, Microsoft Office software, Microsoft Outlook, Microsoft PowerPoint, Microsoft Word, Monitoring, Radiopharmacy inventory databases, Reading Comprehension, Speaking, Writing"
Radiologic Technologists and Technicians,Take x-rays and CAT scans or administer nonradioactive materials into patient's bloodstream for diagnostic or research purposes. Includes radiologic technologists and technicians who specialize in other scanning modalities.,"Active Listening, Diagnostic and procedural coding software, Diagnostic image review software, Digital Imaging Communications in Medicine DICOM software/modality management software, Electronic medical record EMR software, Film processor tracking and management software, GE Healthcare Centricity EMR, GE Healthcare ViewPoint Solutions, Information management subsystem software, Information systems integration software, Internet or intranet image distribution software, MEDITECH software, Medical condition coding software, Medical procedure coding software, Microsoft Excel, Microsoft Office software, Microsoft Outlook, Microsoft PowerPoint, Microsoft Word, Practice management software PMS, R, Reading Comprehension, Service Orientation, Social Perceptiveness, Speaking, Structured data entry software, Virtual reality computed tomography CT imaging software, eClinicalWorks EHR software"
Magnetic Resonance Imaging Technologists,"Operate Magnetic Resonance Imaging (MRI) scanners. Monitor patient safety and comfort, and view images of area being scanned to ensure quality of pictures. May administer gadolinium contrast dosage intravenously. May interview patient, explain MRI procedures, and position patient on examining table. May enter into the computer data such as patient history, anatomical area to be scanned, orientation specified, and position of entry.","Active Listening, Appointment scheduling software, Electronic medical record EMR software, GE Healthcare Centricity EMR, MEDITECH software, Medical image processing software, Microsoft Excel, Microsoft Office software, Microsoft Word, Monitoring, Operations Monitoring, Radiology information systems (RIS), Reading Comprehension, Speaking, Teleradiology systems, Web browser software, eClinicalWorks EHR software"
Medical Dosimetrists,"Generate radiation treatment plans, develop radiation dose calculations, communicate and supervise the treatment plan implementation, and consult with members of radiation oncology team.","Active Listening, Complex Problem Solving, Critical Thinking, Eclipse IDE, Epic Systems, Judgment and Decision Making, MEDITECH software, Mathematics, Medical condition coding software, Monitoring, Reading Comprehension, Speaking, Time Management, Writing"
Emergency Medical Technicians,Assess injuries and illnesses and administer basic emergency medical care. May transport injured or sick persons to medical facilities.,"Epocrates, HyperTox, Informed EMS Field Guide, Iterum eMedic, MEDITECH software, MedDataSolutions Regist*r, Medical Wizards ER & ICU ToolBox, Medical Wizards ER Suite, Medical Wizards Paramedics ToolBox, Microsoft Excel, Microsoft Office software, Microsoft PowerPoint, Microsoft Word, Mosby's Drug Consult, PEPID EMS, Palmtree EMS Field Reference Guide, Palmtree Pocket EKG, Skyscape Rosen and Barkin's 5-Minute Emergency Medicine Consult, Skyscape medical software, TechOnSoftware HazMatCE Pro"
Paramedics,"Administer basic or advanced emergency medical care and assess injuries and illnesses. May administer medication intravenously, use equipment such as EKGs, or administer advanced life support to sick or injured individuals.","Apple iOS, Epocrates, HyperTox, Informed EMS Field Guide, Iterum eMedic, MEDITECH software, MedDataSolutions Regist*r, Medical Wizards ER & ICU ToolBox, Medical Wizards ER Suite, Medical Wizards Paramedics ToolBox, Microsoft Excel, Microsoft Office software, Microsoft Outlook, Microsoft PowerPoint, Microsoft Word, Mosby's Drug Consult, PEPID EMS, Palmtree EMS Field Reference Guide, Palmtree Pocket EKG, R, Skyscape Rosen and Barkin's 5-Minute Emergency Medicine Consult, Skyscape medical software, TechOnSoftware HazMatCE Pro, eClinicalWorks EHR software"
Dietetic Technicians,"Assist in the provision of food service and nutritional programs, under the supervision of a dietitian. May plan and produce meals based on established guidelines, teach principles of food and nutrition, or counsel individuals.","Appointment scheduling software, Axxya Systems Nutritionist Pro, CBORD Nutrition Service Suite, Computrition Nutrition Care Management NCM Select, CyberSoft NutriBase, Cybersoft Primero Software Suite, DietMaster Systems Clinical Nutrition, ESHA Research The Food Processor, Food Service Solutions FoodCo, Gnutrition, LunchByte Systems NUTRIKIDS, MEDITECH software, Microsoft Access, Microsoft Excel, Microsoft Office software, Microsoft Outlook, Microsoft PowerPoint, Microsoft Word, NutriGenie Optimal Nutrition, Patient electronic medical record EMR software, The Nutrition Company FoodWorks, USDA Child Nutrition Database, ValuSoft MasterCook, Web browser software, eTritionWare"
Pharmacy Technicians,"Prepare medications under the direction of a pharmacist. May measure, mix, count out, label, and record amounts and dosages of medications according to prescription orders.","Active Listening, Apple Safari, Billing and reimbursement software, Compounder software, Database software, Drug compatibility software, Label-making software, MEDITECH software, Medical condition coding software, Microsoft Edge, Microsoft Excel, Microsoft Office software, Microsoft Outlook, Microsoft PowerPoint, Microsoft Word, Mozilla Firefox, Patient record maintenance software, Pharmaceutical software, Pharmacy management software, Prescription processing software, Pyxis MedStation software, Reading Comprehension, Speaking"
Psychiatric Technicians,"Care for individuals with mental or emotional conditions or disabilities, following the instructions of physicians or other health practitioners. Monitor patients' physical and emotional well-being and report to medical staff. May participate in rehabilitation and treatment programs, help with personal hygiene, and administer oral or injectable medications.","ADL Data Systems OptimumClinicals Electronic Health Record, Active Listening, Allscripts Sunrise, Cerner ProFile, Coordination, Critical Thinking, Epic EpicCare Inpatient Clinical System, GE Healthcare Centricity EMR, ICANotes, InfoLogix HealthTrax Engine, MEDITECH Behavioral Health Clinicals, Microsoft Excel, Microsoft Office software, Microsoft Outlook, Microsoft Word, Monitoring, Netsmart Technologies Avatar Clinical Workstation CWS, Reading Comprehension, Service Orientation, Social Perceptiveness, Speaking"
Surgical Technologists,"Assist in operations, under the supervision of surgeons, registered nurses, or other surgical personnel. May help set up operating room, prepare and transport patients for surgery, adjust lights and equipment, pass instruments and other supplies to surgeons and surgeons' assistants, hold retractors, cut sutures, and help count sponges, needles, supplies, and instruments.","Database software, Electronic medical record EMR software, Email software, Google Drive, Graphics software, MEDITECH software, Microsoft Excel, Microsoft Office software, Microsoft Windows, Microsoft Word, Monitoring, Nursing documentation software, Patient scheduling software, Patient tracking software, Supply documentation software, Surgery workflow communication software"
Veterinary Technologists and Technicians,"Perform medical tests in a laboratory environment for use in the treatment and diagnosis of diseases in animals. Prepare vaccines and serums for prevention of diseases. Prepare tissue samples, take blood samples, and execute laboratory tests, such as urinalysis and blood counts. Clean and sterilize instruments and materials and maintain equipment and machines. May assist a veterinarian during surgery.","Active Listening, Animal Intelligence Software Animal Intelligence, Critical Thinking, FileMaker Pro, McAllister Software Systems AVImark, Microsoft Access, Microsoft Excel, Microsoft Office software, Microsoft Outlook, Microsoft PowerPoint, Microsoft Word, Practice management software PMS, Reading Comprehension, Speaking, Veterinary practice management software PMS, Web browser software"
Ophthalmic Medical Technicians,"Assist ophthalmologists by performing ophthalmic clinical functions. May administer eye exams, administer eye medications, and instruct the patient in care and use of corrective lenses.","Active Listening, AcuityPro, Email software, EyeMD EMR Healthcare Systems EyeMD EMR, Medflow Complete, MediPro Medisoft Clinical, Microsoft Excel, Microsoft Office software, Microsoft Outlook, Microsoft PowerPoint, Microsoft Word, NaviNet Open, Web browser software, ezChartWriter, iChartPlus"
Licensed Practical and Licensed Vocational Nurses,"Care for ill, injured, or convalescing patients or persons with disabilities in hospitals, nursing homes, clinics, private homes, group homes, and similar institutions. May work under the supervision of a registered nurse. Licensing required.","Active Listening, Coordination, Critical Thinking, Diagnostic and procedural coding software, Electronic medical record EMR software, Epic Systems, FaceTime, Google Drive, Healthcare common procedure coding system HCPCS, Infusion management software, Inventory tracking software, Judgment and Decision Making, MEDITECH software, MedicWare EMR, Medical condition coding software, Medical procedure coding software, Microsoft Excel, Microsoft Exchange, Microsoft Office software, Microsoft Outlook, Microsoft Windows, Microsoft Word, Monitoring, PointClickCare healthcare software, Prescription processing software, Reading Comprehension, Scheduling software, Service Orientation, Social Perceptiveness, Speaking, Telephone triage software, Time Management, Web browser software, Zoom, eClinicalWorks EHR software"
Medical Records Specialists,"Compile, process, and maintain medical records of hospital and clinic patients in a manner consistent with medical, administrative, ethical, legal, and regulatory requirements of the healthcare system. Classify medical and healthcare concepts, including diagnosis, procedures, medical services, and equipment, into the healthcare industry's numerical coding system. Includes medical coders.","3M Encoder, Allscripts EHR, Epic Systems, Henry Schein Dentrix, IBM SPSS Statistics, MEDITECH software, Microsoft Access, Microsoft Excel, Microsoft Office software, Microsoft Outlook, Microsoft PowerPoint, Microsoft Project, Microsoft SQL Server, Microsoft SQL Server Reporting Services SSRS, Microsoft SharePoint, Microsoft Visio, Microsoft Visual Basic, Microsoft Windows, Microsoft Word, R, SAS, Structured query language SQL, Tableau, Teradata Database, eClinicalWorks EHR software"
"Opticians, Dispensing","Design, measure, fit, and adapt lenses and frames for client according to written optical prescription or specification. Assist client with inserting, removing, and caring for contact lenses. Assist client with selecting frames. Measure customer for size of eyeglasses and coordinate frames with facial and eye measurements and optical prescription. Prepare work order for optical laboratory containing instructions for grinding and mounting lenses in frames. Verify exactness of finished lens spectacles. Adjust frame and lens position to fit client. May shape or reshape frames. Includes contact lens opticians.","Active Listening, Compulink Eyecare Advantage, Critical Thinking, Cygnet Infotech Optifocus, Database software, Diversified Ophthalmics Practice Maximus, EMRlogic Systems ENTERPRISE Visions, EZ-Zone Optizone Enterprise, First Insight MaximEyes, HealthLine Systems Eyecom, Insight Software My Vision Express, Intuit QuickBooks, Inventory management systems, Microsoft Excel, Microsoft Office software, Microsoft Word, OfficeMate Software Solutions OfficeMate, Reading Comprehension, Service Orientation, Speaking, Specialist Data Solutions OctoPlus"
Orthotists and Prosthetists,"Design, measure, fit, and adapt orthopedic braces, appliances or prostheses, such as limbs or facial parts for patients with disabling conditions.","Active Learning, Active Listening, Alibre Design, American Orthotic and Prosthetic Association CodingPro, Artsco OrthoPro Complete, Autodesk AutoCAD, Complex Problem Solving, Computer graphics software, Critical Thinking, Email software, Futura International O.P.S., Gait analysis software, Gez Bowman THE O&P HUB, Healthcare common procedure coding system HCPCS, Infinity CAD Systems AutoSculpt, Intuit QuickBooks, MedEvolve eCeno, MedePresence, Microsoft Access, Microsoft Excel, Microsoft Outlook, Microsoft PowerPoint, Microsoft Word, OPIE Practice Management Suite, Ohio Willow Wood OMEGA Tracer System, Patient management software, Polhemus FastSCAN, Reading Comprehension, Seattle Systems Shapemaker, Service Orientation, Social Perceptiveness, Speaking, Vorum Research Corporation CANFIT-PLUS, Writing"
Hearing Aid Specialists,"Select and fit hearing aids for customers. Administer and interpret tests of hearing. Assess hearing instrument efficacy. Take ear impressions and prepare, design, and modify ear molds.","Active Listening, HIMSA Noah, Instructing, Microsoft Excel, Microsoft Office software, Microsoft Outlook, Microsoft PowerPoint, Microsoft Word, Otometrics OTOsuite, Service Orientation"
"Health Technologists and Technicians, All Other",All health technologists and technicians not listed separately.,
Neurodiagnostic Technologists,"Conduct electroneurodiagnostic (END) tests such as electroencephalograms, evoked potentials, polysomnograms, or electronystagmograms. May perform nerve conduction studies.","Active Listening, BESA EEGFocus, Cadwell Laboratories Easy, Critical Thinking, Database software, EEG Portaview, FileMaker Pro, JavaScript, MEDITECH software, Microsoft Excel, Microsoft Office software, Microsoft PowerPoint, Microsoft Windows, Microsoft Word, Monitoring, Natus NeuroWorks, Neurofax SpikeDetector, Neurotronics Polysmith, R, Reading Comprehension, Scheduling software, Sleep analysis software, Speaking, Web browser software"
Ophthalmic Medical Technologists,"Assist ophthalmologists by performing ophthalmic clinical functions and ophthalmic photography. Provide instruction and supervision to other ophthalmic personnel. Assist with minor surgical procedures, applying aseptic techniques and preparing instruments. May perform eye exams, administer eye medications, and instruct patients in care and use of corrective lenses.","Active Listening, AcuityPro, Autodesk AutoCAD, Computer aided design and drafting CADD software, Email software, EyeMD EMR Healthcare Systems EyeMD EMR, Hypertext preprocessor PHP, JavaScript, Medflow Complete, MediPro Medisoft Clinical, Microsoft Excel, Microsoft Office software, Microsoft Outlook, Microsoft Word, NaviNet Open, SAP software, Social Perceptiveness, Speaking, Web browser software, ezChartWriter, iChartPlus"
Patient Representatives,"Assist patients in obtaining services, understanding policies and making health care decisions.","Active Listening, Admissions, discharge, and transfer ADT software, CareOne CareEnsure, Complaint management software, Coordination, Corel WordPerfect Office Suite, Critical Thinking, Customer Expressions i-Sight, Data entry software, Database software, Electronic medical record EMR software, Epic EpicCare Inpatient Clinical System, Epic Systems, Epic Systems software, FaceTime, Google Docs, Healthcare common procedure coding system HCPCS, Henry Schein Dentrix, IBM Notes, MEDITECH software, Microsoft Access, Microsoft Excel, Microsoft Office software, Microsoft Outlook, Microsoft PowerPoint, Microsoft Windows, Microsoft Word, Persuasion, Reading Comprehension, Service Orientation, Social Perceptiveness, Speaking, eClinicalWorks EHR software"
Health Information Technologists and Medical Registrars,"Apply knowledge of healthcare and information systems to assist in the design, development, and continued modification and analysis of computerized healthcare systems. Abstract, collect, and analyze treatment and followup information of patients. May educate staff and assist in problem solving to promote the implementation of the healthcare information system. May design, develop, test, and implement databases with complete history, diagnosis, treatment, and health status to help monitor diseases.","3M Encoder, Allscripts EHR, Amazing Charts, Epic Systems, Henry Schein Dentrix, IBM SPSS Statistics, MEDITECH software, Microsoft Access, Microsoft Excel, Microsoft Office software, Microsoft Outlook, Microsoft PowerPoint, Microsoft Project, Microsoft SQL Server, Microsoft SQL Server Reporting Services SSRS, Microsoft Visio, Microsoft Visual Basic, Microsoft Windows, Microsoft Word, R, SAS, Structured query language SQL, Tableau, Teradata Database, eClinicalWorks EHR software"
Athletic Trainers,"Evaluate and treat musculoskeletal injuries or illnesses. Provide preventive, therapeutic, emergency, and rehabilitative care.","Active Learning, Active Listening, BioEx Systems Exercise Pro, Critical Thinking, Database software, Digital Coach AthleticTrainer, Email software, ImPACT Applications ImPACT, Injury tracking software, Instructing, Judgment and Decision Making, Keffer Development Services Athletic Trainer System ATS, Microsoft Excel, Microsoft Office software, Microsoft Outlook, Microsoft PowerPoint, Microsoft Word, Monitoring, Premier Software Simtrak Mobility, Reading Comprehension, Scheduling software, Service Orientation, Social Perceptiveness, Speaking, Web browser software, Writing"
Genetic Counselors,"Assess individual or family risk for a variety of inherited conditions, such as genetic disorders and birth defects. Provide information to other healthcare providers or to individuals and families concerned with the risk of inherited conditions. Advise individuals and families to support informed decisionmaking and coping methods for those at risk. May help conduct research related to genetic conditions or genetic counseling.","Active Learning, Active Listening, BRCAPRO, Benetech PRA, Breast Cancer Risk Assessment Tool, CancerGene, Complex Problem Solving, Critical Thinking, CyrillicSoftware Cyrillic, Database software, FileMaker Pro, Ftree, Jurek Software Pedigree-Draw, Medgen PED, Microsoft Access, Microsoft Excel, Microsoft Office software, Microsoft Outlook, Microsoft PowerPoint, Microsoft Word, PedHunter, PediDraw, Pedigree drawing and management software, Progeny Software Progeny Clinical, Prognosis Innovation Healthcare ChartAccess, Reading Comprehension, Social Perceptiveness, Speaking, SynDiag, Wageningen MapChart, Web browser software, Writing"
Surgical Assistants,"Assist in operations, under the supervision of surgeons. May, in accordance with state laws, help surgeons to make incisions and close surgical sites, manipulate or remove tissues, implant surgical devices or drains, suction the surgical site, place catheters, clamp or cauterize vessels or tissue, and apply dressings to surgical site.","Active Listening, Critical Thinking, Electronic medical record EMR software, MEDITECH software, Microsoft Excel, Microsoft Office software, Microsoft PowerPoint, Monitoring, Nursing documentation software, Patient scheduling software, Patient tracking software, Reading Comprehension, Speaking, Supply documentation software, Surgery workflow communication software"
"Healthcare Practitioners and Technical Workers, All Other",All healthcare practitioners and technical workers not listed separately.,
Midwives,Provide prenatal care and childbirth assistance.,"AS/400 Database, Active Listening, Coordination, Critical Thinking, Email software, Epic Systems, Extensible markup language XML, Judgment and Decision Making, MEDITECH software, Microsoft Excel, Microsoft Office software, Microsoft PowerPoint, Microsoft Word, Monitoring, Patient electronic medical record EMR software, Private Practice, Reading Comprehension, Service Orientation, Social Perceptiveness, Speaking, Web browser software"
Home Health Aides,"Monitor the health status of an individual with disabilities or illness, and address their health-related needs, such as changing bandages, dressing wounds, or administering medication. Work is performed under the direction of offsite or intermittent onsite licensed nursing staff. Provide assistance with routine healthcare tasks or activities of daily living, such as feeding, bathing, toileting, or ambulation. May also help with tasks such as preparing meals, doing light housekeeping, and doing laundry depending on the patient's abilities.","AIGHD OASIS, Active Listening, FaceTime, Linux, Mi-Co software, Microsoft Access, Microsoft Excel, Microsoft Exchange, Microsoft Office software, Microsoft Outlook, Microsoft PowerPoint, Microsoft SharePoint, Microsoft Windows, Microsoft Word, Oracle Database, Python, SAP software, Salesforce software, Service Orientation, Social Perceptiveness, UNIX, Web browser software"
Personal Care Aides,"Provide personalized assistance to individuals with disabilities or illness who require help with personal care and activities of daily living support (e.g., feeding, bathing, dressing, grooming, toileting, and ambulation). May also provide help with tasks such as preparing meals, doing light housekeeping, and doing laundry. Work is performed in various settings depending on the needs of the care recipient and may include locations such as their home, place of work, out in the community, or at a daytime nonresidential facility.","Appletree, August Systems Visit Wizard, Computer reading software, Email software, FaceTime, MEDITECH software, Mi-Co Mi-Forms, Service Orientation, Social Perceptiveness, Voltage SecureMail"
Nursing Assistants,"Provide or assist with basic care or support under the direction of onsite licensed nursing staff. Perform duties such as monitoring of health status, feeding, bathing, dressing, grooming, toileting, or ambulation of patients in a health or nursing facility. May include medication administration and other health-related tasks. Includes nursing care attendants, nursing aides, and nursing attendants.","Active Listening, Apache Spark, Billing software, Epic Systems, FaceTime, GE Healthcare Centricity EMR, Health information database software, MEDITECH software, Medical condition coding software, Medical procedure coding software, Medical record charting software, Microsoft Excel, Microsoft Office software, Microsoft Outlook, Microsoft Word, PointClickCare healthcare software, Service Orientation, Social Perceptiveness, Telemetry software, Web browser software, YouTube"
Orderlies,"Transport patients to areas such as operating rooms or x-ray rooms using wheelchairs, stretchers, or moveable beds. May maintain stocks of supplies or clean and transport equipment. Psychiatric orderlies are included in Psychiatric Aides.","Electronic medical record EMR software, GE Healthcare Centricity EMR, Medical record charting software, Microsoft Excel, Microsoft Office software, Microsoft Outlook, Microsoft Windows"
Psychiatric Aides,"Assist mentally impaired or emotionally disturbed patients, working under direction of nursing and medical staff. May assist with daily living activities, lead patients in educational and recreational activities, or accompany patients to and from examinations and treatments. May restrain violent patients. Includes psychiatric orderlies.","Active Listening, Email software, Microsoft Excel, Microsoft Office software, Microsoft Outlook, Microsoft PowerPoint, Microsoft Windows, Microsoft Word, Monitoring, Patient management software, Service Orientation, Social Perceptiveness, Speaking"
Occupational Therapy Assistants,"Assist occupational therapists in providing occupational therapy treatments and procedures. May, in accordance with state laws, assist in development of treatment plans, carry out routine functions, direct activity programs, and document the progress of treatments. Generally requires formal training.","Active Listening, Billing software, Bookkeeping software, BrainTrain Captain's Log, BrainTrain IVA+Plus, BrainTrain SmartDriver, Client caseload management software, Database software, Email software, Facebook, Fifth Walk BillingTracker, FileMaker Pro, Financial record software, Graphics software, Laboratory information system LIS, Language arts educational software, Math educational software, Microsoft Access, Microsoft Excel, Microsoft Office software, Microsoft Outlook, Microsoft PowerPoint, Microsoft Windows, Microsoft Word, Reading Comprehension, Service Orientation, Social Perceptiveness, Speaking, Time Management, dBASE, eClinicalWorks EHR software"
Occupational Therapy Aides,"Under close supervision of an occupational therapist or occupational therapy assistant, perform only delegated, selected, or routine tasks in specific situations. These duties include preparing patient and treatment room.","Active Listening, Billing software, Electronic medical record EMR software, MEDITECH software, Microsoft Access, Microsoft Excel, Microsoft Office software, Microsoft Outlook, Microsoft PowerPoint, Microsoft Word, Scheduling software, Service Orientation, Social Perceptiveness, Speaking"
Physical Therapist Assistants,"Assist physical therapists in providing physical therapy treatments and procedures. May, in accordance with state laws, assist in the development of treatment plans, carry out routine functions, document the progress of treatment, and modify specific treatments in accordance with patient status and within the scope of treatment plans established by a physical therapist. Generally requires formal training.","Active Listening, Arena Health Systems Phys-X, Beaver Creek Software The THERAPIST, Billing software, BioEx Systems Exercise Pro, Bookkeeping software, Client caseload management software, Eazy Application Systems QuickEMR, Email software, FileMaker Pro, Knees Software PT DocTools, Laboratory information system LIS, Medical condition coding software, Microsoft Access, Microsoft Excel, Microsoft Office software, Microsoft Outlook, Microsoft PowerPoint, Microsoft Windows, Microsoft Word, Monitoring, PhysioTools Tools RG, Rehab Documentation Company ReDoc Suite, Scheduling software, Social Perceptiveness, Speaking, SpectraSoft AppointmentsPRO, dBASE, eClinicalWorks EHR software"
Physical Therapist Aides,"Under close supervision of a physical therapist or physical therapy assistant, perform only delegated, selected, or routine tasks in specific situations. These duties include preparing the patient and the treatment area.","Active Listening, Epic Systems, MEDITECH software, Medical procedure coding software, Microsoft Excel, Microsoft Office software, Microsoft Outlook, Microsoft Word, Patient record maintenance software, Scheduling software"
Massage Therapists,"Perform therapeutic massages of soft tissues and joints. May assist in the assessment of range of motion and muscle strength, or propose client therapy plans.","Active Listening, AppointmentQuest Online Appointment Manager, ICS Software SammyUSA, Land Software Customer Pro-File, Massage Suite, Microsoft Excel, Microsoft Word, Scheduling software, Speaking, WinCity Custom Software WinCity Massage SOAP Notes"
Dental Assistants,"Perform limited clinical duties under the direction of a dentist. Clinical duties may include equipment preparation and sterilization, preparing patients for treatment, assisting the dentist during treatment, and providing patients with instructions for oral healthcare procedures. May perform administrative duties such as scheduling appointments, maintaining medical records, billing, and coding information for insurance purposes.","Active Listening, Email software, Henry Schein Dentrix, Kodak Dental Systems Kodak SOFTDENT Practice management software PMS, Microsoft Excel, Microsoft Office software, Open Dental, Patterson Dental Supply Patterson EagleSoft, Quicken, The Systems Workplace TDOCS, Web browser software"
Medical Assistants,"Perform administrative and certain clinical duties under the direction of a physician. Administrative duties may include scheduling appointments, maintaining medical records, billing, and coding information for insurance purposes. Clinical duties may include taking and recording vital signs and medical histories, preparing patients for examination, drawing blood, and administering medications as directed by physician.","Active Listening, Appointment scheduling software, Billing software, Bookkeeping software, Business software applications, Coordination, Critical Thinking, Data entry software, Database software, Diagnostic and procedural coding software, Electronic medical record EMR software, Email software, Epic Systems, GE Healthcare Centricity EMR, Healthcare common procedure coding system HCPCS, IDX Systems Patient Chart Tracking, Intuit QuickBooks, MEDITECH software, Medical condition coding software, Medical procedure coding software, Microsoft Access, Microsoft Excel, Microsoft Office software, Microsoft Outlook, Microsoft PowerPoint, Microsoft SharePoint, Microsoft Word, Monitoring, Reading Comprehension, Service Orientation, Social Perceptiveness, Speaking, eClinicalWorks EHR software"
Medical Equipment Preparers,"Prepare, sterilize, install, or clean laboratory or healthcare equipment. May perform routine laboratory tasks and operate or inspect equipment.","Calendar software, Critical Thinking, Database software, Email software, Inventory tracking software, Kronos Workforce Timekeeper, MEDITECH Supply Chain Management, MEDITECH software, McKesson ANSOS One-Staff, Microsoft Excel, Microsoft Office software, Microsoft Outlook, Microsoft PowerPoint, Microsoft SharePoint, Microsoft SharePoint Server, Microsoft Word, Pyxis MedStation software, eClinicalWorks EHR software"
Medical Transcriptionists,"Transcribe medical reports recorded by physicians and other healthcare practitioners using various electronic devices, covering office visits, emergency room visits, diagnostic imaging studies, operations, chart reviews, and final summaries. Transcribe dictated reports and translate abbreviations into fully understandable form. Edit as necessary and return reports in either printed or electronic form for review and signature, or correction.","Active Listening, Allscripts healthcare automation software, Boston Bar Systems Corporation Sonnet, Bytescribe Development Company WavPlayer, Calendar software, Corel WordPerfect Office Suite, Crescendo Systems Corporation MedRite-XL, Crescendo Systems DigiScribe-XL, Database software, Electronic medical record EMR systems, Email software, Emmaus MPWord, FileMaker Pro, Healthcare common procedure coding system HCPCS, Integrated Systems Management OmniMD, Microsoft ASP.NET, Microsoft Access, Microsoft Excel, Microsoft Office software, Microsoft Outlook, Microsoft PowerPoint, Microsoft Windows, Microsoft Word, Reading Comprehension, Writing, dBASE Plus, eClinicalWorks EHR software, g-net solutions MTP"
Pharmacy Aides,"Record drugs delivered to the pharmacy, store incoming merchandise, and inform the supervisor of stock needs. May operate cash register and accept prescriptions for filling.","Active Listening, Database software, Microsoft Excel, Microsoft Office software, Microsoft Outlook, Microsoft PowerPoint, Microsoft Windows, Microsoft Word"
Veterinary Assistants and Laboratory Animal Caretakers,"Feed, water, and examine pets and other nonfarm animals for signs of illness, disease, or injury in laboratories and animal hospitals and clinics. Clean and disinfect cages and work areas, and sterilize laboratory and surgical equipment. May provide routine postoperative care, administer medication orally or topically, or prepare samples for laboratory examination under the supervision of veterinary or laboratory animal technologists or technicians, veterinarians, or scientists.","Active Listening, IDEXX Laboratories IDEXX Cornerstone, Labeling software, McAllister Software Systems AVImark, Microsoft Access, Microsoft Excel, Microsoft Office software, Microsoft Outlook, Microsoft PowerPoint, Microsoft Word, Practice management software PMS, Scheduling software"
Phlebotomists,"Draw blood for tests, transfusions, donations, or research. May explain the procedure to patients and assist in the recovery of patients with adverse reactions.","Donor management system software, Electronic medical record EMR software, Iatric Systems MobiLab, JavaScript, Laboratory information system LIS, MEDITECH Blood Bank, MEDITECH Laboratory and Microbiology, MEDITECH software, Medical procedure coding software, Microsoft Excel, Microsoft Office software, Microsoft Outlook, Microsoft Word, Scheduling software, Service Orientation, Social Perceptiveness"
"Healthcare Support Workers, All Other",All healthcare support workers not listed separately.,
Speech-Language Pathology Assistants,"Assist speech-language pathologists in the assessment and treatment of speech, language, voice, and fluency disorders. Implement speech and language programs or activities as planned and directed by speech-language pathologists. Monitor the use of alternative communication devices and systems.","Active Listening, Adobe Audition, Biofeedback software, Bungalow Software Aphasia Tutor, ELR Software eLr Extra Language Resources, Email software, KayPENTAX Multi-Speech, Language analysis software, Learning Fundamentals Speech Visualization, Micro Video Video Voice Speech Training System, Microsoft Excel, Microsoft Office software, Microsoft Windows, Microsoft Word, Propeller Multimedia React2, Reading Comprehension, Signal analysis software, Social Perceptiveness, Speaking, Speech analysis software, Text to speech software, Web browser software"
Endoscopy Technicians,Maintain a sterile field to provide support for physicians and nurses during endoscopy procedures. Prepare and maintain instruments and equipment. May obtain specimens.,"Active Listening, Email software, MEDITECH software, Microsoft Excel, Microsoft Office software, Microsoft PowerPoint, Microsoft Word, Patient electronic medical record EMR software, Reading Comprehension, Scheduling software"
First-Line Supervisors of Correctional Officers,Directly supervise and coordinate activities of correctional officers and jailers.,"3M Electronic Monitoring, Active Listening, Coordination, Critical Thinking, Email software, Guardian RFID, Jail management software, Management of Personnel Resources, Microsoft Access, Microsoft Excel, Microsoft Office software, Microsoft Outlook, Microsoft PowerPoint, Microsoft Word, Monitoring, Negotiation, Persuasion, Reading Comprehension, Social Perceptiveness, Speaking, Writing"
First-Line Supervisors of Police and Detectives,Directly supervise and coordinate activities of members of police force.,"Active Learning, Active Listening, Complex Problem Solving, Computer aided composite drawing software, Computer aided dispatch software, Coordination, Corel WordPerfect Office Suite, Crime mapping software, Critical Thinking, DesignWare 3D EyeWitness, Email software, Instructing, Integrated Automated Fingerprint Identification System IAFIS, Judgment and Decision Making, Law enforcement information databases, Learning Strategies, Management of Personnel Resources, Microsoft Access, Microsoft Active Server Pages ASP, Microsoft Excel, Microsoft Internet Explorer, Microsoft Office software, Microsoft Outlook, Microsoft PowerPoint, Microsoft Visio, Microsoft Word, Monitoring, National Crime Information Center (NCIC) database, National Integrated Ballistics Information Network NIBIN, Persuasion, Reading Comprehension, Scheduling software, Service Orientation, SmartDraw Legal, Social Perceptiveness, Speaking, Spillman Technologies Records Management, The CAD Zone The Crime Zone, Time Management, Writing"
First-Line Supervisors of Firefighting and Prevention Workers,Directly supervise and coordinate activities of workers engaged in firefighting and fire prevention and control.,"Active Listening, Affiliated Computer Services ACS FIREHOUSE, BIO-key FireRMS, BehavePlus, Complex Problem Solving, Computer aided dispatch software, Coordination, Corel WordPerfect Office Suite, Critical Thinking, ESRI ArcView, Email software, FARSITE, Fire incident reporting systems, FlamMap, Geographic information system GIS software, Geographic information system GIS systems, IBM Lotus 1-2-3, Incident command system ICS software, Instructing, Judgment and Decision Making, Management of Personnel Resources, Mapping software, Microsoft Access, Microsoft Excel, Microsoft Office software, Microsoft Outlook, Microsoft PowerPoint, Microsoft Word, Monitoring, Plume modeling software, Reading Comprehension, Resource Ordering and Statusing System ROSS, Service Orientation, Social Perceptiveness, Speaking, Time Management, Web browser software, Wildland Fire Assessment System WFAS"
First-Line Supervisors of Security Workers,Directly supervise and coordinate activities of security workers and security guards.,"Active Listening, Complex Problem Solving, Coordination, Critical Thinking, Employee scheduling software, Judgment and Decision Making, Management of Personnel Resources, Microsoft Access, Microsoft Excel, Microsoft Office software, Microsoft Outlook, Microsoft PowerPoint, Microsoft Word, Monitoring, Oracle software, Reading Comprehension, SAP business and customer relations management software, Social Perceptiveness, Speaking, Time Management, Time and attendance software, Writing"
"First-Line Supervisors of Protective Service Workers, All Other",All protective service supervisors not listed separately above.,
Firefighters,"Control and extinguish fires or respond to emergency situations where life, property, or the environment is at risk. Duties may include fire prevention, emergency medical service, hazardous material response, search and rescue, and disaster assistance.","Active Learning, Active Listening, Affiliated Computer Services ACS FIREHOUSE, Coordination, Corel WordPerfect Office Suite, Critical Thinking, Email software, Fire incident reporting systems, Geographic information system GIS software, Incident command system ICS software, Judgment and Decision Making, Microsoft Access, Microsoft Excel, Microsoft Office software, Microsoft Outlook, Microsoft PowerPoint, Microsoft Windows, Microsoft Word, Monitoring, Plume modeling software, Service Orientation, Speaking, Web browser software"
Fire Inspectors and Investigators,"Inspect buildings to detect fire hazards and enforce local ordinances and state laws, or investigate and gather facts to determine cause of fires and explosions.","Active Listening, Code database software, Consolidated Model of Fire and Smoke Transport CFAST, Critical Thinking, Email software, Fire Dynamics Software FDS, Microsoft Access, Microsoft Excel, Microsoft Office software, Microsoft Outlook, Microsoft PowerPoint, Microsoft Word, National Fire Incident Reporting System NFIRS, Speaking, Web browser software, Writing, Xerox Government systems FIREHOUSE Software"
Forest Fire Inspectors and Prevention Specialists,"Enforce fire regulations, inspect forest for fire hazards, and recommend forest fire prevention or control measures. May report forest fires and weather conditions.","Active Listening, Amazon Web Services AWS CloudFormation, Amazon Web Services AWS software, Ansible software, Complex Problem Solving, Coordination, Critical Thinking, Docker, Facebook, Fire incident reporting systems, Git, Judgment and Decision Making, Kubernetes, Linux, Mapping software, Microsoft Active Server Pages ASP, Microsoft Azure software, Microsoft Excel, Microsoft Office software, Microsoft Outlook, Microsoft PowerPoint, Microsoft PowerShell, Microsoft SQL Server, Microsoft SharePoint, Microsoft Windows, Microsoft Windows Server, Microsoft Word, Object oriented development environment software, Puppet, Salesforce software, Speaking"
Bailiffs,Maintain order in courts of law.,"Adobe Acrobat, Case management system software, Corel WordPerfect Office Suite, Court docket management software, Email software, IBM Lotus Notes, Microsoft Access, Microsoft Excel, Microsoft Office software, Microsoft Outlook, Microsoft PowerPoint, Microsoft SharePoint, Microsoft Word, National Crime Information Center (NCIC) database, Social Perceptiveness, State crime information databases, Statistics software, Web browser software"
Correctional Officers and Jailers,"Guard inmates in penal or rehabilitative institutions in accordance with established regulations and procedures. May guard prisoners in transit between jail, courtroom, prison, or other point. Includes deputy sheriffs and police who spend the majority of their time guarding prisoners in correctional institutions.","3M Electronic Monitoring, Active Listening, Adobe Acrobat, Coordination, Corrections housing software, Critical Thinking, Facebook, Guardian RFID, Jail management software, Microsoft Access, Microsoft Excel, Microsoft Office software, Microsoft Outlook, Microsoft PowerPoint, Microsoft Word, Monitoring, Reading Comprehension, Social Perceptiveness, Speaking, Web browser software"
Detectives and Criminal Investigators,"Conduct investigations related to suspected violations of federal, state, or local laws to prevent or solve crimes.","AccessData FTK, Active Learning, Active Listening, Adobe Photoshop, Case management software, Complex Problem Solving, Computer aided composite drawing software, Coordination, Corel WordPerfect Office Suite, Crime mapping software, Critical Thinking, DataWorks Plus Digital CrimeScene, DeChant Consulting Services iWitness, DesignWare 3D EyeWitness, Digital Image Management Solutions Crime Scene, ESRI ArcView, Email software, Eos Systems PhotoModeler, Geographic information system GIS software, Graphics software, Judgment and Decision Making, Linux, Microsoft Access, Microsoft Excel, Microsoft Office software, Microsoft Outlook, Microsoft PowerPoint, Microsoft Visio, Microsoft Word, Reading Comprehension, SAS, Service Orientation, Social Perceptiveness, Speaking, Structured query language SQL"
Police Identification and Records Officers,"Collect evidence at crime scene, classify and identify fingerprints, and photograph evidence for use in criminal and civil cases.","Active Listening, Adobe Photoshop, Computer aided composite drawing software, Critical Thinking, DataWorks Plus Digital CrimeScene, Database software, DeChant Consulting Services iWitness, DesignWare 3D EyeWitness, Digital Image Management Solutions Crime Scene, Eos Systems PhotoModeler, Image enhancement software, Integrated Automated Fingerprint Identification System IAFIS, Linux, Microsoft Access, Microsoft Excel, Microsoft Office software, Microsoft PowerPoint, Microsoft Visio, Microsoft Windows, Microsoft Word, National Crime Information Center (NCIC) database, National Integrated Ballistics Information Network NIBIN, Reading Comprehension, SmartDraw Legal, Speaking, The CAD Zone The Crime Zone, Trancite Logic Systems ScenePD, Visual Statement Vista FX3 CSI, Web browser software"
Intelligence Analysts,"Gather, analyze, or evaluate information from a variety of sources, such as law enforcement databases, surveillance, intelligence networks or geographic information systems. Use intelligence data to anticipate and prevent organized crime activities, such as terrorism.","Active Learning, Active Listening, Amazon Web Services AWS software, Apache Hadoop, Apache Hive, Apache Kafka, Apache Spark, C++, Complex Problem Solving, Critical Thinking, Django, ESRI ArcGIS software, Facebook, Hypertext markup language HTML, JavaScript, Linux, Microsoft Access, Microsoft Azure software, Microsoft Excel, Microsoft Office software, Microsoft Outlook, Microsoft PowerPoint, Microsoft PowerShell, Microsoft SQL Server, Microsoft SharePoint, Microsoft Visio, Microsoft Word, Oracle Java, Oracle PeopleSoft, Reading Comprehension, Speaking, Writing"
Fish and Game Wardens,Patrol assigned area to prevent fish and game law violations. Investigate reports of damage to crops or property by wildlife. Compile biological data.,"Active Listening, Critical Thinking, Database software, Global positioning system GPS software, Judgment and Decision Making, Mapping software, Microsoft Excel, Microsoft Office software, Microsoft PowerPoint, Microsoft Word, Puppet, Reading Comprehension, Speaking, Swift, Web browser software"
Parking Enforcement Workers,"Patrol assigned area, such as public parking lot or city streets to issue tickets to overtime parking violators and illegally parked vehicles.","Complus Data Innovations FastTrack, Integrated Parking Solutions MApp, Microsoft Access, Microsoft Excel, Microsoft Office software, Microsoft Outlook, Microsoft PowerPoint, Microsoft Windows, Microsoft Word, Ticket issuing software, Vehicle information databases, Web browser software"
Police and Sheriff's Patrol Officers,"Maintain order and protect life and property by enforcing local, tribal, state, or federal laws and ordinances. Perform a combination of the following duties: patrol a specific area; direct traffic; issue traffic summonses; investigate accidents; apprehend and arrest suspects, or serve legal processes of courts. Includes police officers working at educational institutions.","Active Learning, Active Listening, Computer aided composite drawing software, Computer aided dispatch software, Coordination, Corel WordPerfect Office Suite, Crime mapping software, Critical Thinking, Database software, DesignWare 3D EyeWitness, ESRI ArcView, Email software, IBM Lotus 1-2-3, Integrated Automated Fingerprint Identification System IAFIS, Judgment and Decision Making, Law enforcement information databases, Microsoft Access, Microsoft Excel, Microsoft Internet Explorer, Microsoft Office software, Microsoft Outlook, Microsoft PowerPoint, Microsoft Visio, Microsoft Windows, Microsoft Word, Monitoring, National Crime Information Center (NCIC) database, National Integrated Ballistics Information Network NIBIN, Persuasion, Reading Comprehension, Service Orientation, SmartDraw Legal, SmugMug Flickr, Social Perceptiveness, Speaking, Spillman Technologies Records Management"
Customs and Border Protection Officers,"Investigate and inspect persons, common carriers, goods, and merchandise, arriving in or departing from the United States or between states to detect violations of immigration and customs laws and regulations.","Active Listening, Automated Manifest System AMS, Corel WordPerfect Office Suite, Critical Thinking, Global positioning system GPS software, IBM WebSphere MQ, Judgment and Decision Making, Law enforcement information databases, Microsoft Excel, Microsoft Office software, Microsoft Outlook, Microsoft Word, Monitoring, National Crime Information Center (NCIC) database, Reading Comprehension, SAP software, Social Perceptiveness, Speaking, Treasury Enforcement Communications System TECS, Writing"
Transit and Railroad Police,"Protect and police railroad and transit property, employees, or passengers.","Active Listening, Complex Problem Solving, Crime mapping software, Critical Thinking, Integrated Automated Fingerprint Identification System IAFIS, Law enforcement information databases, MapInfo Professional, MapInfo StreetPro, Microsoft Active Server Pages ASP, Microsoft Excel, Microsoft Office software, Microsoft Outlook, Microsoft PowerPoint, Microsoft Word, National Crime Information Center (NCIC) database, SmugMug Flickr, Speaking, Web browser software"
Animal Control Workers,"Handle animals for the purpose of investigations of mistreatment, or control of abandoned, dangerous, or unattended animals.","ARK Software Ark Shelter Software, Active Listening, Animal Shelter Manager, CISCO Software ACS Animal Control System, Critical Thinking, Esri ArcGIS, Geographic information system GIS software, Geographic information system GIS systems, Microsoft Access, Microsoft Excel, Microsoft Office software, Microsoft Outlook, Microsoft PowerPoint, Microsoft SharePoint, Microsoft Visio, Microsoft Windows, Microsoft Word, Multiple Options Animal Shelter Management System, RescueConnection Software ShelterConntection, RoseRush Services Shelter Pro, SAP software, Speaking, TRAX Animal Control and Dog Warden Officer Software, Web browser software"
Private Detectives and Investigators,"Gather, analyze, compile, and report information regarding individuals or organizations to clients, or detect occurrences of unlawful acts or infractions of rules in private establishment.","Active Listening, Complex Problem Solving, Computer imaging software, Critical Thinking, Email software, Facebook, LexisNexis, Microsoft Access, Microsoft Excel, Microsoft Office software, Microsoft Outlook, Microsoft PowerPoint, Microsoft Windows, Microsoft Word, Reading Comprehension, Social Perceptiveness, Speaking, Web browser software, Writing"
Gambling Surveillance Officers and Gambling Investigators,"Observe gambling operation for irregular activities such as cheating or theft by either employees or patrons. Investigate potential threats to gambling assets such as money, chips, and gambling equipment. Act as oversight and security agent for management and customers.","Critical Thinking, FileMaker Pro, Microsoft Excel, Microsoft Office software, Microsoft Outlook, Microsoft Paint, Microsoft PowerPoint, Microsoft Word, Monitoring, Speaking, iView Systems"
Security Guards,"Guard, patrol, or monitor premises to prevent theft, violence, or infractions of rules. May operate x-ray and metal detector equipment.","Active Listening, Corel WordPerfect Office Suite, FaceTime, IBM Lotus 1-2-3, McAfee, Microsoft Excel, Microsoft Office software, Microsoft Outlook, Microsoft SharePoint, Microsoft Word, NortonLifeLock cybersecurity software, Wireshark"
Crossing Guards and Flaggers,"Guide or control vehicular or pedestrian traffic at such places as streets, schools, railroad crossings, or construction sites.","Microsoft Word, Payroll software, Visual Computer Solutions Crossing Guard Scheduling"
"Lifeguards, Ski Patrol, and Other Recreational Protective Service Workers","Monitor recreational areas, such as pools, beaches, or ski slopes, to provide assistance and protection to participants.","GroupMe, Microsoft Excel, Microsoft Outlook, Microsoft PowerPoint, Microsoft Publisher, Microsoft Word, Monitoring, Speaking"
Transportation Security Screeners,"Conduct screening of passengers, baggage, or cargo to ensure compliance with Transportation Security Administration (TSA) regulations. May operate basic security equipment such as x-ray machines and hand wands at screening checkpoints.","Applicant tracking software, Email software, Linux, Microsoft Excel, Microsoft Office software, Microsoft Outlook, Microsoft Word, Oracle Java, Oracle Taleo, Rapiscan Threat Image Projection, Slack, Web browser software"
School Bus Monitors,Maintain order among students on a school bus. Duties include helping students safely board and exit and communicating behavioral problems. May perform pretrip and posttrip inspections and prepare for and assist in emergency evacuations.,"Microsoft Windows, Web browser software"
"Protective Service Workers, All Other",All protective service workers not listed separately.,
Retail Loss Prevention Specialists,"Implement procedures and systems to prevent merchandise loss. Conduct audits and investigations of employee activity. May assist in developing policies, procedures, and systems for safeguarding assets.","Active Listening, Aspect Loss Prevention Aspect EliteLP, Case management system software, Critical Thinking, Database software, Enterprise application integration EAI software, Epicor Loss Prevention, McAfee, Microsoft Access, Microsoft Excel, Microsoft Office software, Microsoft Outlook, Microsoft PowerPoint, Microsoft Windows, Microsoft Word, Monitoring, NortonLifeLock cybersecurity software, Speaking, Structured query language SQL"
Chefs and Head Cooks,"Direct and may participate in the preparation, seasoning, and cooking of salads, soups, fish, meats, vegetables, desserts, or other foods. May plan and price menu items, order supplies, and keep records and accounts.","ADP eTIME, Active Listening, Axxya Systems Nutritionist Pro, Barrington Software CookenPro Commercial, Coordination, CostGuard, Critical Thinking, Culinary Software Services ChefTec, Delphi Technology, EGS CALCMENU, Email software, Enggist & Grandjean EGS F&B Control, Facebook, GNOME Gnutrition, Google Sheets, GroupMe, IPro Restaurant Inventory, Recipe & Menu Software, Instructing, Judgment and Decision Making, Management of Personnel Resources, Menu planning software, Microsoft Excel, Microsoft Office software, Microsoft Outlook, Microsoft PowerPoint, Microsoft Word, Monitoring, Nutrition analysis software, ReServe Interactive, Reading Comprehension, Sage MAS 90 ERP, Service Orientation, Social Perceptiveness, SoftCafe MenuPro, Speaking, Time Management"
First-Line Supervisors of Food Preparation and Serving Workers,Directly supervise and coordinate activities of workers engaged in preparing and serving food.,"ADP Workforce Now, Active Listening, CBORD Foodservice Suite, CBORD Group Menu Management System, CaterPro, Compeat Restaurant Accounting Systems, Compris Advanced Manager's Workstation, Compris software, Coordination, CostGuard, Delphi Technology, Evernote, IBM Domino, Instructing, Intuit QuickBooks Point of Sale, MICROS Systems HSI Profits Series, Management of Personnel Resources, Microsoft Dynamics, Microsoft Excel, Microsoft Office software, Microsoft Outlook, Microsoft PowerPoint, Microsoft Project, Microsoft Publisher, Microsoft Word, Monitoring, NCR Advanced Checkout Solution, NCR NeighborhoodPOS, Ordering and purchasing software, ParTech PixelPoint POS, Service Orientation, Speaking"
"Cooks, Fast Food",Prepare and cook food in a fast food restaurant with a limited menu. Duties of these cooks are limited to preparation of a few basic items and normally involve operating large-volume single-purpose cooking equipment.,"Aldelo Systems Aldelo for Restaurants Pro, Foodman Home-Delivery, Microsoft Excel, Microsoft Outlook, Microsoft Word, Plexis Software Plexis POS, RestaurantPlus PRO"
"Cooks, Institution and Cafeteria","Prepare and cook large quantities of food for institutions, such as schools, hospitals, or cafeterias.","GNOME Gnutrition, IBM Lotus 1-2-3, Meals Plus, Microsoft Excel, Microsoft Word, PCS Revenue Control Systems FASTRAK School Meal Software"
"Cooks, Private Household",Prepare meals in private homes. Includes personal chefs.,"APPCA Personal Chef Office, Cooking e-books, Cost tracking software, Email software, Food inventory software, Intuit QuickBooks, Web browser software, WordPress, Work scheduling software, YouTube"
"Cooks, Restaurant","Prepare, season, and cook dishes such as soups, meats, vegetables, or desserts in restaurants. May order supplies, keep records and accounts, price items on menu, or plan menu.","Facebook, Food safety labeling systems, Menu planning software, Microsoft Excel, Microsoft Office software, Microsoft Outlook, Microsoft Word, Point of sale POS restaurant software, Recipe cost control software"
"Cooks, Short Order",Prepare and cook to order a variety of foods that require only a short preparation time. May take orders from customers and serve patrons at counters or tables.,"Aldelo Systems Aldelo for Restaurants Pro, Foodman Home-Delivery, Inventory control software, Plexis Software Plexis POS, RestaurantPlus PRO"
"Cooks, All Other",All cooks not listed separately.,
Food Preparation Workers,"Perform a variety of food preparation duties other than cooking, such as preparing cold foods and shellfish, slicing meat, and brewing coffee or tea.","Barrington Software CookenPro Commercial, CBORD Foodservice Suite, CBORD NetRecipe, Culinary Software Services ChefTec, EGS CALCMENU, Master Cook Deluxe Professional Cook, Mealmaster Cookbook Wizard, MicroBlast Recipe Wizard for Windows, Microsoft Excel, Microsoft Office software, Quizlet, Recipe software, ValuSoft MasterCook, YouTube, iPro"
Bartenders,"Mix and serve drinks to patrons, directly or through waitstaff.","AZZ CardFile, Active Listening, Compris software, Facebook, Focus point of sale POS software, Intuit QuickBooks Point of Sale, MICROS Systems HSI Profits Series, Microsoft Outlook, NCR Advanced Checkout Solution, NCR NeighborhoodPOS, Service Orientation, The General Store, Web browser software"
Fast Food and Counter Workers,Perform duties such as taking orders and serving food and beverages. Serve customers at counter or from a steam table. May take payment. May prepare food and beverages.,"Aldelo Systems Aldelo for Restaurants Pro, Compris software, Facebook, Foodman Home-Delivery, Intuit QuickBooks Point of Sale, MICROS Systems HSI Profits Series, Menu and nutrition database software, Microsoft Excel, Microsoft Office software, Microsoft Windows, NCR Advanced Checkout Solution, NCR NeighborhoodPOS, Plexis Software Plexis POS, Quizlet, RestaurantPlus PRO, The General Store"
Baristas,Prepare or serve specialty coffee or other beverages. Serve food such as baked goods or sandwiches to patrons.,"Active Listening, Microsoft Excel, Microsoft Office software, Microsoft Word"
Waiters and Waitresses,Take orders and serve food and beverages to patrons at tables in dining establishment.,"Active Listening, Blink, Compris Advanced Manager's Workstation, Compris software, Facebook, Hospitality Control Solutions Aloha Point-of-Sale, Intuit QuickBooks Point of Sale, MICROS Systems HSI Profits Series, NCR Advanced Checkout Solution, NCR NeighborhoodPOS, Service Orientation, Speaking, The General Store"
"Food Servers, Nonrestaurant","Serve food to individuals outside of a restaurant environment, such as in hotel rooms, hospital rooms, residential care facilities, or cars.","CBORD Nutrition Service Suite, Capital Codeworks MenuMax, Facebook, Microsoft Office software, Microsoft Outlook, Microsoft Windows, Picis CareSuite"
Dining Room and Cafeteria Attendants and Bartender Helpers,"Facilitate food service. Clean tables; remove dirty dishes; replace soiled table linens; set tables; replenish supply of clean linens, silverware, glassware, and dishes; supply service bar with food; and serve items such as water, condiments, and coffee to patrons.","Cafe Cartel Systems, Facebook, Microsoft Excel, Microsoft Windows, Plexis Software Plexis POS, RestaurantPlus PRO"
Dishwashers,"Clean dishes, kitchen, food preparation equipment, or utensils.","Facebook, Microsoft Windows"
"Hosts and Hostesses, Restaurant, Lounge, and Coffee Shop","Welcome patrons, seat them at tables or in lounge, and help ensure quality of facilities and service.","Active Listening, Avenista Table Reservations, Facebook, GuestBridge Reserve, Hospitality Control Solutions Aloha Point-of-Sale, Microsoft Excel, Microsoft Office software, Microsoft Windows, OpenTable, Reservation software, iMagic Restaurant Reservation"
"Food Preparation and Serving Related Workers, All Other",All food preparation and serving related workers not listed separately.,
First-Line Supervisors of Housekeeping and Janitorial Workers,"Directly supervise and coordinate work activities of cleaning personnel in hotels, hospitals, offices, and other establishments.","Computerized bed control system software, Computerized maintenance management system CMMS, Email software, Facebook, Facility use software, Help desk software, Inventory tracking software, Microsoft Access, Microsoft Excel, Microsoft Office software, Microsoft Outlook, Microsoft PowerPoint, Microsoft Project, Microsoft Word, SAP software"
"First-Line Supervisors of Landscaping, Lawn Service, and Groundskeeping Workers","Directly supervise and coordinate activities of workers engaged in landscaping or groundskeeping activities. Work may involve reviewing contracts to ascertain service, machine, and workforce requirements; answering inquiries from potential customers regarding methods, material, and price ranges; and preparing estimates according to labor, material, and machine costs.","Active Listening, Coordination, Critical Thinking, Facebook, Management of Personnel Resources, Microsoft Excel, Microsoft Office software, Microsoft Outlook, Microsoft PowerPoint, Microsoft Word, Monitoring, Payroll software, Speaking, Time Management, Work order software"
"Janitors and Cleaners, Except Maids and Housekeeping Cleaners","Keep buildings in clean and orderly condition. Perform heavy cleaning duties, such as cleaning floors, shampooing rugs, washing walls and glass, and removing rubbish. Duties may include tending furnace and boiler, performing routine maintenance activities, notifying management of need for repairs, and cleaning snow or debris from sidewalk.","Eko, Microsoft Excel, Microsoft Office software, Microsoft Outlook, Microsoft Word, Squeegee"
Maids and Housekeeping Cleaners,"Perform any combination of light cleaning duties to maintain private households or commercial establishments, such as hotels and hospitals, in a clean and orderly manner. Duties may include making beds, replenishing linens, cleaning rooms and halls, and vacuuming.","Blink, Computerized bed control system software, Computerized maintenance management system CMMS, Eko, Email software, Facebook, Inventory tracking software, Microsoft Excel, Microsoft Windows"
"Building Cleaning Workers, All Other",All building cleaning workers not listed separately.,
Pest Control Workers,Apply or release chemical solutions or toxic gases and set traps to kill or remove pests and vermin that infest buildings and surrounding areas.,"Active Listening, Critical Thinking, Database software, Email software, Intuit QuickBooks, Marathon Data Systems PestPac, Microsoft Excel, Microsoft Office software, Microsoft SharePoint, Microsoft Word, Monitoring, Report writing software, Speaking, Supply inventory software, Time Management, Work scheduling software, Writing, YouTube"
Landscaping and Groundskeeping Workers,"Landscape or maintain grounds of property using hand or power tools or equipment. Workers typically perform a variety of tasks, which may include any combination of the following: sod laying, mowing, trimming, planting, watering, fertilizing, digging, raking, sprinkler installation, and installation of mortarless segmental concrete masonry wall units.","Facebook, IBM Notes, Microsoft Excel, Microsoft Office software, Microsoft Windows, Microsoft Word"
"Pesticide Handlers, Sprayers, and Applicators, Vegetation","Mix or apply pesticides, herbicides, fungicides, or insecticides through sprays, dusts, vapors, soil incorporation, or chemical application on trees, shrubs, lawns, or crops. Usually requires specific training and state or federal certification.","Customer database software, Facebook, Geographic information system GIS systems, Google Android, Materials inventory software, Microsoft Excel, Microsoft Office software, Microsoft Outlook, Rate calculation software, Unit conversion software"
Tree Trimmers and Pruners,"Using sophisticated climbing and rigging techniques, cut away dead or excess branches from trees or shrubs to maintain right-of-way for roads, sidewalks, or utilities, or to improve appearance, health, and value of tree. Prune or treat trees or shrubs using handsaws, hand pruners, clippers, and power pruners. Works off the ground in the tree canopy and may use truck-mounted lifts.","Facebook, Microsoft Excel, Microsoft Outlook, Microsoft Word, Operation and Control, Operations Monitoring"
"Grounds Maintenance Workers, All Other",All grounds maintenance workers not listed separately.,
First-Line Supervisors of Gambling Services Workers,"Directly supervise and coordinate activities of workers in assigned gambling areas. May circulate among tables, observe operations, and ensure that stations and games are covered for each shift. May verify and pay off jackpots. May reset slot machines after payoffs and make repairs or adjustments to slot machines or recommend removal of slot machines for repair. May plan and organize activities and services for guests in hotels/casinos.","Active Listening, Corel WordPerfect Office Suite, Critical Thinking, Microsoft Access, Microsoft Excel, Microsoft Office software, Microsoft Outlook, Microsoft PowerPoint, Microsoft Project, Microsoft Word, Monitoring, Reading Comprehension, Service Orientation, Social Perceptiveness, Speaking, Time Management"
"First-Line Supervisors of Entertainment and Recreation Workers, Except Gambling Services",Directly supervise and coordinate activities of entertainment and recreation related workers.,"Inventory management systems, Microsoft Excel, Microsoft Office software, Microsoft Outlook, Microsoft PowerPoint, Microsoft Word, Timekeeping software, Web browser software, Work scheduling software"
First-Line Supervisors of Personal Service Workers,Supervise and coordinate activities of personal service workers.,"Active Listening, Coordination, Critical Thinking, Inventory management systems, Management of Personnel Resources, Microsoft Excel, Microsoft Office software, Microsoft Outlook, Microsoft PowerPoint, Microsoft Word, Persuasion, Reading Comprehension, Service Orientation, Social Perceptiveness, Speaking, Time Management, Timekeeping software, Web browser software, Work scheduling software"
Animal Trainers,"Train animals for riding, harness, security, performance, or obedience, or for assisting persons with disabilities. Accustom animals to human voice and contact, and condition animals to respond to commands. Train animals according to prescribed standards for show or competition. May train animals to carry pack loads or work as part of pack team.","Atlassian JIRA, Customer information control system CICS, Database software, Epic Systems, Facebook, Instructing, Learning Strategies, Microsoft Excel, Microsoft Office software, Microsoft Outlook, Microsoft PowerPoint, Microsoft Project, Microsoft Windows, Microsoft Word, Oracle Database, Oracle PeopleSoft, SAP software, Speaking, Tracks Software, Work scheduling software"
Animal Caretakers,"Feed, water, groom, bathe, exercise, or otherwise provide care to promote and maintain the well-being of pets and other animals that are not raised for consumption, such as dogs, cats, race horses, ornamental fish or birds, zoo animals, and mice. Work in settings such as kennels, animal shelters, zoos, circuses, and aquariums. May keep records of feedings, treatments, and animals received or discharged. May clean, disinfect, and repair cages, pens, or fish tanks.","CEEJS The Pet Groomer's Secretary, DaySmart Software 123Pet, DaySmart Software Appointment-Plus, Envision Pet Grooming, Groom Pro, Groomsoft, K9 Bytes K9 Koordinator, Kennel Link, Microsoft Access, Microsoft Excel, Microsoft Office software, Microsoft Outlook, Microsoft PowerPoint, Microsoft Word, Mobile Dog Grooming Software mGroomer, Petschedule, The Groomer's Write Hand"
Gambling Dealers,"Operate table games. Stand or sit behind table and operate games of chance by dispensing the appropriate number of cards or blocks to players, or operating other gambling equipment. Distribute winnings or collect players' money or chips. May compare the house's hand against players' hands.","Apache Hadoop, Apache Spark, Email software, Microsoft Excel, Microsoft Office software, Slack"
Gambling and Sports Book Writers and Runners,"Post information enabling patrons to wager on various races and sporting events. Assist in the operation of games such as keno and bingo. May operate random number-generating equipment and announce the numbers for patrons. Receive, verify, and record patrons' wagers. Scan and process winning tickets presented by patrons and pay out winnings for those wagers.","Active Listening, Credit card processing software, Microsoft Excel, Microsoft Office software, Microsoft PowerPoint, Microsoft Windows, Microsoft Word, Web browser software"
"Gambling Service Workers, All Other",All gambling service workers not listed separately.,
Motion Picture Projectionists,Set up and operate motion picture projection and related sound reproduction equipment.,"Apple macOS, Audio calibration software, Autodesk AutoCAD, Avid Technology iNEWS, Facebook, Microsoft Excel, Microsoft Office software, Microsoft Outlook, Microsoft PowerPoint, Microsoft Word, Web browser software"
"Ushers, Lobby Attendants, and Ticket Takers","Assist patrons at entertainment events by performing duties, such as collecting admission tickets and passes from patrons, assisting in finding seats, searching for lost articles, and helping patrons locate such facilities as restrooms and telephones.","Microsoft Excel, Microsoft Office software, Microsoft Outlook, Microsoft PowerPoint, Microsoft Windows Mobile, Microsoft Word, Ticket Alternative Express Entry, Ticket scanning software"
Amusement and Recreation Attendants,"Perform a variety of attending duties at amusement or recreation facility. May schedule use of recreation facilities, maintain and provide equipment to participants of sporting events or recreational pursuits, or operate amusement concessions and rides.","Adobe PageMaker, Database software, Facebook, Microsoft Excel, Microsoft Internet Explorer, Microsoft Office software, Microsoft Outlook, Microsoft Windows, Microsoft Word"
Costume Attendants,"Select, fit, and take care of costumes for cast members, and aid entertainers. May assist with multiple costume changes during performances.","Database software, Garment tracking software, Microsoft Excel, Microsoft Office software, Microsoft Outlook, Microsoft Word, Web browser software"
"Locker Room, Coatroom, and Dressing Room Attendants","Provide personal items to patrons or customers in locker rooms, dressing rooms, or coatrooms.","Active Listening, Facebook, IBM Lotus 1-2-3, IntelliTrack DMS Check In-Out, Inventory tracking software, Microsoft Excel, Microsoft Office software, Microsoft Word, Service Orientation, Speaking, SportSoft Equipment Manager, Web browser software"
"Entertainment Attendants and Related Workers, All Other",All entertainment attendants and related workers not listed separately.,
Embalmers,Prepare bodies for interment in conformity with legal requirements.,"Active Listening, Belmar & Associates Mortware, Corel WordPerfect Office Suite, Custom Data Systems Sterling Management Software, FPA Software MACCS, HMIS Advantage, Microsoft Excel, Microsoft Office software, Microsoft Word, Speaking, Twin Tier Technologies MIMS, Web browser software"
Crematory Operators,"Operate crematory equipment to reduce human or animal remains to bone fragments in accordance with state and local regulations. Duties may include preparing the body for cremation and performing general maintenance on crematory equipment. May use traditional flame-based cremation, calcination, or alkaline hydrolysis.","Belmar & Associates Mortware, HMIS Advantage, Microsoft Excel, Microsoft Office software, Microsoft Word"
Funeral Attendants,"Perform a variety of tasks during funeral, such as placing casket in parlor or chapel prior to service, arranging floral offerings or lights around casket, directing or escorting mourners, closing casket, and issuing and storing funeral equipment.","Bookkeeping software, Microsoft Excel, Microsoft Office software, Microsoft Word, iCIMS Talent Cloud software"
"Morticians, Undertakers, and Funeral Arrangers","Perform various tasks to arrange and direct individual funeral services, such as coordinating transportation of body to mortuary, interviewing family or other authorized person to arrange details, selecting pallbearers, aiding with the selection of officials for religious rites, and providing transportation for mourners.","Active Listening, Belmar & Associates Mortware, Coordination, Corel WordPerfect Office Suite, Custom Data Systems Sterling Management Software, FPA Software MACCS, FuneralKiosk, HMIS Advantage, Microsoft Access, Microsoft Excel, Microsoft Office software, Microsoft Outlook, Microsoft PowerPoint, Microsoft Word, Salesforce software, Service Orientation, Social Perceptiveness, Speaking, Twin Tier Technologies MIMS, Web browser software, iCIMS Talent Cloud software"
Barbers,"Provide barbering services, such as cutting, trimming, shampooing, and styling hair; trimming beards; or giving shaves.","Appointment scheduling software, Customer information databases, Facebook, Linux, Microsoft Excel, Microsoft Office software, Microsoft PowerPoint, Microsoft Windows, Microsoft Word, Point of sale POS payment software, YouTube"
"Hairdressers, Hairstylists, and Cosmetologists","Provide beauty services, such as cutting, coloring, and styling hair, and massaging and treating scalp. May shampoo hair, apply makeup, dress wigs, remove hair, and provide nail and skincare services.","Active Listening, Apple iOS, Appointment scheduling software, Customer information databases, Facebook, Intuit QuickBooks, Microsoft Excel, Microsoft Office software, Microsoft Word, Sale processing software, Service Orientation, Speaking, YouTube"
"Makeup Artists, Theatrical and Performance","Apply makeup to performers to reflect period, setting, and situation of their role.","Active Listening, Adobe Photoshop, Appointment scheduling software, Autodesk Maya, Autodesk Mudbox, Blogging software, Bookitlive, Clear Books, Client databases, DatInf DigiMakeup, Email software, Facebook, Instagram, Intuit QuickBooks, Microsoft Excel, Microsoft Office software, Microsoft Outlook, Pixologic Zbrush, Reading Comprehension, SavingFace, Speaking, Twitter, Web browser software"
Manicurists and Pedicurists,Clean and shape customers' fingernails and toenails. May polish or decorate nails.,"Aknaf ADVANTAGE Salon Software and Spa Software, Appointment Search, AppointmentQuest Online Appointment Scheduler, Customer information databases, DaySmart Software Appointment-Plus, DaySmart Software Salon Iris, Facebook, Microsoft Excel, Microsoft Office software"
Shampooers,Shampoo and rinse customers' hair.,"Appointment scheduling software, Email software, Facebook, Inventory tracking software, Web browser software"
Skincare Specialists,Provide skincare treatments to face and body to enhance an individual's appearance. Includes electrologists and laser hair removal specialists.,"Active Listening, Microsoft Excel, Microsoft Office software, Microsoft PowerPoint, Microsoft Word, Service Orientation, Spa management software, Speaking, Web browser software"
Baggage Porters and Bellhops,Handle baggage for travelers at transportation terminals or for guests at hotels or similar establishments.,"Active Listening, Corel WordPerfect Office Suite, Microsoft Excel, Microsoft Office software, Microsoft Outlook, Microsoft Word, Service Orientation, Speaking"
Concierges,"Assist patrons at hotel, apartment, or office building with personal services. May take messages; arrange or give advice on transportation, business services, or entertainment; or monitor guest requests for housekeeping and maintenance.","Active Listening, Billing software, Budgeting software, Coordination, Delphi Technology, Mapping software, Microsoft Excel, Microsoft Office software, Microsoft Outlook, Microsoft PowerPoint, Microsoft Publisher, Microsoft Word, Service Orientation, Social Perceptiveness, Speaking, Web browser software, Work scheduling software, Yardi software"
Tour Guides and Escorts,"Escort individuals or groups on sightseeing tours or through places of interest, such as industrial establishments, public buildings, and art galleries.","Adobe Photoshop, Apple Safari, Centaur Systems Centaur Travel Business Management System TBMS, Email software, Facebook, Global positioning system GPS software, IBS Software Services Tour Partner, Microsoft Access, Microsoft Excel, Microsoft Internet Explorer, Microsoft Office software, Microsoft Outlook, Microsoft PowerPoint, Microsoft Word, Padlet, Pear Deck, RBS GoTour Online, SmugMug Flickr, Softrip Travel Software System, Speaking, TourTech Systems TourTools, Zoom"
Travel Guides,"Plan, organize, and conduct long-distance travel, tours, and expeditions for individuals and groups.","Active Listening, Coordination, Customer information databases, Data visualization software, Facebook, Financial accounting software, Global positioning system GPS software, Microsoft Access, Microsoft Excel, Microsoft Office software, Microsoft Outlook, Microsoft PowerPoint, Microsoft Word, Persuasion, Service Orientation, Social Perceptiveness, Speaking, Structured query language SQL, Tableau, Travel Agent CMS, Web browser software"
Childcare Workers,"Attend to children at schools, businesses, private households, and childcare institutions. Perform a variety of tasks, such as dressing, feeding, bathing, and overseeing play.","Educational software, Google Classroom, Microsoft Office software, Microsoft Word, Monitoring, Nearpod, Scheduling software, Schoology, Seesaw, Tadpoles, Web browser software"
Nannies,"Care for children in private households and provide support and expertise to parents in satisfying children's physical, emotional, intellectual, and social needs. Duties may include meal planning and preparation, laundry and clothing care, organization of play activities and outings, discipline, intellectual stimulation, language activities, and transportation.","Active Listening, Coordination, Critical Thinking, Educational software, Judgment and Decision Making, Microsoft Excel, Microsoft Word, Monitoring, Persuasion, Scheduling software, Service Orientation, Social Perceptiveness, Speaking, Time Management, Web browser software"
Exercise Trainers and Group Fitness Instructors,"Instruct or coach groups or individuals in exercise activities for the primary purpose of personal fitness. Demonstrate techniques and form, observe participants, and explain to them corrective measures necessary to improve their skills. Develop and implement individualized approaches to exercise.","Appointment scheduling software, BioEx Systems Exercise Expert, BioEx Systems Fitness Maker, BioEx Systems Nutrition Maker Plus, Blink, DaySmart Software Appointment-Plus, DietMaster Systems DietMaster, EZFacility Trainer Management System, Email software, ICTraining, Instructing, Intuit QuickBooks, MYOB BusinessEssentials, Microsoft Excel, Microsoft Office software, Microsoft Outlook, Microsoft PowerPoint, Microsoft Word, Online River Software Personal Trainer Pro, Sage 50 Accounting, Sage Simply Accounting, Service Orientation, Speaking, Visual Health Information The Trainer's Exercise Toolbox, Web browser software"
Recreation Workers,"Conduct recreation activities with groups in public, private, or volunteer agencies or recreation facilities. Organize and promote activities, such as arts and crafts, sports, games, music, dramatics, social recreation, camping, and hobbies, taking into account the needs and interests of individual members.","Active Listening, Appletree, Coordination, Corel WordPerfect Office Suite, Database software, GroupMe, Instructing, Microsoft Excel, Microsoft Internet Explorer, Microsoft Office software, Microsoft Outlook, Microsoft PowerPoint, Microsoft Publisher, Microsoft Windows, Microsoft Word, Monitoring, Recordkeeping software, Scheduling software, Service Orientation, Social Perceptiveness, Speaking, YouTube"
Residential Advisors,"Coordinate activities in resident facilities in secondary school and college dormitories, group homes, or similar establishments. Order supplies and determine need for maintenance, repairs, and furnishings. May maintain household records and assign rooms. May assist residents with problem solving or refer them to counseling resources.","Active Listening, Budgeting software, Coordination, Critical Thinking, Email software, Google Docs, Microsoft Excel, Microsoft Office software, Microsoft Outlook, Microsoft PowerPoint, Microsoft Word, Monitoring, Negotiation, Service Orientation, Social Perceptiveness, Speaking, Survey software, Time Management, Web browser software, Website development software"
"Personal Care and Service Workers, All Other",All personal care and service workers not listed separately.,
First-Line Supervisors of Retail Sales Workers,"Directly supervise and coordinate activities of retail sales workers in an establishment or department. Duties may include management functions, such as purchasing, budgeting, accounting, and personnel work, in addition to supervisory duties.","Active Listening, Adobe Acrobat, Adobe Illustrator, Adobe InDesign, Adobe Photoshop, Apple Safari, Autodesk Revit, Coordination, Critical Thinking, Facebook, Google Analytics, Google Docs, IBM SPSS Statistics, Kronos Workforce Timekeeper, Microsoft Access, Microsoft Edge, Microsoft Excel, Microsoft Office software, Microsoft Outlook, Microsoft PowerPoint, Microsoft Project, Microsoft SharePoint, Microsoft Visio, Microsoft Windows, Microsoft Word, Monitoring, Mozilla Firefox, Oracle Database, Oracle Primavera Enterprise Project Portfolio Management, Service Orientation, Social Perceptiveness, Speaking"
First-Line Supervisors of Non-Retail Sales Workers,"Directly supervise and coordinate activities of sales workers other than retail sales workers. May perform duties such as budgeting, accounting, and personnel work, in addition to supervisory duties.","Active Learning, Active Listening, Budgeting software, Cisco Webex, Complex Problem Solving, Coordination, Critical Thinking, Customer information databases, Delphi Discovery, Delphi Technology, Electronic data interchange EDI software, Financial accounting software, Flow chart software, Fuze cloud communications and collaboration software, Graphics creation software, Judgment and Decision Making, Management of Personnel Resources, Microsoft Access, Microsoft Dynamics, Microsoft Excel, Microsoft Office software, Microsoft Outlook, Microsoft PowerPoint, Microsoft Project, Microsoft Word, Monitoring, Negotiation, NetSuite ERP, Online meeting software, Oracle Eloqua, Persuasion, QuickBase business management software, Reading Comprehension, SAP software, Salesforce software, Salesforce.com Salesforce CRM, Social Perceptiveness, Speaking, Time Management, Writing"
Cashiers,"Receive and disburse money in establishments other than financial institutions. May use electronic scanners, cash registers, or related equipment. May process credit or debit card transactions and validate checks.","AFEXDirect, Apple Safari, Bookkeeping software, Database software, Electronic medical record EMR software, Handheld computer device software, Microsoft Edge, Microsoft Excel, Microsoft Office software, Microsoft Windows, Mozilla Firefox, ReliaSoft Prism"
Gambling Change Persons and Booth Cashiers,"Exchange coins, tokens, and chips for patrons' money. May issue payoffs and obtain customer's signature on receipt. May operate a booth in the slot machine area and furnish change persons with money bank at the start of the shift, or count and audit money in drawers.","Microsoft Excel, Microsoft Word"
Counter and Rental Clerks,"Receive orders, generally in person, for repairs, rentals, and services. May describe available options, compute cost, and accept payment.","Active Listening, Database software, Inventory management systems, Microsoft Excel, Microsoft Office software, Microsoft Outlook, Microsoft PowerPoint, Microsoft Word, Oracle Database"
Parts Salespersons,Sell spare and replacement parts and equipment in repair shop or parts store.,"Active Listening, Adobe Acrobat, Customer information databases, Inventory control system software, Inventory management systems, Inventory tracking software, Microsoft Excel, Microsoft Office software, Microsoft Outlook, Microsoft PowerPoint, Microsoft Word, Persuasion, Reading Comprehension, SAP software, Service Orientation, SmugMug Flickr, Speaking, Web browser software"
Retail Salespersons,"Sell merchandise, such as furniture, motor vehicles, appliances, or apparel to consumers.","Active Listening, Adobe Acrobat, Adobe Creative Cloud software, Adobe Illustrator, Adobe InDesign, Adobe Photoshop, Apple Safari, Apple macOS, Autodesk AutoCAD, Eclipse IDE, Facebook, Google Docs, Intuit QuickBooks, Microsoft Access, Microsoft Edge, Microsoft Excel, Microsoft Office software, Microsoft Outlook, Microsoft PowerPoint, Microsoft SharePoint, Microsoft Windows, Microsoft Word, Mozilla Firefox, Negotiation, Oracle PeopleSoft, Persuasion, SAP software, Salesforce software, Service Orientation, Social Perceptiveness, Speaking"
Advertising Sales Agents,"Sell or solicit advertising space, time, or media in publications, signage, TV, radio, or Internet establishments or public spaces.","Active Listening, Adobe Creative Cloud software, Adobe Illustrator, Adobe InDesign, Adobe Photoshop, Canva, Contact management software, Email software, Facebook, FileMaker Pro, Google Ads, Google Analytics, Microsoft Access, Microsoft Dynamics, Microsoft Excel, Microsoft Office software, Microsoft Outlook, Microsoft PowerPoint, Microsoft Publisher, Microsoft Word, Negotiation, Persuasion, QuarkXPress, Salesforce software, Service Orientation, Social Perceptiveness, Speaking, Web browser software, WordPress"
Insurance Sales Agents,"Sell life, property, casualty, health, automotive, or other types of insurance. May refer clients to independent brokers, work as an independent broker, or be employed by an insurance company.","AMS Services AMS 360, AMS Services AMS Sagitta, Active Listening, Adobe After Effects, Advantage Information Systems The Agency Advantage, Agency Master, Agency Software AgencyPro, Agency management software, Allied Financial Software Act4Advisors, Allstar Software Systems Kofax, Apple Final Cut Pro, Applied Systems The Agency Manager, Applied Systems Vision, Benefits Technology Group SalesLogix, CPU Tracker Software CPU Tracker, CoVirt VirtGate, Critical Thinking, Cygnus Software IncomeMax, DORIS FILESERVERonline, Facebook, Microsoft Excel, Microsoft Office software, Microsoft Outlook, Microsoft PowerPoint, Microsoft Windows, Microsoft Word, Persuasion, Reading Comprehension, Speaking, Time Management, Writing, Zoom"
"Securities, Commodities, and Financial Services Sales Agents","Buy and sell securities or commodities in investment and trading firms, or provide financial services to businesses and individuals. May advise customers about stocks, bonds, mutual funds, commodities, and market conditions.","ADP/Vantra VOLTS, AIQ Systems TradingExpert Pro, Active Learning, Active Listening, AnalyzerXL, Aspen Graphics Technical Analysis Software, Bloomberg Professional, BondDesk Group Trader WorkStation, C++, Critical Thinking, Judgment and Decision Making, Linux, Microsoft Access, Microsoft Excel, Microsoft Office software, Microsoft Outlook, Microsoft PowerPoint, Microsoft SharePoint, Microsoft Visual Basic, Microsoft Windows, Microsoft Word, Monitoring, Oracle Java, Oracle PeopleSoft, Persuasion, Python, R, Reading Comprehension, SAP software, Salesforce software, Speaking, The MathWorks MATLAB, UNIX"
Travel Agents,"Plan and sell transportation and accommodations for customers. Determine destination, modes of transportation, travel dates, costs, and accommodations required. May also describe, plan, and arrange itineraries and sell tour packages. May assist in resolving clients' travel problems.","Active Listening, Amadeus CRS, Apollo Reservation System, Colibripms Software Colibri, DataSwell, Galor Travel Booster, Global distribution system GDS software, Globekey Agentkey, IMS Travel Agent Reservation Software System, Illusions Online Illusions OnDemand, Intuit QuickBooks, MGHworld Travel Agents, Microsoft Access, Microsoft Excel, Microsoft Office software, Microsoft Outlook, Microsoft PowerPoint, Microsoft Word, Orbitz Worldwide Orbitz for Agents, Persuasion, Reading Comprehension, Rezdy booking software, Rezgo online booking software, Rezopia, SAP Concur, Sabre Airline Solutions SabreSonic Customer Sales & Service, Sabre Central Command, Service Orientation, Social Perceptiveness, Speaking, Zoom"
"Sales Representatives of Services, Except Advertising, Insurance, Financial Services, and Travel",Sell services to individuals or businesses. May describe options or resolve client problems.,"Apple macOS, Enterprise application integration EAI software, HubSpot software, IBM SPSS Statistics, JamBoard, Microsoft Dynamics, Microsoft Excel, Microsoft Office software, Microsoft Outlook, Microsoft PowerPoint, Microsoft Project, Microsoft Word, Salesforce software"
"Sales Representatives, Wholesale and Manufacturing, Technical and Scientific Products","Sell goods for wholesalers or manufacturers where technical or scientific knowledge is required in such areas as biology, engineering, chemistry, and electronics, normally obtained from at least 2 years of postsecondary education.","Active Learning, Active Listening, Amazon Web Services AWS software, Apache Hadoop, Coordination, Google Analytics, Google Workspace software, HubSpot software, IBM SPSS Statistics, Intuit QuickBooks, Linux, Microsoft Access, Microsoft Azure software, Microsoft Excel, Microsoft Office software, Microsoft Outlook, Microsoft PowerPoint, Microsoft Project, Microsoft SharePoint, Microsoft Word, Negotiation, Oracle Database, Oracle PeopleSoft, Persuasion, R, Reading Comprehension, SAP software, SAS, Salesforce software, Service Orientation, Social Perceptiveness, Speaking, Teradata Database, Zoom"
Solar Sales Representatives and Assessors,"Contact new or existing customers to determine their solar equipment needs, suggest systems or equipment, or estimate costs.","Active Listening, Adobe Acrobat, Autodesk AutoCAD, Critical Thinking, Google Meet, Google Workspace software, Microsoft Dynamics, Microsoft Excel, Microsoft Office software, Microsoft Outlook, Microsoft PowerPoint, Microsoft Project, Microsoft Word, Persuasion, Reading Comprehension, Salesforce software, Salesforce.com Salesforce CRM, Service Orientation, Social Perceptiveness, Solar analysis software, Speaking, Trimble SketchUp Pro, Web browser software, Zoom"
"Sales Representatives, Wholesale and Manufacturing, Except Technical and Scientific Products",Sell goods for wholesalers or manufacturers to businesses or groups of individuals. Work requires substantial knowledge of items sold.,"Active Listening, Adobe Acrobat, Adobe Creative Cloud software, Adobe Illustrator, Adobe InDesign, Adobe Photoshop, Apple macOS, Autodesk AutoCAD, Cisco Webex, Critical Thinking, ESRI ArcGIS software, Eclipse IDE, Epic Systems, Extensible markup language XML, Facebook, Google Analytics, Google Docs, HubSpot software, Hypertext markup language HTML, IBM SPSS Statistics, Intuit QuickBooks, Marketo Marketing Automation, Microsoft Access, Microsoft Excel, Microsoft Office software, Microsoft Outlook, Microsoft PowerPoint, Negotiation, Persuasion, Social Perceptiveness, Speaking"
Demonstrators and Product Promoters,Demonstrate merchandise and answer questions for the purpose of creating public interest in buying the product. May sell demonstrated merchandise.,"Active Listening, Eko, Email software, Hypertext markup language HTML, Microsoft Excel, Microsoft Office software, Microsoft Outlook, Microsoft PowerPoint, Microsoft Windows, Microsoft Word, Persuasion, Social media sites, Speaking, Web browser software, Zoom"
Models,"Model garments or other apparel and accessories for prospective buyers at fashion shows, private showings, or retail establishments. May pose for photos to be used in magazines or advertisements. May pose as subject for paintings, sculptures, and other types of artistic expression.","Apple Safari, Apple iOS, Facebook, Instagram, LinkedIn, Microsoft Excel, Microsoft Office software, Microsoft PowerPoint, Microsoft Word, Tumblr, Twitter, Web browser software, YouTube"
Real Estate Brokers,"Operate real estate office, or work for commercial real estate firm, overseeing real estate transactions. Other duties usually include selling real estate or renting properties and arranging loans.","AMTdirect, Active Learning, Active Listening, Adobe Photoshop, AppFolio Property Manager, Critical Thinking, Deep Forest Systems OnCite, Domin-8 Enterprise Solutions Tenant Pro, Enterprise Software Systems CRE Sync, Facebook, First American CoreLogic RealQuest Pro, Google Earth Pro, Intuit QuickBooks, Lease Cost Solutions LseMod, London Computer Systems Rent Manager, Microsoft Access, Microsoft Active Server Pages ASP, Microsoft Excel, Microsoft Internet Explorer, Microsoft Office software, Microsoft Outlook, Microsoft PowerPoint, Microsoft Word, Negotiation, Persuasion, Property Boulevard, Property records databases, PropertyBoss Solutions PropertyBoss, Reading Comprehension, Salesforce software, Speaking, Yardi software"
Real Estate Sales Agents,"Rent, buy, or sell property for clients. Perform duties such as study property listings, interview prospective clients, accompany clients to property site, discuss conditions of sale, and draw up real estate contracts. Includes agents who represent buyer.","Active Listening, Adobe Acrobat, Agent Business Builder, Argosy Legal Systems Power Closer, CMA Stuffers, Canva, Commercial and industrial development project cost analysis software, Coordination, Corel WordPerfect Office Suite, Critical Thinking, DataBasix Technologies Lead Commander, DeLorme Topo USA, Digital contract software, DocuSign eSignature, Document creation software, Easypano Tourweaver, Facebook, Google Docs, Intuit QuickBooks, Microsoft Excel, Microsoft Office software, Microsoft Outlook, Microsoft PowerPoint, Microsoft Project, Microsoft Teams, Microsoft Word, Negotiation, Persuasion, Service Orientation, Social Perceptiveness, Speaking, Yardi software, Zoom"
Sales Engineers,"Sell business goods or services, the selling of which requires a technical background equivalent to a baccalaureate degree in engineering.","Active Learning, Active Listening, Amazon Web Services AWS software, Ansible software, Apache Cassandra, Apache Hadoop, Apple iOS, Atlassian JIRA, Autodesk AutoCAD, Border Gateway Protocol BGP, C, C++, Complex Problem Solving, Critical Thinking, Dassault Systemes SolidWorks, Docker, Extensible markup language XML, Google Workspace software, IBM DB2, JavaScript, Judgment and Decision Making, Kubernetes, Linux, Microsoft Access, Microsoft Active Directory, Microsoft Azure software, Microsoft Excel, Microsoft Office software, Microsoft Outlook, Microsoft PowerPoint, Negotiation, Persuasion, Reading Comprehension, Service Orientation, Social Perceptiveness, Speaking, Systems Analysis, Systems Evaluation, Time Management, Writing"
Telemarketers,Solicit donations or orders for goods or services over the telephone.,"Acarda Sales Technologies Acarda Outbound, Active Listening, Automatic call distribution software, Database Systems Corp Telemation, Microsoft Dynamics, Microsoft Excel, Microsoft Office software, Microsoft Outlook, Microsoft PowerPoint, Microsoft Word, Persuasion, Remote access call center software, Salesforce software, Service Orientation, Softphone software, Speaking, Zoom"
"Door-to-Door Sales Workers, News and Street Vendors, and Related Workers",Sell goods or services door-to-door or on the street.,"Facebook, Microsoft Excel, Microsoft Office software, Persuasion, Route mapping software, Service Orientation, Social Perceptiveness, Speaking, Web browser software"
"Sales and Related Workers, All Other",All sales and related workers not listed separately.,
First-Line Supervisors of Office and Administrative Support Workers,Directly supervise and coordinate the activities of clerical and administrative support workers.,"Active Learning, Active Listening, Adobe Acrobat, Apple macOS, Coordination, Critical Thinking, Facebook, Google Docs, Henry Schein Dentrix, IBM SPSS Statistics, Instructing, Intuit QuickBooks, Judgment and Decision Making, Learning Strategies, MEDITECH software, Management of Personnel Resources, Microsoft Access, Microsoft Excel, Microsoft Office software, Microsoft Outlook, Microsoft PowerPoint, Microsoft Project, Microsoft SharePoint, Microsoft Teams, Microsoft Visio, Microsoft Windows, Microsoft Word, Monitoring, Mozilla Firefox, Negotiation, Oracle Database, Oracle PeopleSoft, Persuasion, Reading Comprehension, SAP software, Salesforce software, Service Orientation, Slack, Social Perceptiveness, Speaking, Time Management, Writing"
"Switchboard Operators, Including Answering Service","Operate telephone business systems equipment or switchboards to relay incoming, outgoing, and interoffice calls. May supply information to callers and record messages.","Active Listening, IBM Notes, M-Tech Hotel Service Optimization System HotSOS, Microsoft Access, Microsoft Excel, Microsoft Office software, Microsoft Outlook, Microsoft PowerPoint, Microsoft Windows, Microsoft Word, SAP software, Social Perceptiveness, Speaking"
Telephone Operators,"Provide information by accessing alphabetical, geographical, or other directories. Assist customers with special billing requests, such as charges to a third party and credits or refunds for incorrectly dialed numbers or bad connections. May handle emergency calls and assist children or people with physical disabilities to make telephone calls.","Active Listening, Computer aided dispatch software, Handheld computer device software, Microsoft Excel, Microsoft Office software, Microsoft Outlook, Microsoft PowerPoint, Microsoft Windows, Microsoft Word, Service Orientation, Speaking, Video conference software"
"Communications Equipment Operators, All Other",All communications equipment operators not listed separately.,
Bill and Account Collectors,"Locate and notify customers of delinquent accounts by mail, telephone, or personal visit to solicit payment. Duties include receiving payment and posting amount to customer's account, preparing statements to credit department if customer fails to respond, initiating repossession proceedings or service disconnection, and keeping records of collection and status of accounts.","ADP Drive DMS for Accounting, ADS Advantage, Active Listening, Adtec Agency Manager, Austin Logistics CallSelect, CU Connect processing software, Collection Data Systems CollectOne-Tiger, Columbia Ultimate Archive, Columbia Ultimate RPCS, Columbia Ultimate Remit, Data-Tel Ceasar, Debt account management and collection software, Diagnostic and procedural coding software, Document management system software, HMS, Healthcare common procedure coding system HCPCS, Intuit QuickBooks, LexisNexis, LexisNexis Banko, MEDITECH software, Microsoft Excel, Microsoft Office software, Microsoft Outlook, Microsoft PowerPoint, Microsoft Word, SAP software, Speaking"
Billing and Posting Clerks,"Compile, compute, and record billing, accounting, statistical, and other numerical data for billing purposes. Prepare billing invoices for services rendered or for delivery or shipment of goods.","Accuity EPICWare, Aderant legal software, Allscripts Professional PM, Automated billing software, CAI Software Seasoft, Check imaging software, Check processing software, Check sorting control software, Database software, Epic Systems, File management systems, Fiserv PEP+ reACH, GE Healthcare Centricity EMR, Intuit QuickBooks, MEDITECH software, Microsoft Access, Microsoft Excel, Microsoft Office software, Microsoft Outlook, Microsoft PowerPoint, Microsoft Project, Microsoft Windows, Microsoft Word, Reading Comprehension, SAP software, eMDs Medisoft"
"Bookkeeping, Accounting, and Auditing Clerks","Compute, classify, and record numerical data to keep financial records complete. Perform any combination of routine calculating, posting, and verifying duties to obtain primary financial data for use in maintaining accounting records. May also check the accuracy of figures, calculations, and postings pertaining to business transactions recorded by other workers.","ACS Technologies ACS Financial Suite, Accounts payable software, Accounts receivable software, Accurate NXG, AcornSystems Corporate Performance Management, Act!, Adobe Acrobat, Epic Systems, Google Docs, Intuit QuickBooks, MEDITECH software, Microsoft Access, Microsoft Excel, Microsoft Office software, Microsoft Outlook, Microsoft PowerPoint, Microsoft Project, Microsoft SharePoint, Microsoft Windows, Microsoft Word, Oracle Database, Oracle PeopleSoft, SAP Concur, SAP software, Yardi software"
Gambling Cage Workers,"In a gambling establishment, conduct financial transactions for patrons. Accept patron's credit application and verify credit references to provide check-cashing authorization or to establish house credit accounts. May reconcile daily summaries of transactions to balance books. May sell gambling chips, tokens, or tickets to patrons, or to other workers for resale to patrons. May convert gambling chips, tokens, or tickets to currency upon patron's request. May use a cash register or computer to record transaction.","Corel WordPerfect Office Suite, Microsoft Excel, Microsoft Office software, Microsoft Outlook, Microsoft PowerPoint, Microsoft Word, Speaking"
Payroll and Timekeeping Clerks,"Compile and record employee time and payroll data. May compute employees' time worked, production, and commission. May compute and post wages and deductions, or prepare paychecks.","ADP Enterprise HR, ADP PC/Payroll, ADP Workforce Now, ADP eTIME, API Navigator, Active Listening, Asure Software HCM, Automated payroll software, Automated timekeeping software, BMH Open4 Payroll, BSI ComplianceFactory, CyberShift Workforce Management 3G Time and Attendance, Data entry software, EBS On Line InstaPay, Email software, Intuit QuickBooks, Kronos Workforce Timekeeper, Microsoft Access, Microsoft Excel, Microsoft Office software, Microsoft Outlook, Microsoft PowerPoint, Microsoft Word, Oracle PeopleSoft, Reading Comprehension, SAP software, Workday software"
Procurement Clerks,Compile information and records to draw up purchase orders for procurement of materials and services.,"Active Listening, Autotask, Complex Problem Solving, Critical Thinking, Electronic data interchange EDI software, IBM Maximo Asset Management, Intuit QuickBooks, Inventory tracking software, Judgment and Decision Making, Microsoft Access, Microsoft Excel, Microsoft Office software, Microsoft Outlook, Microsoft PowerPoint, Microsoft SharePoint, Microsoft Windows, Microsoft Word, Monitoring, Oracle Database, Oracle JD Edwards EnterpriseOne, Oracle PeopleSoft, Radiant Systems CounterPoint, Reading Comprehension, SAP Business Objects, SAP software, Social Perceptiveness, Speaking, Web browser software, Work scheduling software, Writing"
Tellers,Receive and pay out money. Keep records of money and negotiable instruments involved in a financial institution's various transactions.,"Active Listening, Email software, Hyland Software OnBase, IBM Notes, Information Technology Incorporated Premier Teller, Jack Henry & Associates Vertex, Microsoft Dynamics, Microsoft Excel, Microsoft Exchange, Microsoft Office software, Microsoft Outlook, Microsoft PowerPoint, Microsoft Windows, Microsoft Word, Sage 50 Accounting, Southern Data Systems TellerPro, Total Turnkey Solutions E-Vision"
"Financial Clerks, All Other",All financial clerks not listed separately.,
Brokerage Clerks,"Perform duties related to the purchase, sale, or holding of securities. Duties include writing orders for stock purchases or sales, computing transfer taxes, verifying stock transactions, accepting and delivering securities, tracking stock price fluctuations, computing equity, distributing dividends, and keeping records of daily transactions and holdings.","Account management software, Active Listening, Adobe Acrobat, Adobe Creative Cloud software, Adobe Dreamweaver, Adobe Illustrator, Adobe InDesign, Adobe Photoshop, Bloomberg Professional, HEAT Software GoldMine, Microsoft Access, Microsoft Dynamics, Microsoft Excel, Microsoft Office software, Microsoft Outlook, Microsoft PowerPoint, Microsoft SharePoint, Microsoft Visual FoxPro, Microsoft Word, Online trading software, Oracle PeopleSoft, Reading Comprehension, Royal Alliance VISION2020 Core, Salesforce software, Scheduling software, Speaking, Structured query language SQL, Time Management, Transaction processing software"
Correspondence Clerks,"Compose letters or electronic correspondence in reply to requests for merchandise, damage claims, credit and other information, delinquent accounts, incorrect billings, or unsatisfactory services. Duties may include gathering data to formulate reply and preparing correspondence.","Active Listening, Electronic data interchange EDI software, Electronic health record EHR software, Epic Systems, GE Healthcare Centricity EMR, Healthcare common procedure coding system HCPCS, Imaging software, Microsoft Access, Microsoft Excel, Microsoft Office software, Microsoft Outlook, Microsoft PowerPoint, Microsoft SharePoint, Microsoft Windows, Microsoft Word, Reading Comprehension, SAP software, Speaking, Writing"
"Court, Municipal, and License Clerks","Perform clerical duties for courts of law, municipalities, or governmental licensing agencies and bureaus. May prepare docket of cases to be called; secure information for judges and court; prepare draft agendas or bylaws for town or city council; answer official correspondence; keep fiscal records and accounts; issue licenses or permits; and record data, administer tests, or collect fees.","Abilis CORIS Offender Management System, Active Listening, Adobe Acrobat, Corel WordPerfect Office Suite, Data Technologies Summit, Email software, IBM Judicial Enforcement Management System JEMS, IBM Notes, LexisNexis, Microsoft Access, Microsoft Excel, Microsoft Office software, Microsoft Outlook, Microsoft PowerPoint, Microsoft Word, Speaking, Spreadsheet applications, Syscon Court Clerk, Thomson Reuters Westlaw, Work scheduling software, Zoom"
"Credit Authorizers, Checkers, and Clerks","Authorize credit charges against customers' accounts. Investigate history and credit standing of individuals or business establishments applying for credit. May interview applicants to obtain personal and financial data, determine credit worthiness, process applications, and notify customers of acceptance or rejection of credit.","Active Listening, Email software, Equifax software, Experian software, Financial accounting software, Microsoft Access, Microsoft Excel, Microsoft Internet Explorer, Microsoft Office software, Microsoft Outlook, Microsoft PowerPoint, Microsoft SharePoint, Microsoft Word, Reading Comprehension, SAP software, Speaking, Spreadsheet programs, Structured query language SQL, Tableau, Web browser software"
Customer Service Representatives,"Interact with customers to provide basic or scripted information in response to routine inquiries about products and services. May handle and resolve general complaints. Excludes individuals whose duties are primarily installation, sales, repair, and technical support.","Active Listening, Adobe Acrobat, Adobe Creative Cloud software, Adobe Illustrator, Adobe Photoshop, Apple macOS, Facebook, Google Docs, Intuit QuickBooks, Kronos Workforce Timekeeper, MEDITECH software, Microsoft Access, Microsoft Excel, Microsoft Office software, Microsoft Outlook, Microsoft PowerPoint, Microsoft SharePoint, Microsoft Teams, Microsoft Windows, Microsoft Word, Oracle Database, Oracle PeopleSoft, SAP software, Salesforce software, Service Orientation, Slack, Speaking, Yardi software"
"Eligibility Interviewers, Government Programs","Determine eligibility of persons applying to receive assistance from government programs and agency resources, such as welfare, unemployment benefits, social security, and public housing.","Active Listening, Adobe Acrobat Reader, Client assessment software, Corel WinZip, Critical Thinking, Email software, GE Healthcare Centricity EMR, Google Meet, Medicaid management information system MMIS, Microsoft Access, Microsoft Dynamics, Microsoft Excel, Microsoft Office software, Microsoft Outlook, Microsoft PowerPoint, Microsoft Word, Reading Comprehension, Resource and patient management system RPMS patient registration software, Resource and patient management system RPMS scheduling software, Service Orientation, Social Perceptiveness, Speaking, Web browser software, Writing, Zoom"
File Clerks,"File correspondence, cards, invoices, receipts, and other records in alphabetical or numerical order or according to the filing system used. Locate and remove material from file when requested.","Adobe Acrobat, Electronic filing software, Electronic health record EHR software, Email software, Intuit QuickBooks, Microsoft Access, Microsoft Excel, Microsoft Office software, Microsoft Outlook, Microsoft PowerPoint, Microsoft SharePoint, Microsoft Windows, Microsoft Word, Optical scanning software, Reading Comprehension"
"Hotel, Motel, and Resort Desk Clerks","Accommodate hotel, motel, and resort patrons by registering and assigning rooms to guests, issuing room keys or cards, transmitting and receiving messages, keeping records of occupied rooms and guests' accounts, making and confirming reservations, and presenting statements to and collecting payments from departing guests.","ASI FrontDesk, Blink, Delphi Technology, Facebook, Incident tracking software, InnQuest roomMaster, Microsoft Excel, Microsoft Office software, Microsoft Outlook, Microsoft PowerPoint, Microsoft Publisher, Microsoft Word, Property management system PMS software, Ramesys Hospitality, Resort Data Processing, Service Orientation, Social Perceptiveness, Speaking, Yardi software"
"Interviewers, Except Eligibility and Loan","Interview persons by telephone, mail, in person, or by other means for the purpose of completing forms, applications, or questionnaires. Ask specific questions, record answers, and assist persons with completing form. May sort, classify, and file forms.","Active Listening, Creative Research Systems The Survey System, Electronic health record EHR software, FileMaker Pro, FluidSurveys, Jenzabar EX, MEDITECH software, Medical condition coding software, Medical procedure coding software, Microsoft Dynamics, Microsoft Excel, Microsoft Office software, Microsoft Outlook, Microsoft PowerPoint, Microsoft Teams, Microsoft Word, Nebu Dub InterViewer, Oracle PeopleSoft, Qualtrics Insight, RIVS automated interview software, Reading Comprehension, SAP Business Objects, SaaS SurveyMonkey, Speaking, Statistical software, Student information systems SIS software, Web browser software, Zoom"
"Library Assistants, Clerical","Compile records, and sort, shelve, issue, and receive library materials such as books, electronic media, pictures, cards, slides and microfilm. Locate library materials for loan and replace material in shelving area, stacks, or files according to identification number and title. Register patrons to permit them to borrow books, periodicals, and other library materials.","Adobe Acrobat, Adobe Photoshop, Automated circulation systems, C++, Cataloging software, Database software, Microsoft Access, Microsoft Excel, Microsoft Office software, Microsoft Outlook, Microsoft PowerPoint, Microsoft Publisher, Microsoft Windows, Microsoft Word, Online Computer Library Center (OCLC) databases, Recordkeeping software, ResourceMate Plus, Video retrieval systems, Web browser software, WorldCat"
Loan Interviewers and Clerks,"Interview loan applicants to elicit information; investigate applicants' backgrounds and verify references; prepare loan request papers; and forward findings, reports, and documents to appraisal department. Review loan papers to ensure completeness, and complete transactions between loan establishment, borrowers, and sellers upon approval of loan.","Active Listening, Automated financial software, Automated underwriting software, Complex Problem Solving, Credit reporting software, Critical Thinking, Encompass software, Fannie Mae Desktop Underwriter, Lending software systems, Loan tracking software, Microsoft Access, Microsoft Dynamics, Microsoft Excel, Microsoft Office software, Microsoft Outlook, Microsoft PowerPoint, Microsoft Windows, Microsoft Word, Reading Comprehension, Rockport Integrated Excel Underwriting, Software AG Underwriting Solution, Speaking, Web browser software, Writing"
New Accounts Clerks,Interview persons desiring to open accounts in financial institutions. Explain account services available to prospective customers and assist them in preparing applications.,"Active Listening, Corporate Information Factory CIF, DCI iCore, Email software, Financial needs analysis software, Fiserv financial services software, Harland Financial Solutions DepositPro, IBM Lotus Notes, IPS-Sendero Relationship Profitability Manager Catalyst, Microsoft Dynamics GP, Microsoft Excel, Microsoft Internet Explorer, Microsoft Office software, Microsoft PowerPoint, Microsoft SharePoint, Microsoft Word, Reading Comprehension, Speaking, Systems Union Group MIS DecisionWare, Web browser software"
Order Clerks,"Receive and process incoming orders for materials, merchandise, classified ads, or services such as repairs, installations, or rental of facilities. Generally receives orders via mail, phone, fax, or other electronic means. Duties include informing customers of receipt, prices, shipping dates, and delays; preparing contracts; and handling complaints.","Active Listening, Adobe Acrobat, Apple Safari, Automated manifest system software, Corel WordPerfect Office Suite, Email software, IBM Sterling Configure, Price, Quote, Intuit QuickBooks, Inventory management systems, Microsoft Access, Microsoft Dynamics, Microsoft Edge, Microsoft Excel, Microsoft Office software, Microsoft Outlook, Microsoft PowerPoint, Microsoft System Center, Microsoft Word, Mozilla Firefox, Oracle JD Edwards EnterpriseOne, Order management software, Reading Comprehension, SAP software, Service Orientation, Speaking, Warehouse management system WMS, Web browser software"
"Human Resources Assistants, Except Payroll and Timekeeping","Compile and keep personnel records. Record data for each employee, such as address, weekly earnings, absences, amount of sales or production, supervisory reports, and date of and reason for termination. May prepare reports for employment records, file employment records, or search employee files and furnish information to authorized persons.","ADP Enterprise HR, ADP Workforce Now, Active Listening, Applicant tracking software, Blackboard Learn, Blackboard Learning System, Corel WordPerfect Office Suite, Database software, Document management system software, Email software, Employee performance management system, Employee self-service software, FileMaker Pro, Google Calendar, Google Docs, Human resource information system (HRIS), Microsoft Access, Microsoft Excel, Microsoft Office software, Microsoft Outlook, Microsoft PowerPoint, Microsoft SharePoint, Microsoft Visio, Microsoft Word, Oracle PeopleSoft, Reading Comprehension, SAP ERP, Speaking, Writing"
Receptionists and Information Clerks,"Answer inquiries and provide information to the general public, customers, visitors, and other interested parties regarding activities conducted at establishment and location of departments, offices, and employees within the organization.","3M Post-it App, Active Listening, Alpha Software Alpha Five, Appointment scheduling software, Automated information system software, Billing software, Blackbaud The Raiser's Edge, Bookkeeping software, Claim processing system software, Corel WordPerfect Office Suite, Data entry software, Database software, Electronic calendar management software, Electronic health record EHR software, Email software, FileMaker Pro, Filing system software, GE Healthcare Centricity EMR, Google Docs, Intuit QuickBooks, Microsoft Excel, Microsoft Office software, Microsoft Outlook, Microsoft PowerPoint, Microsoft Windows, Microsoft Word, Service Orientation, Speaking"
Reservation and Transportation Ticket Agents and Travel Clerks,"Make and confirm reservations for transportation or lodging, or sell transportation tickets. May check baggage and direct passengers to designated concourse, pier, or track; deliver tickets and contact individuals and groups to inform them of package tours; or provide tourists with travel or transportation information.","Active Listening, Amadeus Altea Reservation, Computer reservation system CRS software, Corel WordPerfect Office Suite, Delphi Technology, Email software, Galileo 360 Fares, GuestServe, MICROS Systems MICROS 9700 HMS, MICROS Systems OPERA Property Management System PMS, Microsoft Access, Microsoft Excel, Microsoft Office software, Microsoft Outlook, Microsoft PowerPoint, Microsoft Word, Property management system PMS software, Property scheduling software, Reading Comprehension, Sabre Airline Solutions SabreSonic Ticket, Service Orientation, Social Perceptiveness, Speaking, Web browser software, Worldspan Go!"
"Information and Record Clerks, All Other",All information and record clerks not listed separately.,
Cargo and Freight Agents,"Expedite and route movement of incoming and outgoing cargo and freight shipments in airline, train, and trucking terminals and shipping docks. Take orders from customers and arrange pickup of freight and cargo for delivery to loading platform. Prepare and examine bills of lading to determine shipping charges and tariffs.","Active Listening, Brokerage software, Corel WordPerfect Office Suite, Database software, Email software, Microsoft Excel, Microsoft Office software, Microsoft OneNote, Microsoft Outlook, Microsoft PowerPoint, Microsoft Word, Posting software, SAP software, Speaking, Transportation management software, Transportation management system TMS software, Web browser software, Web-based dispatch software"
Freight Forwarders,"Research rates, routings, or modes of transport for shipment of products. Maintain awareness of regulations affecting the international movement of cargo. Make arrangements for additional services, such as storage or inland transportation.","AESDirect, Arcline ArcFreight, CEDAS Gateway, CargoWise ediEnterprise, Coordination, Email software, IES Ecellerate, Kewill Global Trade and Logistics, Manufacturing resource planning MRP software, Microsoft Excel, Microsoft Office software, Microsoft Outlook, Microsoft PowerPoint, Microsoft Word, Monitoring, Oracle JD Edwards EnterpriseOne, Order management software, Package tracking software, QuestaWeb TradeMaster QW, Reading Comprehension, RedBerry Logistics, Riege Software International Procars, SAP software, Star Tec Software Hercules Export, TMW Enterprise Transportation Management Systems, Tailwind Management Systems Tailwind, Web browser software"
Couriers and Messengers,"Pick up and deliver messages, documents, packages, and other items between offices or departments within an establishment or directly to other business concerns, traveling by foot, bicycle, motorcycle, automobile, or public conveyance.","Microsoft Excel, Microsoft Office software, Microsoft Outlook, Microsoft Word, Route mapping software"
Public Safety Telecommunicators,"Operate telephone, radio, or other communication systems to receive and communicate requests for emergency assistance at 9-1-1 public safety answering points and emergency operations centers. Take information from the public and other sources regarding crimes, threats, disturbances, acts of terrorism, fires, medical emergencies, and other public safety matters. May coordinate and provide information to law enforcement and emergency response personnel. May access sensitive databases and other information sources as needed. May provide additional instructions to callers based on knowledge of and certification in law enforcement, fire, or emergency medical procedures.","911 system information databases, Active Listening, Computer aided dispatch software, Coordination, Corel WordPerfect Office Suite, Critical Thinking, Geographic information system GIS systems, Intrado SchoolMessenger, Law enforcement information databases, Microsoft Access, Microsoft Excel, Microsoft Office software, Microsoft Outlook, Microsoft PowerPoint, Microsoft SharePoint, Microsoft Word, National Crime Information Center (NCIC) database, National Law Enforcement Telecommunications System NLETS, Reading Comprehension, SAP software, Service Orientation, Social Perceptiveness, Speaking, Spillman Technologies Spillman Computer-Aided Dispatch, Web browser software"
"Dispatchers, Except Police, Fire, and Ambulance","Schedule and dispatch workers, work crews, equipment, or service vehicles for conveyance of materials, freight, or passengers, or for normal installation, service, or emergency repairs rendered outside the place of business. Duties may include using radio, telephone, or computer to transmit assignments and compiling statistics and reports on work progress.","Active Listening, Air-Trak Cloudberry, Bornemann Associates Flight Plan, Command Alkon COMMANDconcrete, Computer aided dispatch software, Computer aided dispatching auto routing software, Coordination, Database software, Digital Gateway e-automate, Dr. Dispatch, ESRI ArcIMS, Email software, Geomechanical design analysis GDA software, Global positioning system GPS software, Kronos Workforce Timekeeper, Locomotive distribution software, Microsoft Access, Microsoft Dynamics, Microsoft Excel, Microsoft Office software, Microsoft Outlook, Microsoft PowerPoint, Microsoft Windows, Microsoft Word, Monitoring, Rail Traffic Track Warrant Control System, Reading Comprehension, Resource management software, SAP software, Speaking, Time Management"
"Meter Readers, Utilities","Read meter and record consumption of electricity, gas, water, or steam.","Billing software, Geographic information system GIS systems, Graphing software, Mapping software, Meter reading software, Microsoft Access, Microsoft Excel, Microsoft Office software, Microsoft Outlook, Microsoft PowerPoint, Microsoft Windows, Microsoft Word, Supervisory control and data acquisition SCADA software"
Postal Service Clerks,"Perform any combination of tasks in a United States Postal Service (USPS) post office, such as receive letters and parcels; sell postage and revenue stamps, postal cards, and stamped envelopes; fill out and sell money orders; place mail in pigeon holes of mail rack or in bags; and examine mail for correct postage. Includes postal service clerks employed by USPS contractors.","Budgeting software, Delivery operations information system DOIS, Electronic Time Clock ETC, Inventory tracking software, Microsoft Windows, NCR Advanced Store, Time and Attendance Collection System TACS"
Postal Service Mail Carriers,Sort and deliver mail for the United States Postal Service (USPS). Deliver mail on established route by vehicle or on foot. Includes postal service mail carriers employed by USPS contractors.,"Address Management System AMS, Automated Data Collection System ADCS, Delivery Routing System DRS, Delivery operations information system DOIS, Electronic Time Clock ETC, End of Run Report EOR, Microsoft Office software, Microsoft Windows, Microsoft Word, Time and Attendance Collection System TACS"
"Postal Service Mail Sorters, Processors, and Processing Machine Operators","Prepare incoming and outgoing mail for distribution for the United States Postal Service (USPS). Examine, sort, and route mail. Load, operate, and occasionally adjust and repair mail processing, sorting, and canceling machinery. Keep records of shipments, pouches, and sacks, and perform other duties related to mail handling within the postal service. Includes postal service mail sorters and processors employed by USPS contractors.","Address Management System AMS, Automated Package Processing System APPS, Barcode reader software, Delivery Routing System DRS, Delivery operations information system DOIS, Directory software, Electronic Time Clock ETC, Microsoft Excel, Microsoft Office software, Microsoft Outlook, Microsoft SharePoint, Microsoft Word, Multi-line optical character reader OCR software, NCR Advanced Store, SAP software, Teradata Database, Time and Attendance Collection System TACS"
"Production, Planning, and Expediting Clerks","Coordinate and expedite the flow of work and materials within or between departments of an establishment according to production schedule. Duties include reviewing and distributing production, work, and shipment schedules; conferring with department supervisors to determine progress of work and completion dates; and compiling reports on progress of work, inventory levels, costs, and production problems.","ABB Production Planning, ADi SmartBOL, Accvision ABMIS, Active Listening, Adobe Acrobat, Adobe Illustrator, Adobe InDesign, Adobe Photoshop, Aestiva Purchase Order, Airtable, Applied Software Technologies Asset Maintenance and Materials Management System, Google Docs, Intuit QuickBooks, MEDITECH software, Microsoft Access, Microsoft Excel, Microsoft Office software, Microsoft Outlook, Microsoft PowerPoint, Microsoft Project, Microsoft Word, Oracle Database, Oracle PeopleSoft, Oracle Primavera Enterprise Project Portfolio Management, Reading Comprehension, SAP software, Speaking, Structured query language SQL, Time Management"
"Shipping, Receiving, and Inventory Clerks",Verify and maintain records on incoming and outgoing shipments involving inventory. Duties include verifying and recording incoming merchandise or material and arranging for the transportation of products. May prepare items for shipment.,"ADi SmartBOL, AES MailSTAR, Accuship Star System, Aestiva Purchase Order, Apple Safari, Barcode labeling software, Bill of lading software, CMS Consultants WorldLink, Citrix cloud computing software, DM2 Bills of Lading, Dydacomp Mail Order Manager, Electronic Data Interchange EDI systems, Endicia Internet Postage, Enterprise Systems RFID Data Management, Exact MAX, FedEx Ship Manager, FileMaker Pro, Microsoft Edge, Microsoft Excel, Microsoft Office software, Microsoft Outlook, Microsoft PowerPoint, Microsoft Word, Mozilla Firefox, SAP software"
"Weighers, Measurers, Checkers, and Samplers, Recordkeeping","Weigh, measure, and check materials, supplies, and equipment for the purpose of keeping relevant records. Duties are primarily clerical by nature. Includes workers who collect and keep record of samples of products or materials.","Email software, IBM Notes, Infor ERP Baan, Infor XA, Inventory management systems, Inventory software, Materials resource planning MRP software, Microsoft Access, Microsoft Dynamics AX, Microsoft Excel, Microsoft Office software, Microsoft Outlook, Microsoft PowerPoint, Microsoft Word, NetSuite ERP, Oracle Database, Oracle JD Edwards EnterpriseOne, Root cause analysis software, SAP software, Warehouse management system WMS"
Executive Secretaries and Executive Administrative Assistants,"Provide high-level administrative support by conducting research, preparing statistical reports, and handling information requests, as well as performing routine administrative functions such as preparing correspondence, receiving visitors, arranging conference calls, and scheduling meetings. May also train and supervise lower-level clerical staff.","Active Listening, Adobe Acrobat, Adobe Illustrator, Adobe InDesign, Adobe Photoshop, Apple macOS, Cisco Webex, Facebook, Google Docs, Google Workspace software, Intuit QuickBooks, Microsoft Access, Microsoft Excel, Microsoft Office software, Microsoft Outlook, Microsoft PowerPoint, Microsoft Project, Microsoft SharePoint, Microsoft Team Foundation Server, Microsoft Visio, Microsoft Word, Oracle PeopleSoft, Oracle Primavera Enterprise Project Portfolio Management, Reading Comprehension, SAP Concur, SAP software, Service Orientation, Slack, Speaking, Writing"
Legal Secretaries and Administrative Assistants,"Perform secretarial duties using legal terminology, procedures, and documents. Prepare legal papers and correspondence, such as summonses, complaints, motions, and subpoenas. May also assist with legal research.","A1-Law, ADP Workforce Now, AbacusNext HotDocs, Active Listening, Aderant CompuLaw, Adobe Acrobat, Amortization calculation software, Appointment scheduling software, Billing software, Case management software, Chrome River Expense, Database software, Dropbox, Electronic adjudication management systems EAM, Electronic diary software, Email software, Filing system software, IBM Lotus Notes, Intuit QuickBooks, Microsoft Access, Microsoft Excel, Microsoft Office software, Microsoft Outlook, Microsoft PowerPoint, Microsoft Visio, Microsoft Word, Reading Comprehension, Speaking, Writing"
Medical Secretaries and Administrative Assistants,"Perform secretarial duties using specific knowledge of medical terminology and hospital, clinic, or laboratory procedures. Duties may include scheduling appointments, billing patients, and compiling and recording medical charts, reports, and correspondence.","Accounts payable software, Accounts receivable software, Active Listening, Addressing software, Allscripts Payerpath, Allscripts Professional PM, Amazing Charts, Billing software, CPSI CPSI System, Corel WordPerfect Office Suite, Data entry software, Database software, Epic Systems, Google Docs, Henry Schein Dentrix, Intuit QuickBooks, MEDITECH software, Microsoft Access, Microsoft Excel, Microsoft Office software, Microsoft Outlook, Microsoft PowerPoint, Microsoft Windows, Microsoft Word, Reading Comprehension, Service Orientation, Speaking, dBASE Plus, eClinicalWorks EHR software"
"Secretaries and Administrative Assistants, Except Legal, Medical, and Executive","Perform routine administrative functions such as drafting correspondence, scheduling appointments, organizing and maintaining paper and electronic files, or providing information to callers.","Active Listening, Adobe Acrobat, Adobe Creative Cloud software, Adobe Illustrator, Adobe InDesign, Adobe Photoshop, Apache Cassandra, Apache Hadoop, Apache Hive, Apache Tomcat, Apple macOS, Atlassian Confluence, Atlassian JIRA, Canva, Cisco Webex, Facebook, Google Docs, Google Sheets, Google Workspace software, Hypertext markup language HTML, IBM SPSS Statistics, Intuit QuickBooks, Kronos Workforce Timekeeper, Linux, Microsoft Access, Microsoft Active Server Pages ASP, Reading Comprehension, Service Orientation, Speaking, Time Management, Writing"
Data Entry Keyers,"Operate data entry device, such as keyboard or photo composing perforator. Duties may include verifying data and preparing materials for printing.","Blackbaud The Raiser's Edge, Data entry software, Database software, Electronic medical record EMR software, FaceTime, FileMaker Pro, Google Docs, Google Drive, Healthcare common procedure coding system HCPCS, IBM Informix, Intuit QuickBooks, Jenzabar ERP, Medical condition coding software, Medical procedure coding software, Microsoft Access, Microsoft Dynamics, Microsoft Dynamics GP, Microsoft Excel, Microsoft Office software, Microsoft Outlook, Microsoft PowerPoint, Microsoft Word, Perceptive Software Intelligent Capture, Reading Comprehension, SAP software, Sage 50 Accounting"
Word Processors and Typists,"Use word processor, computer, or typewriter to type letters, reports, forms, or other material from rough draft, corrected copy, or voice recording. May perform other clerical duties as assigned.","Act!, Adobe Acrobat, Blackbaud CRM, Corel WordPerfect Office Suite, FileMaker Pro, Google Workspace software, IBM Notes, Intuit QuickBooks, Microsoft Access, Microsoft Excel, Microsoft Office software, Microsoft Outlook, Microsoft PowerPoint, Microsoft Publisher, Microsoft SharePoint, Microsoft Visio, Microsoft Word, Oracle PeopleSoft, Oracle Siebel CRM, Reading Comprehension, SAP software, SRSsoft SRS EHR"
Desktop Publishers,Format typescript and graphic elements using computer software to produce publication-ready material.,"Active Listening, Adobe Acrobat, Adobe After Effects, Adobe Creative Cloud software, Adobe Illustrator, Adobe InDesign, Adobe Photoshop, Apple macOS, Cascading style sheets CSS, Critical Thinking, Extensible markup language XML, Hypertext markup language HTML, JavaScript, Judgment and Decision Making, Microsoft Access, Microsoft Excel, Microsoft Office software, Microsoft Outlook, Microsoft PowerPoint, Microsoft Project, Microsoft SharePoint, Microsoft Visio, Microsoft Visual Basic, Microsoft Windows, Microsoft Word, MySQL, Oracle Java, Reading Comprehension, Speaking, jQuery"
Insurance Claims and Policy Processing Clerks,"Process new insurance policies, modifications to existing policies, and claims forms. Obtain information from policyholders to verify the accuracy and completeness of information on claims forms, applications and related documents, and company records. Update existing policies and company records to reflect changes requested by policyholders and insurance company representatives.","Account management software, Alpha Software Alpha Five, Automated information system software, Billing software, Claim processing system software, Database software, GroupMe, Healthcare common procedure coding system HCPCS, IBM Check Processing Control System CPSC, IBM Lotus Notes, InSystems Calligo Enterprise, Insurance rating software, Medical condition coding software, Medical procedure coding software, MicroFocus GroupWise, Microsoft Access, Microsoft Excel, Microsoft Internet Explorer, Microsoft Office software, Microsoft Outlook, Microsoft PowerPoint, Microsoft Windows, Microsoft Word, Policy issuance system software, Reading Comprehension, St. Paul Travelers e-CARMA, Time Management"
"Mail Clerks and Mail Machine Operators, Except Postal Service","Prepare incoming and outgoing mail for distribution. Time-stamp, open, read, sort, and route incoming mail; and address, seal, stamp, fold, stuff, and affix postage to outgoing mail or packages. Duties may also include keeping necessary records and completed forms.","Adobe Acrobat, Email software, Financial accounting software, Microsoft Access, Microsoft Excel, Microsoft Office software, Microsoft Outlook, Microsoft PowerPoint, Microsoft Windows, Microsoft Word, Postal Explorer, Recordkeeping software, Web browser software"
"Office Clerks, General","Perform duties too varied and diverse to be classified in any specific office clerical occupation, requiring knowledge of office systems and procedures. Clerical duties may be assigned in accordance with the office procedures of individual establishments and may include a combination of answering telephones, bookkeeping, typing or word processing, office machine operation, and filing.","3M Post-it App, ADP Workforce Now, Active Listening, Adobe Acrobat, Adobe InDesign, Alpha Software Alpha Five, Appointment scheduling software, Billing software, Facebook, Google Docs, Google Workspace software, Henry Schein Dentrix, Intuit QuickBooks, MEDITECH software, Microsoft Access, Microsoft Excel, Microsoft Office software, Microsoft Outlook, Microsoft PowerPoint, Microsoft Project, Microsoft SharePoint, Microsoft Windows, Microsoft Word, Oracle PeopleSoft, Reading Comprehension, SAP software, Speaking, Yardi software"
"Office Machine Operators, Except Computer","Operate one or more of a variety of office machines, such as photocopying, photographic, and duplicating machines, or other office machines.","Adobe Acrobat, Adobe Illustrator, Adobe InDesign, Adobe Photoshop, Eko, Microsoft Access, Microsoft Excel, Microsoft Office software, Microsoft Outlook, Microsoft PowerPoint, Microsoft Publisher, Microsoft Windows, Microsoft Word, Multi-line optical character reader OCR software"
Proofreaders and Copy Markers,"Read transcript or proof type setup to detect and mark for correction any grammatical, typographical, or compositional errors. Excludes workers whose primary duty is editing copy. Includes proofreaders of braille.","Adobe Acrobat, Adobe After Effects, Adobe Captivate, Adobe Creative Cloud software, Adobe Dreamweaver, Adobe FrameMaker, Adobe Illustrator, Adobe InCopy, Adobe InDesign, Adobe Photoshop, After the Deadline, Apple Final Cut Pro, Apple iWork Keynote, AutoCrit Editing Wizard, Avid Technology Media Composer, Bugzilla, HubSpot software, Microsoft Access, Microsoft Excel, Microsoft Office software, Microsoft Outlook, Microsoft PowerPoint, Microsoft Visio, Microsoft Word, Reading Comprehension, WordPress, Writing"
Statistical Assistants,Compile and compute data according to statistical formulas for use in statistical studies. May perform actuarial computations and compile charts and graphs for use by actuaries. Includes actuarial clerks.,"A programming language APL, Active Learning, Avidian Technologies Prophet, Benfield ReMetrica, Bentley MicroStation, C#, C++, Complex Problem Solving, Critical Thinking, Google Workspace software, IBM SPSS Statistics, Mathematics, Microsoft Access, Microsoft Active Server Pages ASP, Microsoft Excel, Microsoft Office software, Microsoft Outlook, Microsoft PowerPoint, Microsoft Visual Basic, Microsoft Visual Studio, Microsoft Word, Oracle Java, Oracle PL/SQL, Python, R, Reading Comprehension, SAS, Structured query language SQL, Tableau, The MathWorks MATLAB, Writing"
"Office and Administrative Support Workers, All Other",All office and administrative support workers not listed separately.,
"First-Line Supervisors of Farming, Fishing, and Forestry Workers","Directly supervise and coordinate the activities of agricultural, forestry, aquacultural, and related workers.","Atlassian Confluence, BCS Woodlands Software The Logger Tracker, Cattlesoft CattleMax, Coordination, Critical Thinking, Database software, Employee scheduling software, Landmark Sales LOG-istics, Lion Edge Technologies Ranch Manager, Management of Personnel Resources, Mapping software, Microsoft Excel, Microsoft Office software, Microsoft Outlook, Microsoft PowerPoint, Microsoft Word, Midwest MicroSystems Cow Sense, Monitoring, Payroll software, Reading Comprehension, Sage 50 Accounting, Speaking, Time Management, TradeTec Computer Systems TallyWorks Logs, Valley Agricultural Software DairyCOMP 305, Valley Agricultural Software Feed Watch, Web browser software, Work scheduling software"
Agricultural Inspectors,"Inspect agricultural commodities, processing equipment, and facilities, and fish and logging operations, to ensure compliance with regulations and laws governing health, quality, and safety.","Active Listening, Critical Thinking, Image processing software, Microsoft Access, Microsoft Excel, Microsoft Internet Explorer, Microsoft Office software, Microsoft Outlook, Microsoft PowerPoint, Microsoft Word, Monitoring, Operational databases, Quality Control Analysis, Reading Comprehension, Speaking"
Animal Breeders,"Select and breed animals according to their genealogy, characteristics, and offspring. May require knowledge of artificial insemination techniques and equipment use. May involve keeping records on heats, birth intervals, or pedigree.","Adobe Acrobat, Adobe Creative Cloud software, Adobe Illustrator, Adobe InDesign, Adobe Photoshop, Breedtrak, Email software, KinTraks, Microsoft Access, Microsoft Excel, Microsoft Internet Explorer, Microsoft Office software, Microsoft Outlook, Microsoft SharePoint, Microsoft Windows, Microsoft Word, Questionmark Perception, Respondus, Reudink Software ZooEasy, VSN International GenStat, Winners Programs BirdStud, Winners Programs Uni-Stud"
"Graders and Sorters, Agricultural Products","Grade, sort, or classify unprocessed food and other agricultural products by size, weight, color, or condition.","Microsoft Access, Microsoft Active Server Pages ASP, Microsoft Excel, Microsoft Office software, Microsoft Outlook, Microsoft PowerPoint, Microsoft Word"
Agricultural Equipment Operators,"Drive and control equipment to support agricultural activities such as tilling soil; planting, cultivating, and harvesting crops; feeding and herding livestock; or removing animal waste. May perform tasks such as crop baling or hay bucking. May operate stationary equipment to perform post-harvest tasks such as husking, shelling, threshing, and ginning.","Farm Management Software Hay and Crop Manager, Martens Farms Farm Site Mate, Martens Farms Farm Trac, Microsoft Access, Microsoft Excel, Microsoft PowerPoint, Operation and Control, Operations Monitoring"
"Farmworkers and Laborers, Crop, Nursery, and Greenhouse","Manually plant, cultivate, and harvest vegetables, fruits, nuts, horticultural specialties, and field crops. Use hand tools, such as shovels, trowels, hoes, tampers, pruning hooks, shears, and knives. Duties may include tilling soil and applying fertilizers; transplanting, weeding, thinning, or pruning crops; applying pesticides; or cleaning, grading, sorting, packing, and loading harvested products. May construct trellises, repair fences and farm buildings, or participate in irrigation activities.","BCL Landview Systems WinCrop, Farm Works Software Trac, Global positioning system GPS software, IBM Lotus Notes, Microsoft Excel, Microsoft Office software, Microsoft Outlook, Microsoft PowerPoint, Microsoft Word, Web browser software"
"Farmworkers, Farm, Ranch, and Aquacultural Animals","Attend to live farm, ranch, open range or aquacultural animals that may include cattle, sheep, swine, goats, horses and other equines, poultry, rabbits, finfish, shellfish, and bees. Attend to animals produced for animal products, such as meat, fur, skins, feathers, eggs, milk, and honey. Duties may include feeding, watering, herding, grazing, milking, castrating, branding, de-beaking, weighing, catching, and loading animals. May maintain records on animals; examine animals to detect diseases and injuries; assist in birth deliveries; and administer medications, vaccinations, or insecticides as appropriate. May clean and maintain animal housing areas. Includes workers who shear wool from sheep and collect eggs in hatcheries.","BCL Landview Systems WinCrop, Farm Works Software Trac, Lancaster DHIA PCDART, Microsoft Excel, Microsoft Office software, Microsoft Word, Valley Agricultural Software DairyCOMP 305, Web browser software"
"Agricultural Workers, All Other",All agricultural workers not listed separately.,
Fishing and Hunting Workers,"Hunt, trap, catch, or gather wild animals or aquatic animals and plants. May use nets, traps, or other equipment. May haul catch onto ship or other vessel.","Catchlog Trading Catchlog, DeerDays, Inventory management systems, MaxSea TIMEZERO, MaxSea Time Zero Navigator NOAA, Microsoft Excel, Microsoft Office software, OLRAC Electronic Logbook Software Solution, P-Sea WindPlot, Signet Nobeltec Catch, Strat-Tech Deer Hunting Expert, Trimble MyTopo Terrain Navigator Pro, Winchester Ammunition Ballistics Calculator"
Forest and Conservation Workers,"Under supervision, perform manual labor necessary to develop, maintain, or protect areas such as forests, forested areas, woodlands, wetlands, and rangelands through such activities as raising and transporting seedlings; combating insects, pests, and diseases harmful to plant life; and building structures to control water, erosion, and leaching of soil. Includes forester aides, seedling pullers, tree planters, and gatherers of nontimber forestry products such as pine straw.","Database software, ESRI ArcGIS software, Geographic information system GIS software, Geographic information system GIS systems, IBM Lotus 1-2-3, IBM Lotus Notes, Leica Geosystems ERDAS IMAGINE, Microsoft Access, Microsoft Excel, Microsoft Office software, Microsoft Outlook, Microsoft PowerPoint, Microsoft Project, Microsoft Windows, Microsoft Word"
Fallers,Use axes or chainsaws to fell trees using knowledge of tree characteristics and cutting techniques to control direction of fall and minimize tree damage.,"Assisi Compiler, Assisi Software Assisi Inventory, Assisi Software Assisi Manager, Assisi Software Assisi Resource, BCS Woodlands Software The Logger Tracker, BCS Woodlands Software Woodlands Tracker, ESRI ArcView, Geographic information system GIS systems, Microsoft Excel, Microsoft Office software, Microsoft Outlook, Microsoft PowerPoint, Microsoft Word"
Logging Equipment Operators,"Drive logging tractor or wheeled vehicle equipped with one or more accessories, such as bulldozer blade, frontal shear, grapple, logging arch, cable winches, hoisting rack, or crane boom, to fell tree; to skid, load, unload, or stack logs; or to pull stumps or clear brush. Includes operating stand-alone logging machines, such as log chippers.","BCS Woodlands Systems The Logger Tracker, Microsoft Excel, Microsoft Office software, Microsoft Outlook, Microsoft Word, Operation and Control, Operations Monitoring, SAP software, TradeTec TallyWorks Logs, TradeTec TallyWorks TimeTracker"
Log Graders and Scalers,"Grade logs or estimate the marketable content or value of logs or pulpwood in sorting yards, millpond, log deck, or similar locations. Inspect logs for defects or measure logs to determine volume.","AS/400 Database, Atterbury Consultants SuperACE/FLIPS, Microsoft Access, Microsoft Excel, Microsoft Office software, Microsoft Outlook, Microsoft PowerPoint, Microsoft Windows, Microsoft Word, SAP software"
"Logging Workers, All Other",All logging workers not listed separately.,
First-Line Supervisors of Construction Trades and Extraction Workers,Directly supervise and coordinate activities of construction or extraction workers.,"Active Listening, Adobe Acrobat, Autodesk AutoCAD, Coordination, Critical Thinking, FranklinCovey TabletPlanner, Graphics software, HCSS HeavyJob, Inventory tracking software, Management of Personnel Resources, Mi-Co Mi-Forms, Microsoft Excel, Microsoft NetMeeting, Microsoft Office software, Microsoft Outlook, Microsoft PowerPoint, Microsoft Project, Microsoft Word, Oracle Primavera Enterprise Project Portfolio Management, Oracle Primavera P6 Enterprise Portfolio Project Management, Oracle Primavera Systems, Procore software, Prolog, QuickBase business management software, Sage 300 Construction and Real Estate, Scheduling software, Speaking"
Solar Energy Installation Managers,Direct work crews installing residential or commercial solar photovoltaic or thermal systems.,"Active Listening, Autodesk AutoCAD, Autodesk AutoCAD Civil 3D, Autodesk Revit, Bentley STAAD, Computer aided design and drafting software CADD, Coordination, Cost estimating software, Critical Thinking, Esri ArcGIS, Inventory tracking software, Management of Personnel Resources, Mapping software, Microsoft Excel, Microsoft Office software, Microsoft Outlook, Microsoft PowerPoint, Microsoft Project, Microsoft SharePoint Server, Microsoft Visio, Microsoft Windows, Microsoft Word, Minitab, Monitoring, Oracle Primavera Enterprise Project Portfolio Management, Oracle Primavera Systems, Procore software, Reading Comprehension, SAP software, Salesforce software, Speaking, Time Management, Trimble SketchUp Pro"
Boilermakers,"Construct, assemble, maintain, and repair stationary steam boilers and boiler house auxiliaries. Align structures or plate sections to assemble boiler frame tanks or vats, following blueprints. Work involves use of hand and power tools, plumb bobs, levels, wedges, dogs, or turnbuckles. Assist in testing assembled vessels. Direct cleaning of boilers and boiler furnaces. Inspect and repair boiler fittings, such as safety valves, regulators, automatic-control mechanisms, water columns, and auxiliary machines.","Autodesk AutoCAD, Critical Thinking, Health and safety training software, Microsoft Excel, Microsoft Office software, Microsoft Outlook, Microsoft Windows, Microsoft Word, Operation and Control, Operations Monitoring, SAP software"
Brickmasons and Blockmasons,"Lay and bind building materials, such as brick, structural tile, concrete block, cinder block, glass block, and terra-cotta block, with mortar and other substances, to construct or repair walls, partitions, arches, sewers, and other structures.","CPR Visual Estimator, Construction Management Software ProEst, Daystar iStructural.com, Estimating software, Intuit QuickBooks, Microsoft Excel, Microsoft Office software, Microsoft Windows, RISA Technologies RISA-3D, Tradesman's Software Master Estimator"
Stonemasons,"Build stone structures, such as piers, walls, and abutments. Lay walks, curbstones, or special types of masonry for vats, tanks, and floors.","CPR Visual Estimator, Citrix cloud computing software, Critical Thinking, Gregg Software Gregg Rock-It, Intuit QuickBooks, Microsoft Active Server Pages ASP, Microsoft Excel, Microsoft Office software, Microsoft Word, ProEst Software ProEst Estimating, RISA Technologies RISA-3D, SAP software, Tradesman&apos;s Software Master Estimator, Virtual private networking VPN software"
Carpenters,"Construct, erect, install, or repair structures and fixtures made of wood and comparable materials, such as concrete forms; building frameworks, including partitions, joists, studding, and rafters; and wood stairways, window and door frames, and hardwood floors. May also install cabinets, siding, drywall, and batt or roll insulation. Includes brattice builders who build doors or brattices (ventilation walls or partitions) in underground passageways.","Bosch Punch List, Craftsman CD Estimator, Drawing and drafting software, Estimating software, Intuit QuickBooks, Job costing software, Microsoft Excel, Microsoft Office software, Microsoft Windows, Microsoft Word, Quicken, Renaissance MasterCarpenter, Turtle Creek Software Goldenseal, VirtualBoss, Web browser software, Wilhelm Publishing Threshold"
Carpet Installers,Lay and install carpet from rolls or blocks on floors. Install padding and trim flooring materials.,"Autodesk AutoCAD, Aya Associates Comp-U-Floor, Carpet Dealer Management System CDMS, FIRST Flooring, FloorCOST Estimator for Excel, Flooring Technologies QFloors, Focus Floor Covering Software, Measure Square FloorEstimate Pro, Microsoft Excel, Microsoft Office software, Microsoft Word, Pacific Solutions FloorRight, RFMS Schedule Pro, Textile Management Systems RollMaster, eTakeoff"
"Floor Layers, Except Carpet, Wood, and Hard Tiles","Apply blocks, strips, or sheets of shock-absorbing, sound-deadening, or decorative coverings to floors.","Aya Associates Comp-U-Floor, CPR Software FloorCOST Estimator for Excel, Facebook, Flooring Technologies QFloors, Focus Floor Covering Software, Measure Square FloorEstimate Pro, Microsoft Office software, On Center On-Screen Takeoff, Pacific Solutions FloorRight, Project visualization software, Radio frequency identification RFID software, Textile Management Systems RollMaster, Web browser software"
Floor Sanders and Finishers,"Scrape and sand wooden floors to smooth surfaces using floor scraper and floor sanding machine, and apply coats of finish.","Floor planning software, FloorCOST Estimator for Excel, Flooring Technologies QFloors, Measure Square, Microsoft Excel, Pacific Solutions FloorRight, Vimeo"
Tile and Stone Setters,"Apply hard tile, stone, and comparable materials to walls, floors, ceilings, countertops, and roof decks.","Aya Associates Comp-U-Floor, EasyCAD Iris 2D, Measure Square FloorEstimate Pro, Microsoft Excel, Microsoft Office software, Microsoft Outlook, Microsoft PowerPoint, Microsoft Word, Salesforce software, TileGem"
Cement Masons and Concrete Finishers,"Smooth and finish surfaces of poured concrete, such as floors, walks, sidewalks, roads, or curbs using a variety of hand and power tools. Align forms for sidewalks, curbs, or gutters; patch voids; and use saws to cut expansion joints.","ACT Contractors Forms, ADAPT-Modeler, HIPERPAV, Hard Dollar HD Project Estimating, LogicSphere Firstmix, Maxwell Systems Quest Estimator, National Concrete & Masonry Estimator, Shilstone seeMIX, Sirus GT Construction Accounting, Tradesman's Software Master Estimator"
Terrazzo Workers and Finishers,"Apply a mixture of cement, sand, pigment, or marble chips to floors, stairways, and cabinet fixtures to fashion durable and decorative surfaces.","CPR International GeneralCOST Estimator, CPR Visual Estimator, Construction Management Software ProEst, Intuit QuickBooks, Microsoft Excel, Microsoft Windows, On Center Quick Bid, Sapro Systems Paymee"
Construction Laborers,"Perform tasks involving physical labor at construction sites. May operate hand and power tools of all types: air hammers, earth tampers, cement mixers, small mechanical hoists, surveying and measuring equipment, and a variety of other equipment and instruments. May clean and prepare sites, dig trenches, set braces to support the sides of excavations, erect scaffolding, and clean up rubble, debris, and other waste materials. May assist other craft workers.","Autodesk Revit, Microsoft Excel, Microsoft Office software, Microsoft Outlook, Microsoft Windows, Microsoft Word, Oracle Primavera Enterprise Project Portfolio Management"
"Paving, Surfacing, and Tamping Equipment Operators","Operate equipment used for applying concrete, asphalt, or other materials to road beds, parking lots, or airport runways and taxiways or for tamping gravel, dirt, or other materials. Includes concrete and asphalt paving machine operators, form tampers, tamping machine operators, and stone spreader operators.","Autodesk AutoCAD Civil 3D, Database software, Email software, HCSS HeavyBid, Microsoft Excel, Microsoft Office software, Microsoft Outlook, Operations Monitoring, Time report software, Warehouse management system WMS"
Pile Driver Operators,"Operate pile drivers mounted on skids, barges, crawler treads, or locomotive cranes to drive pilings for retaining walls, bulkheads, and foundations of structures such as buildings, bridges, and piers.","Email software, GRL Engineers Wave Equation Analysis Program GRLWEAP, Global positioning system GPS software, Microsoft Excel, Operation and Control, Operations Monitoring, Pile Dynamics Case Pile Wave Analysis Program CAPWAP, Pile Dynamics Pile Driving Analyzer PDA"
Operating Engineers and Other Construction Equipment Operators,"Operate one or several types of power construction equipment, such as motor graders, bulldozers, scrapers, compressors, pumps, derricks, shovels, tractors, or front-end loaders to excavate, move, and grade earth, erect structures, or pour concrete or other hard surface pavement. May repair and maintain equipment in addition to other duties.","Maintenance record software, Microsoft Excel, Microsoft Office software, Microsoft Outlook, Microsoft Windows, Operation and Control, Work record software"
Drywall and Ceiling Tile Installers,"Apply plasterboard or other wallboard to ceilings or interior walls of buildings. Apply or mount acoustical tiles or blocks, strips, or sheets of shock-absorbing materials to ceilings and walls of buildings to reduce or reflect sound. Materials may be of decorative quality. Includes lathers who fasten wooden, metal, or rockboard lath to walls, ceilings, or partitions of buildings to provide support base for plaster, fireproofing, or acoustical material.","Business management software, Construction Software Center EasyEst, DevWave Estimate Works, Job costing software, Logic Group Scanner Digitizing Software, Microsoft Office software, Microsoft Windows, Microsoft Word, On Center Quick Bid, Turtle Creek Software Goldenseal, Wilhelm Publishing Threshold"
Tapers,Seal joints between plasterboard or other wallboard to prepare wall surface for painting or papering.,"Applied Computer Systems JOBPOWER, Construction Software Center EasyEst, DevWave Estimate Works, Intuit QuickBooks, Microsoft Dynamics, Microsoft Office software, On Center Quick Bid, Turtle Creek Software Goldenseal"
Electricians,"Install, maintain, and repair electrical wiring, equipment, and fixtures. Ensure that work is in accordance with relevant codes. May install or service street lights, intercom systems, or electrical control systems.","AVEVA InTouch HMI, Adobe Acrobat, Autodesk AutoCAD, Construction Master Pro, Craftsman CD Estimator, Database software, Electrosoft FlashWorks, Elite Software E-Coord, Elite Software Inpoint, Elite Software Outpoint, Elite Software Short, Elite Software VDROP, Insight Direct ServiceCEO, Lighting calculation software, Microsoft Excel, Microsoft Office software, Microsoft Outlook, Microsoft Windows, Microsoft Word, One Mile Up Panel Planner, Programmable logic controller PLC software, Repairing, Resolve Systems Service Management, SAP software, Sage 300 Construction and Real Estate, Shafer Service Systems, Troubleshooting"
Glaziers,"Install glass in windows, skylights, store fronts, and display cases, or on surfaces, such as building fronts, interior walls, ceilings, and tabletops.","American Glazing Software AGS WindowPricer, BidMaster, D-CALC FACADE 4000, Microsoft Excel, Microsoft Office software, Microsoft Windows, Work order software"
"Insulation Workers, Floor, Ceiling, and Wall","Line and cover structures with insulating materials. May work with batt, roll, or blown insulation materials.","CMSN FieldPAK, Comput-Ability Mechanical Insulation Key Estimator, Microsoft Excel, Microsoft Office software, Microsoft Outlook, Microsoft Windows, North American Insulation Manufacturers Association NAIMA 3E Plus, Turtle Creek Software Goldenseal"
"Insulation Workers, Mechanical","Apply insulating materials to pipes or ductwork, or other mechanical systems in order to help control and maintain temperature.","CMSN FieldPAK, Comput-Ability Mechanical Insulation Key Estimator, IBM Maximo Asset Management, North American Insulation Manufacturers Association NAIMA 3E Plus, Turtle Creek Software Goldenseal"
"Painters, Construction and Maintenance","Paint walls, equipment, buildings, bridges, and other structural surfaces, using brushes, rollers, and spray guns. May remove old paint to prepare surface prior to painting. May mix colors or oils to obtain desired color or consistency.","Act!, Corel Paint Shop Pro, Corel Painter, Evergreen Technology Eagle Bid Estimating, Evergreen Technology Total Faux, Insight Direct ServiceCEO, Microsoft Excel, Microsoft Office software, Microsoft Windows, Microsoft Word, On Center Quick Bid, Turtle Creek Software Goldenseal"
Paperhangers,"Cover interior walls or ceilings of rooms with decorative wallpaper or fabric, or attach advertising posters on surfaces such as walls and billboards. May remove old materials or prepare surfaces to be papered.","A-Systems JobView, Construction Software Center EasyEst, Corel Painter, Electronic data interchange EDI software, Google Docs, Microsoft Excel, Microsoft Word, On Center Quick Bid, PlanSwift, Turtle Creek Software Goldenseal"
Pipelayers,"Lay pipe for storm or sanitation sewers, drains, and water mains. Perform any combination of the following tasks: grade trenches or culverts, position pipe, or seal joints.","Microsoft Excel, Microsoft Office software"
"Plumbers, Pipefitters, and Steamfitters","Assemble, install, alter, and repair pipelines or pipe systems that carry water, steam, air, or other liquids or gases. May install heating and cooling equipment and mechanical control systems. Includes sprinkler fitters.","AEC Design Group CADPIPE, Atlas Construction Business Forms, Autodesk Building Systems, Bentley Systems AutoPIPE, Bookkeeping software, COADE CAESAR II, Critical Thinking, Database software, Drawing and drafting software, Elite Software DPIPE, Elite Software FIRE, Elite Software HSYM, Elite Software Plumbing CAD, Elite Software Spipe, Elite Software Sprinkler CAD, Email software, Estimating software, FastEST FastPipe, FastEST software, Heat loss calculation software, Horizon Engineering Sigma Plumbing Calculator, Intuit QuickBooks, Microsoft Active Server Pages ASP, Microsoft Excel, Microsoft Office software, Microsoft Word"
Solar Thermal Installers and Technicians,"Install or repair solar energy systems designed to collect, store, and circulate solar-heated water for residential, commercial or industrial use.","1CadCam Unigraphics, Adobe Photoshop, Autodesk AutoCAD, Computer-aided drafting or design software, Cost estimating software, Dassault Systemes CATIA, Dassault Systemes SolidWorks, Installation, Inventory control system software, Microsoft Excel, Microsoft Office software, Microsoft Outlook, Microsoft PowerPoint, Microsoft Visual Basic for Applications VBA, Microsoft Word, National Instruments LabVIEW, Oracle Java, PTC Pro/ENGINEER Wildfire, Salesforce software, Work scheduling software"
Plasterers and Stucco Masons,"Apply interior or exterior plaster, cement, stucco, or similar materials. May also set ornamental plaster.","A-Systems JobView, Autodesk 3ds Max Design, Autodesk Maya, Construction Software Center EasyEst, Corel Paint Shop Pro, Corel Painter, Cost estimating software, Dassault Systemes CATIA, Embedded systems development software, IBM Maximo Asset Management, Linux, Microsoft Excel, Microsoft Office software, Microsoft Word, Oracle Database, Sage Construction Anywhere, Salesforce software, Turtle Creek Software Goldenseal"
Reinforcing Iron and Rebar Workers,"Position and secure steel bars or mesh in concrete forms in order to reinforce concrete. Use a variety of fasteners, rod-bending machines, blowtorches, and hand tools. Includes rod busters.","Application Software SHEAR, Applied Systems Associates aSa Rebar, OTP ArmaCAD, RebarWin"
Roofers,"Cover roofs of structures with shingles, slate, asphalt, aluminum, wood, or related materials. May spray roofs, sidings, and walls with material to bind, seal, insulate, or soundproof sections of structures.","ASR Software LWC-Plus, ASR Software Taper-Plus, ASR Software TopView LE, ASR Software TopView ME, AppliCad Roof Wizard, CADAFIS, Coordination, DigiTools Roof CAD, Energy cost evaluation software, Exele TopView, Humidity and vapor drive calculation software, Insight Direct ServiceCEO, Maintenance record software, Microsoft Excel, Microsoft Office software, Microsoft Windows, Microsoft Word, Roof Pro Estimate Software Roof Pro, RoofLogic, Roofing Calculator, Wintac Pro, Ziatek RoofDraw"
Sheet Metal Workers,"Fabricate, assemble, install, and repair sheet metal products and equipment, such as ducts, control boxes, drainpipes, and furnace casings. Work may involve any of the following: setting up and operating fabricating machines to cut, bend, and straighten sheet metal; shaping metal over anvils, blocks, or forms using hammer; operating soldering and welding equipment to join sheet metal parts; or inspecting, assembling, and smoothing seams and joints of burred surfaces. Includes sheet metal duct installers who install prefabricated sheet metal ducts used for heating, air conditioning, or other purposes.","Applied Production ProFab, Applied Production ProFold, Autodesk AutoCAD, Corte Certo, FCC Software AutoPOL Series, JETCAM Expert, Merry Mechanization SMP/IS, Microsoft Excel, Microsoft Office software, Microsoft Windows, Microsoft Word, PTC Creo Parametric, QuickPen DuctDesigner 3D, Revcad Software Sheet Lightning, Siemens NX, Striker Systems SS-Profile, WiCAM PN4000, XY Soft Sheet Cutting Suite"
Structural Iron and Steel Workers,"Raise, place, and unite iron or steel girders, columns, and other structural members to form completed structures or structural frameworks. May erect metal storage tanks and assemble prefabricated metal buildings.","Coordination, Cost estimating software, Inventory tracking software, Microsoft Outlook, Operation and Control, Operations Monitoring, Project scheduling software, Turtle Creek Software Goldenseal"
Solar Photovoltaic Installers,"Assemble, install, or maintain solar photovoltaic (PV) systems on roofs or other structures in compliance with site assessment and schematics. May include measuring, cutting, assembling, and bolting structural framing and solar modules. May perform minor electrical work such as current checks.","Cost estimating software, Extensible markup language XML, Microsoft Excel, Microsoft Office software, Microsoft Outlook, Microsoft Word, Salesforce software, Work scheduling software"
"Helpers--Brickmasons, Blockmasons, Stonemasons, and Tile and Marble Setters","Help brickmasons, blockmasons, stonemasons, or tile and marble setters by performing duties requiring less skill. Duties include using, supplying, or holding materials or tools, and cleaning work area and equipment.","Autodesk Revit, Aya Associates Comp-U-Floor, CPR Visual Estimator, Computer aided design and drafting CADD software, Construction Management Software ProEst, Daystar iStructural.com, EasyCAD Iris 2D, Intuit QuickBooks, Measure Square FloorEstimate Pro, Microsoft Access, Microsoft Excel, Microsoft Office software, Microsoft PowerPoint, Microsoft SharePoint, Microsoft Visio, Microsoft Word, RISA Technologies RISAMasonry, TileGem, Tradesman's Software Master Estimator"
Helpers--Carpenters,"Help carpenters by performing duties requiring less skill. Duties include using, supplying, or holding materials or tools, and cleaning work area and equipment.","Bosch Punch List, Cost estimating software, Craftsman CD Estimator, Drawing and drafting software, Intuit QuickBooks, Job costing software, Linux, Microsoft Access, Microsoft Excel, Microsoft Office software, Microsoft Outlook, Microsoft PowerPoint, Microsoft SharePoint, Microsoft Windows, Microsoft Word, Oracle Database, Quicken, SAP software, Salesforce software, Turtle Creek Software Goldenseal, UNIX"
Helpers--Electricians,"Help electricians by performing duties requiring less skill. Duties include using, supplying, or holding materials or tools, and cleaning work area and equipment.","Computer-aided drafting or design software, Microsoft Excel, Microsoft Office software, Recordkeeping software, Report generation software"
"Helpers--Painters, Paperhangers, Plasterers, and Stucco Masons","Help painters, paperhangers, plasterers, or stucco masons by performing duties requiring less skill. Duties include using, supplying, or holding materials or tools, and cleaning work area and equipment.","A-Systems JobView, Apple iWork, Construction Software Center EasyEst, Cost estimating software, Evergreen Technology Eagle Bid Estimating, Microsoft Excel, Microsoft Office software, On Center Quick Bid, Sage Construction Anywhere, Turtle Creek Software Goldenseal"
"Helpers--Pipelayers, Plumbers, Pipefitters, and Steamfitters","Help plumbers, pipefitters, steamfitters, or pipelayers by performing duties requiring less skill. Duties include using, supplying, or holding materials or tools, and cleaning work area and equipment.","Microsoft Excel, Microsoft Office software, Microsoft Word"
Helpers--Roofers,"Help roofers by performing duties requiring less skill. Duties include using, supplying, or holding materials or tools, and cleaning work area and equipment.","AppliCad Roof Wizard, DigiTools Roof CAD, Energy cost evaluation software, Exele TopView, Humidity and vapor drive calculation software, Insight Direct ServiceCEO, Maintenance record software, Roof Pro Estimate Software Roof Pro, RoofLogic, Roofing Calculator, Wintac Pro, Ziatek RoofDraw"
"Helpers, Construction Trades, All Other",All construction trades helpers not listed separately.,
Construction and Building Inspectors,"Inspect structures using engineering skills to determine structural soundness and compliance with specifications, building codes, and other regulations. Inspections may be general in nature or may be limited to a specific area, such as electrical systems or plumbing.","Active Listening, Arc Second PocketCAD, Autodesk AutoCAD, Automated permit system software, Critical Thinking, Database software, ESRI ArcView, Email software, Inspection Depot Home Guide System, Intuit QuickBooks, Microsoft Excel, Microsoft Exchange, Microsoft Internet Explorer, Microsoft Office software, Microsoft Outlook, Microsoft PowerPoint, Microsoft Project, Microsoft Word, Mobile building inspection software, Municipal geographic management software, New construction inspection form software, NorthWest Builders Network Plan Analyst, OptaSoft Commercial Building Inspector, Oracle Primavera Enterprise Project Portfolio Management, Oracle Primavera Systems, Quicken, Reading Comprehension, SAP software, Speaking"
Energy Auditors,"Conduct energy audits of buildings, building systems, or process systems. May also conduct investment grade audits of buildings or systems.","ACCA Manual J, Abraxas Energy Consulting Metrix, Active Listening, Adobe Photoshop, Architectural Energy Corporation ENFORMA Building Diagnostics, Autodesk AutoCAD, C++, Critical Thinking, IBM SPSS Statistics, Judgment and Decision Making, Linux, Microsoft .NET Framework, Microsoft Access, Microsoft Excel, Microsoft Office software, Microsoft Outlook, Microsoft PowerPoint, Microsoft SharePoint, Microsoft Visual Basic, Microsoft Word, Python, R, Reading Comprehension, SAP software, SAS, Salesforce software, Speaking, Structured query language SQL, The MathWorks MATLAB, UNIX, Writing"
Elevator and Escalator Installers and Repairers,"Assemble, install, repair, or maintain electric or hydraulic freight or passenger elevators, escalators, or dumbwaiters.","Computerized maintenance management system CMMS, Critical Thinking, Elevator Controls INTERACT, Equipment Maintenance, Installation, Microsoft Excel, Microsoft Outlook, Microsoft Word, Operations Monitoring, Quality Control Analysis, Repairing, Scheduling software, Troubleshooting, Troubleshooting software, WORLD Electronics Freedomware"
Fence Erectors,"Erect and repair fences and fence gates, using hand and power tools.","Autodesk AutoCAD, Cutlist Plus fx, Facebook, Maxwell Systems American Contractor, Microsoft Excel, Software Design Associates Computer Fencing System CFS"
Hazardous Materials Removal Workers,"Identify, remove, pack, transport, or dispose of hazardous materials, including asbestos, lead-based paint, waste oil, fuel, transmission fluid, radioactive materials, or contaminated soil. Specialized training and certification in hazardous materials handling or a confined entry permit are generally required. May operate earth-moving equipment or trucks.","Computerized maintenance management system software CMMS, Critical Thinking, Database software, Inventory management systems, Jenkins CI, Microsoft Excel, Microsoft Office software, Microsoft Outlook, Microsoft PowerPoint, Microsoft Word, Monitoring, SAP software, Xactware Xactimate"
Highway Maintenance Workers,"Maintain highways, municipal and rural roads, airport runways, and rights-of-way. Duties include patching broken or eroded pavement and repairing guard rails, highway markers, and snow fences. May also mow or clear brush from along road, or plow snow from roadway.","Database software, Microsoft Excel, Microsoft Office software, Microsoft Outlook, Microsoft PowerPoint, Microsoft Word, Operation and Control, Operations Monitoring, Web browser software"
Rail-Track Laying and Maintenance Equipment Operators,"Lay, repair, and maintain track for standard or narrow-gauge railroad equipment used in regular railroad service or in plant yards, quarries, sand and gravel pits, and mines. Includes ballast cleaning machine operators and railroad bed tamping machine operators.","Microsoft Excel, Microsoft Office software, Operation and Control, Operations Monitoring, Timekeeping software"
Septic Tank Servicers and Sewer Pipe Cleaners,"Clean and repair septic tanks, sewer lines, or drains. May patch walls and partitions of tank, replace damaged drain tile, or repair breaks in underground piping.","Intuit QuickBooks, Microsoft Excel, Microsoft Word, Operation and Control, Operations Monitoring, Route mapping software, Web browser software, Work scheduling software"
Segmental Pavers,"Lay out, cut, and place segmental paving units. Includes installers of bedding and restraining materials for the paving units.","Active Listening, Database software, Decorative Software Online Visualizers, Depiction Software Deco-Con, Depiction Software Deco-Con Estimator, Depiction Software Hardscape Imaging, Microsoft Excel, Microsoft Office software, Microsoft PowerPoint, Microsoft Word, Speaking, UNI-GROUP Lockpave Pro, Web browser software"
"Construction and Related Workers, All Other",All construction and related workers not listed separately.,
Weatherization Installers and Technicians,"Perform a variety of activities to weatherize homes and make them more energy efficient. Duties include repairing windows, insulating ducts, and performing heating, ventilating, and air-conditioning (HVAC) work. May perform energy audits and advise clients on energy conservation measures.","Database software, Energy auditing software, Energy use ratings databases, Microsoft Access, Microsoft Excel, Microsoft Office software, Microsoft Outlook, Microsoft PowerPoint, Microsoft Project, Microsoft Windows, Microsoft Word, SAP software, Salesforce.com Salesforce CRM, Web browser software, Work scheduling software"
"Derrick Operators, Oil and Gas",Rig derrick equipment and operate pumps to circulate mud or fluid through drill hole.,"Critical Thinking, Microsoft Excel, Microsoft Outlook, Microsoft Word, Operation and Control, Operations Monitoring"
"Rotary Drill Operators, Oil and Gas","Set up or operate a variety of drills to remove underground oil and gas, or remove core samples for testing during oil and gas exploration.","CAPSHER Technology SureTec, Critical Thinking, Drillingsoftware DrillPro, Drillingsoftware Tubular Database, Microsoft Excel, Microsoft Office software, Microsoft Word, Monitoring, Operation and Control, Operations Monitoring, Pason WellView Field Solution, Python, SAP software, Salesforce software, Schlumberger Petrel E&P, Structure query language SQL"
"Service Unit Operators, Oil and Gas","Operate equipment to increase oil flow from producing wells or to remove stuck pipe, casing, tools, or other obstructions from drilling wells. Includes fishing-tool technicians.","Computerized maintenance management system CMMS, Critical Thinking, Data logger software, Inventory tracking software, Microsoft Excel, Microsoft Office software, Microsoft PowerPoint, Microsoft SharePoint, Microsoft Word, Monitoring, Operation and Control, Operations Monitoring, SAP software, Supervisory control and data acquisition SCADA software, Time and attendance software"
"Excavating and Loading Machine and Dragline Operators, Surface Mining","Operate or tend machinery at surface mining site, equipped with scoops, shovels, or buckets to excavate and load loose materials.","Email software, Google Gmail, Machine control systems, Machine monitoring software, Microsoft Excel, Microsoft Office software, Microsoft Outlook, Microsoft PowerPoint, Microsoft Windows, Microsoft Word, Operation and Control, Operations Monitoring"
"Earth Drillers, Except Oil and Gas","Operate a variety of drills such as rotary, churn, and pneumatic to tap subsurface water and salt deposits, to remove core samples during mineral exploration or soil testing, and to facilitate the use of explosives in mining or construction. Includes horizontal and earth boring machine operators.","Global positioning system GPS software, Microsoft Excel, Microsoft Office software, Microsoft Word, Operation and Control, Operations Monitoring"
"Explosives Workers, Ordnance Handling Experts, and Blasters","Place and detonate explosives to demolish structures or to loosen, remove, or displace earth, rock, or other materials. May perform specialized handling, storage, and accounting procedures.","Active Listening, Autodesk AutoCAD, Blaster's Tool and Supply Company Blaster's Calculator, Critical Thinking, Datavis DBS Designer, DetNet ViewShot, ESRI ArcGIS software, Global positioning system GPS software, Judgment and Decision Making, Microsoft Excel, Microsoft Office software, Microsoft Outlook, Microsoft PowerPoint, Microsoft Word, Monitoring, Operation and Control, Operations Monitoring"
Continuous Mining Machine Operators,"Operate self-propelled mining machines that rip coal, metal and nonmetal ores, rock, stone, or sand from the mine face and load it onto conveyors, shuttle cars, or trucks in a continuous operation.","Fleet monitoring system software, Hitachi ZXLink, Leica Geosystems FMS, Microsoft Excel, Microsoft Office software, Microsoft PowerPoint, Microsoft Word, Minitab, Operation and Control, Operations Monitoring"
"Roof Bolters, Mining",Operate machinery to install roof support bolts in underground mine.,"Caterpillar Cat MineStar System, Caterpillar Command, Operation and Control"
"Loading and Moving Machine Operators, Underground Mining","Operate underground loading or moving machine to load or move coal, ore, or rock using shuttle or mine car or conveyors. Equipment may include power shovels, hoisting engines equipped with cable-drawn scraper or scoop, or machines equipped with gathering arms and conveyor.","Automated systems software, Inventory management systems, Maintenance management software, Microsoft Excel, Microsoft Outlook, Microsoft PowerPoint, Microsoft Windows, Mine maintenance software, Work time accounting software"
"Underground Mining Machine Operators, All Other",All underground mining machine operators not listed separately.,
"Rock Splitters, Quarry","Separate blocks of rough dimension stone from quarry mass using jackhammers, wedges, or chop saws.","Apache HTTP Server, Autodesk AutoCAD, Facebook, Maintenance reporting software, Microsoft Excel, Microsoft Office software, Microsoft PowerPoint, Microsoft Project, Microsoft Word, Minitab, SAP software, Time reporting software"
"Roustabouts, Oil and Gas",Assemble or repair oil field equipment using hand and power tools. Perform other tasks as needed.,"Database management systems, Enertia, Inventory management systems, Maintenance record software, Maintenance software, Microsoft Access, Microsoft Excel, Microsoft Office software, Microsoft Outlook, Microsoft PowerPoint, Microsoft Windows, Microsoft Windows XP, Microsoft Word, Purchasing software, SAP software, Telephony software, Token Ring"
Helpers--Extraction Workers,"Help extraction craft workers, such as earth drillers, blasters and explosives workers, derrick operators, and mining machine operators, by performing duties requiring less skill. Duties include supplying equipment or cleaning work area.","Equipment Maintenance, Google Docs, Microsoft Excel, Microsoft Office software, Microsoft Outlook, Microsoft Word, Monitoring, Operation and Control, Operations Monitoring"
"Extraction Workers, All Other",All extraction workers not listed separately.,
"First-Line Supervisors of Mechanics, Installers, and Repairers","Directly supervise and coordinate the activities of mechanics, installers, and repairers. May also advise customers on recommended services. Excludes team or work leaders.","Active Listening, Autodesk AutoCAD, Automated inventory software, ComputerEase construction accounting software, Computerized maintenance management system CMMS, Coordination, Cost accounting software, Critical Thinking, Database software, Email software, HCSS HeavyBid, HCSS HeavyJob, IBM Domino, IBM Notes, Infor ERP SyteLine, Judgment and Decision Making, Maintenance management software, Management of Personnel Resources, Microsoft Access, Microsoft Excel, Microsoft Office software, Microsoft Outlook, Microsoft PowerPoint, Microsoft Project, Microsoft SharePoint, Microsoft Windows, Microsoft Word, Monitoring, Oracle Primavera Enterprise Project Portfolio Management, Quality Control Analysis, Reading Comprehension, SAP software, Speaking, Time Management, Yardi software"
"Computer, Automated Teller, and Office Machine Repairers","Repair, maintain, or install computers, word processing systems, automated teller machines, and electronic office machines, such as duplicating and fax machines.","Active Listening, Adobe Acrobat, Call tracking software, Cisco Systems VPN Client, Critical Thinking, Database software, Debugging software, Email software, Extensible markup language XML, Extensible stylesheet language XSL, Hypertext markup language HTML, IBM Notes, IBM WebSphere, JavaScript, Linux, Microsoft Access, Microsoft Active Directory, Microsoft Active Server Pages ASP, Microsoft Excel, Microsoft Office software, Microsoft Outlook, Microsoft PowerPoint, Microsoft Windows, Microsoft Word, Repairing, ServiceNow, Structured query language SQL, UNIX"
"Radio, Cellular, and Tower Equipment Installers and Repairers","Repair, install, or maintain mobile or stationary radio transmitting, broadcasting, and receiving equipment, and two-way radio communications systems used in cellular telecommunications, mobile broadband, ship-to-shore, aircraft-to-ground communications, and radio equipment in service and emergency vehicles. May test and analyze network coverage.","AERONET calculator, Backbone.js, Caliper Maptitude, Computerized maintenance management system CMMS, Location mapping software, Maintenance documentation software, Microsoft Excel, Microsoft Office software, Microsoft Outlook, Microsoft PowerPoint, Microsoft Project, Microsoft Windows, Microsoft Word, Repairing, Sweep analysis software, Zoho WebNMS Cell Tower Manager"
"Telecommunications Equipment Installers and Repairers, Except Line Installers","Install, set up, rearrange, or remove switching, distribution, routing, and dialing equipment used in central offices or headends. Service or repair telephone, cable television, Internet, and other communications equipment on customers' property. May install communications equipment or communications wiring in buildings.","Active Listening, Apache Struts, Autodesk AutoCAD, Cisco IOS, Critical Thinking, Equipment Maintenance, Firewall software, Fluke ClearSight Analyzer, Fluke Networks Fluke TechEXPERT, Fluke Networks TechAdvisor Field Access System, Geographic information system GIS systems, IBM Domino, Microsoft Excel, Microsoft Office software, Microsoft Outlook, Microsoft PowerPoint, Microsoft Word, Operations Monitoring, Quality Control Analysis, Repairing, Supervisory control and data acquisition SCADA software, Troubleshooting, Voice over internet protocol VoIP system software"
Avionics Technicians,"Install, inspect, test, adjust, or repair avionics equipment, such as radar, radio, navigation, and missile control systems in aircraft or space vehicles.","Apache HTTP Server, Autodesk AutoCAD, Avionics system testing software, C++, Complex Problem Solving, Computer diagnostic software, Critical Thinking, Dassault Systemes CATIA, Equipment Maintenance, Linux, Maintenance record software, Microsoft Excel, Microsoft Office software, Microsoft Outlook, Microsoft PowerPoint, Microsoft Word, Operations Monitoring, Oracle Java, Quality Control Analysis, Repairing, SAP software, Software development tools, Technical Data Management System TDMS, Troubleshooting, UNIX, Workday software"
"Electric Motor, Power Tool, and Related Repairers","Repair, maintain, or install electric motors, wiring, or switches.","Autodesk AutoCAD, Commutator profiling software, Complex Problem Solving, Computerized maintenance management system CMMS, Critical Thinking, Equipment Maintenance, Equipment Selection, Microsoft Access, Microsoft Excel, Microsoft Office software, Microsoft Outlook, Microsoft PowerPoint, Microsoft Word, Motor testing software, Operations Monitoring, Python, Quality Control Analysis, Repairing, SAP software, Troubleshooting"
"Electrical and Electronics Installers and Repairers, Transportation Equipment","Install, adjust, or maintain mobile electronics communication equipment, including sound, sonar, security, navigation, and surveillance systems on trains, watercraft, or other mobile equipment.","Adobe Acrobat, Adobe Creative Cloud software, Adobe Illustrator, Adobe InDesign, Adobe Photoshop, Autodesk AutoCAD, Autodesk Revit, Critical Thinking, Fluke Corporation FlukeView Forms, IBM Lotus 1-2-3, IBM Lotus Notes, Linux, Megger PowerDB, Microsoft Excel, Microsoft Office software, Microsoft Outlook, Microsoft PowerPoint, Microsoft Word, Trimble SketchUp Pro"
"Electrical and Electronics Repairers, Commercial and Industrial Equipment","Repair, test, adjust, or install electronic equipment, such as industrial controls, transmitters, and antennas.","Autodesk AutoCAD, Circuit evaluation software, Computerized maintenance management system CMMS, Critical Thinking, Database software, Email software, Equipment Maintenance, Maintenance management software, Microsoft Excel, Microsoft Office software, Microsoft Windows, Microsoft Word, Operations Monitoring, Programmable logic controller PLC software, Quality Control Analysis, Repairing, Rockwell RSLogix, SAP Maintenance, Troubleshooting"
"Electrical and Electronics Repairers, Powerhouse, Substation, and Relay","Inspect, test, repair, or maintain electrical equipment in generating stations, substations, and in-service relays.","Autodesk AutoCAD, Critical Thinking, Equipment Maintenance, Fluke Corporation FlukeView Forms, Megger PowerDB, Microsoft Excel, Microsoft Office software, Microsoft Outlook, Microsoft Windows, Microsoft Word, OMICRON Test Universe, Repairing, Supervisory control and data acquisition SCADA software, Troubleshooting, Web browser software"
"Electronic Equipment Installers and Repairers, Motor Vehicles","Install, diagnose, or repair communications, sound, security, or navigation equipment in motor vehicles.","Critical Thinking, Harris Tech X.over Pro, Harris Technologies BassBox, Installalogy Access Client, LinearTeam WinISD, Microsoft Excel, Microsoft Internet Explorer, Microsoft Office software, Microsoft PowerPoint, Microsoft Word, MobileToys MAIDXL, Operations Monitoring, Repairing, Troubleshooting, True Audio WinSpeakerz, WHE Term-PAK"
Audiovisual Equipment Installers and Repairers,"Install, repair, or adjust audio or television receivers, stereo systems, camcorders, video systems, or other electronic entertainment equipment in homes or other venues. May perform routine maintenance.","Audio calibration software, Global positioning system GPS software, Microsoft Excel, Microsoft Office software, Microsoft Word, Quality Control Analysis, Repairing, Troubleshooting"
Security and Fire Alarm Systems Installers,"Install, program, maintain, and repair security and fire alarm wiring and equipment. Ensure that work is in accordance with relevant codes.","Autodesk AutoCAD, Exacq Technologies software, Microsoft Excel, Microsoft Hyperterminal, Microsoft Office software, Microsoft Outlook, Microsoft PowerPoint, Microsoft Windows, Microsoft Word, Traceroute"
Aircraft Mechanics and Service Technicians,"Diagnose, adjust, repair, or overhaul aircraft engines and assemblies, such as hydraulic and pneumatic systems.","Access Software AIRPAX, Active Listening, CaseBank SpotLight, Complex Problem Solving, Computerized aircraft log manager CALM, Critical Thinking, DatcoMedia EBis, Disassembler software, Engine analysis software, Equipment Maintenance, Judgment and Decision Making, Maintenance information databases, Maintenance planning software, Maintenance record software, Microsoft Excel, Microsoft Office software, Microsoft Outlook, Microsoft PowerPoint, Microsoft Windows, Microsoft Word, Monitoring, Mxi Technologies Maintenix, Operation and Control, Operational Data Store ODS software, Operations Monitoring, Pentagon 2000SQL, Quality Control Analysis, Reading Comprehension, Repairing, SAP software, Supply system software, Technical Data Management System TDMS, Technical manual database software, Tracware AeroTrac, Troubleshooting, Web browser software"
Automotive Body and Related Repairers,Repair and refinish automotive vehicle bodies and straighten vehicle frames.,"Accounts receivable software, Appointment scheduling software, AutoZone ALLDATA, Automotive and Accounting Software by R*KOM Invoice Writer, Collision damage estimation software, Collision damage measurement software, Equipment management information software, Materials management software, Microsoft Excel, Microsoft Office software, Microsoft OneNote, Microsoft Outlook, Microsoft Windows, Microsoft Word, Paint mixing and matching software, Swan River Estimiser Pro"
Automotive Glass Installers and Repairers,Replace or repair broken windshields and window glass in motor vehicles.,"Estimating software, Microsoft Windows, Recordkeeping software, Workday software"
Automotive Service Technicians and Mechanics,"Diagnose, adjust, repair, or overhaul automotive vehicles.","Alliance Automotive Shop Controller, Amcom AUTOS2000, Apple Safari, AutoZone ALLDATA, Blue Streak Electronics Buell Diagnostic, CODA Engine Analysis System, Critical Thinking, Database software, Estimating software, Genisys Fast Fixes, Hunter WinAlign, IBM Notes, Mainsaver Asset Management, Microsoft Edge, Microsoft Excel, Microsoft Office software, Microsoft Outlook, Microsoft Windows, Microsoft Word, Mitchell Manager Invoicing System, Mitchell OnDemand5 Manager, Mozilla Firefox, Nexiq Tech HDS Suite for Palm, Online service manual database software, Operations Monitoring, Recordkeeping software, Repairing, SAP software, Troubleshooting"
Bus and Truck Mechanics and Diesel Engine Specialists,"Diagnose, adjust, repair, or overhaul buses and trucks, or maintain and repair any type of diesel engines. Includes mechanics working primarily with automobile or marine diesel engines.","Autodesk AutoCAD, Computerized maintenance management system software CMMS, Cummins INSITE, Dassault Systemes CATIA, Dassault Systemes SolidWorks, Database software, Engine diagnostic software, Fleet management software, Inventory tracking software, Microsoft Excel, Microsoft Office software, Microsoft Word, Operations Monitoring, Repairing, SAP software, Scheduling software, Shop management software, Troubleshooting"
Farm Equipment Mechanics and Service Technicians,"Diagnose, adjust, repair, or overhaul farm machinery and vehicles, such as tractors, harvesters, dairy equipment, and irrigation systems.","Computerized maintenance management system CMMS, Critical Thinking, Equipment Maintenance, FarmLogic FarmPAD, Microsoft Excel, Microsoft Office software, Microsoft Outlook, Microsoft Word, Operation and Control, Repairing, ServiceMax, Troubleshooting, Web browser software"
"Mobile Heavy Equipment Mechanics, Except Engines","Diagnose, adjust, repair, or overhaul mobile mechanical, hydraulic, and pneumatic equipment, such as cranes, bulldozers, graders, and conveyors, used in construction, logging, and mining.","Database software, Equipment Maintenance, Fleet management software, Maintenance management software, Microsoft Excel, Microsoft Office software, Microsoft Outlook, Microsoft Word, Operation and Control, Operations Monitoring, Recordkeeping software, Repairing, Troubleshooting"
Rail Car Repairers,"Diagnose, adjust, repair, or overhaul railroad rolling stock, mine cars, or mass transit rail cars.","Adobe Acrobat, Disassembler software, Equipment Maintenance, Microsoft Excel, Microsoft Internet Explorer, Microsoft Office software, Microsoft Outlook, Microsoft PowerPoint, Microsoft Windows, Microsoft Word, Mozilla Firefox, RailTech Software Solutions Rail 21 Management System, RailTech Software Systems Mars for the 21st Century, Repairing, Troubleshooting, WheelShop Automation.com Wheel Shop Management Suite"
Motorboat Mechanics and Service Technicians,Repair and adjust electrical and mechanical equipment of inboard or inboard-outboard boat engines.,"CDI Electronics M.E.D.S., Engine diagnostic scanners, Equipment Maintenance, Facebook, Inventory tracking software, Microsoft Excel, Microsoft Office software, Microsoft PowerPoint, Microsoft Word, Operation and Control, Operations Monitoring, Outboard engine diagnostic software, Repairing, Rinda Technologies DIACOM Marine, Troubleshooting"
Motorcycle Mechanics,"Diagnose, adjust, repair, or overhaul motorcycles, scooters, mopeds, dirt bikes, or similar motorized vehicles.","AbbottSoft QuickFix, Apple iOS, DealerTrax ShopOrder, Equipment Maintenance, Facebook, Inventory tracking software, LightSpeed Cloud, Microsoft Excel, Microsoft Office software, Microsoft Word, Repairing, Santa Maria Software Counterman Pro, TRACKUM Repair Manager, Troubleshooting"
Outdoor Power Equipment and Other Small Engine Mechanics,"Diagnose, adjust, repair, or overhaul small engines used to power lawn mowers, chain saws, recreational sporting equipment, and related equipment.","Equipment Maintenance, Ideal Computer Systems Ideal OPE, Land & Sea DYNO-MAX, Microsoft Excel, Microsoft Office software, RepairTRAX, Repairing, Sale processing software, Smart Equipment Repair, Troubleshooting, VersaDyne small engine test system, Web browser software"
Bicycle Repairers,Repair and service bicycles.,"Active Listening, Critical Thinking, LightSpeed Cloud, Microsoft Excel, Microsoft Outlook, Microsoft Word, Pedal Powered Software Bicycle Repair Man, RepairTRAX, Repairing, Troubleshooting, Upland Consulting Group Repair Traq, Web browser software"
Recreational Vehicle Service Technicians,"Diagnose, inspect, adjust, repair, or overhaul recreational vehicles including travel trailers. May specialize in maintaining gas, electrical, hydraulic, plumbing, or chassis/towing systems as well as repairing generators, appliances, and interior components. Includes workers who perform customized van conversions.","Email software, Facebook, Inventory tracking software, Microsoft Excel, Microsoft Office software, Microsoft Word, RV Damage Repair Estimator, Repairing, Summit Ordering Systems RvInvoiceWriter, Topline Software Solutions Topline Service Manager, Troubleshooting"
Tire Repairers and Changers,Repair and replace tires.,"Microsoft Excel, Microsoft Outlook, Microsoft Word, Project estimation software, Recordkeeping software"
Mechanical Door Repairers,"Install, service, or repair automatic door mechanisms and hydraulic doors. Includes garage door mechanics.","Critical Thinking, Facebook, Microsoft Excel, Microsoft Office software, Microsoft Outlook, Microsoft PowerPoint, Microsoft Windows, Route mapping software, Web browser software, Work order software"
"Control and Valve Installers and Repairers, Except Mechanical Door","Install, repair, and maintain mechanical regulating and controlling devices, such as electric meters, gas regulators, thermostats, safety and flow valves, and other mechanical governors.","Autodesk AutoCAD, Emerson FIRSTVUE Value Sizing, Graphical user interface GUI design software, IBM Maximo Asset Management, Ladder Logic, Maintenance record software, Microsoft Access, Microsoft Excel, Microsoft Office software, Microsoft Outlook, Microsoft PowerPoint, Microsoft SharePoint, Microsoft Visio, Microsoft Windows, Microsoft Word, Oracle Primavera Enterprise Project Portfolio Management, Programmable logic controller PLC software, SAP software, Structured query language SQL, Supervisory control and data acquisition SCADA software, Wonderware software"
"Heating, Air Conditioning, and Refrigeration Mechanics and Installers","Install or repair heating, central air conditioning, HVAC, or refrigeration systems, including oil burners, hot-air furnaces, and heating stoves.","Adobe Acrobat, Alerton Ascent Compass, Atlas Construction Business Forms, Autodesk AutoCAD, Building automation software, Computerized maintenance management system CMMS, Contact management systems, Critical Thinking, Cworks CMMS, Data logging software, Database software, Delta Controls inteliWEB, Facility energy management software, Graphics software, HVAC tools software, Honeywell WEBs-N4, IBM Maximo Asset Management, IBM Notes, Johnson Controls Metasys, ManagerPlus, Microsoft Excel, Microsoft Office software, Microsoft Outlook, Microsoft PowerPoint, Microsoft Word, Operations Monitoring, SAP software, Troubleshooting"
Home Appliance Repairers,"Repair, adjust, or install all types of electric or gas household appliances, such as refrigerators, washers, dryers, and ovens.","Critical Thinking, Equipment Maintenance, Intac International Wintac, Microsoft Excel, Microsoft Office software, Microsoft Outlook, Microsoft Windows, Microsoft Word, Operations Monitoring, Parts database software, Quality Control Analysis, RazorSync, Repairing, Route mapping software, ServiceMax, Speaking, Troubleshooting, Web browser software, dESCO ESC"
Industrial Machinery Mechanics,"Repair, install, adjust, or maintain industrial production and processing machinery or refinery and pipeline distribution systems. May also install, dismantle, or move machinery and heavy equipment according to plans.","BIT Corp ProMACS PLC, Critical Thinking, Equipment Maintenance, Extranet Machine Tools Suite, Inventory tracking software, KEYENCE PLC Ladder Logic, Maintenance management software, Maintenance planning and control software, Microsoft Excel, Microsoft Office software, Microsoft Outlook, Microsoft PowerPoint, Microsoft Word, Operation and Control, Operations Monitoring, Programmable logic controller PLC software, Quality Control Analysis, Repairing, SAP software, Supervisory control and data acquisition SCADA software, Troubleshooting, Web browser software"
"Maintenance Workers, Machinery","Lubricate machinery, change parts, or perform other routine machinery maintenance.","Computerized maintenance management system software CMMS, Database software, Equipment Maintenance, Management information systems MIS, Microsoft Excel, Microsoft Office software, Microsoft Outlook, Microsoft PowerPoint, Microsoft Word, Operation and Control, Operations Monitoring, Repairing, SAP software, Scheduling software, Troubleshooting, Web browser software"
Millwrights,"Install, dismantle, or move machinery and heavy equipment according to layout plans, blueprints, or other drawings.","Autodesk AutoCAD, Critical Thinking, Dassault Systemes SolidWorks, Equipment Maintenance, Installation, Microsoft Excel, Microsoft Office software, Microsoft Outlook, Microsoft Word, Operations Monitoring, Repairing, SAP software, Troubleshooting"
"Refractory Materials Repairers, Except Brickmasons","Build or repair equipment such as furnaces, kilns, cupolas, boilers, converters, ladles, soaking pits, and ovens, using refractory materials.","Maintenance management software, Microsoft Access, Microsoft Excel, Microsoft Outlook, Microsoft PowerPoint, Microsoft Word, Time tracking software"
Electrical Power-Line Installers and Repairers,Install or repair cables or wires used in electrical power or distribution systems. May erect poles and light or heavy duty transmission towers.,"Bentley MicroStation, Computer aided design and drafting CADD software, Email software, Geographic information system GIS systems, Global positioning system GPS software, Microsoft Excel, Microsoft Office software, Microsoft Outlook, Microsoft Word, Zoom"
Telecommunications Line Installers and Repairers,"Install and repair telecommunications cable, including fiber optics.","Autodesk AutoCAD, Cisco IOS, Email software, Mapcom systems M4, Microsoft Excel, Microsoft Office software, Microsoft Outlook, Microsoft Word, Ping tools, Slack, Voice over internet protocol VoIP system software, Web browser software, Workforce management system software"
Camera and Photographic Equipment Repairers,"Repair and adjust cameras and photographic equipment, including commercial video and motion picture camera equipment.","Critical Thinking, Email software, Microsoft Excel, Microsoft Office software, Microsoft Word, RepairTRAX, Repairing, Statistical process control SPC software, Troubleshooting"
Medical Equipment Repairers,"Test, adjust, or repair biomedical or electromedical equipment.","Computerized maintenance management system CMMS, Equipment Maintenance, FaceTime, Inventory control system software, Medical equipment diagnostic software, Microsoft Excel, Microsoft Office software, Microsoft Outlook, Microsoft PowerPoint, Microsoft Word, Operations Monitoring, Repairing, SAP software, Salesforce software, Troubleshooting, Web browser software"
Musical Instrument Repairers and Tuners,"Repair percussion, stringed, reed, or wind instruments. May specialize in one area, such as piano tuning.","Critical Thinking, Katsura Shareware KS Strobe Tuner, Katsura Shareware ProLevel, Katsura Shareware SoundFrames, Mensurix Audio, Quality Control Analysis, Repairing, Reyburn CyberTuner, TonalEnergy Tuner & Metronome, Troubleshooting, Tunable Instrument Tuner, TuneLab, Tunic OnlyPure, Veritune Verituner"
Watch and Clock Repairers,"Repair, clean, and adjust mechanisms of timing instruments, such as watches and clocks. Includes watchmakers, watch technicians, and mechanical timepiece repairers.","GrenSoft WorkTracer, IBM Lotus Notes, Intuit QuickBooks, Microsoft Excel, Microsoft Office software, Microsoft Word, Repairing, SAP software, Sage Software Sage50, Upland Consulting Group Repair Traq, WatchWare Repair Shop"
"Precision Instrument and Equipment Repairers, All Other",All precision instrument and equipment repairers not listed separately.,
"Maintenance and Repair Workers, General","Perform work involving the skills of two or more maintenance or craft occupations to keep machines, mechanical equipment, or the structure of a building in repair. Duties may involve pipe fitting; HVAC maintenance; insulating; welding; machining; carpentry; repairing electrical or mechanical equipment; installing, aligning, and balancing new equipment; and repairing buildings, floors, or stairs.","Apple macOS, Autodesk AutoCAD, Computer aided design and drafting software CADD, Computerized maintenance management system CMMS, Computerized time management systems, Dassault Systemes CATIA, Data entry software, Database software, Digital direct control DDC energy management software, Dropbox, Eko, Equipment Maintenance, FaceTime, Facebook, Google Docs, Linux, Microsoft Excel, Microsoft Office software, Microsoft Outlook, Microsoft PowerPoint, Microsoft Project, Microsoft Windows, Microsoft Word, Oracle Primavera Enterprise Project Portfolio Management, Repairing, SAP software, Troubleshooting, Yardi software"
Wind Turbine Service Technicians,"Inspect, diagnose, adjust, or repair wind turbines. Perform maintenance on wind turbine equipment including resolving electrical, mechanical, and hydraulic malfunctions.","Computerized diagnostic software, Computerized maintenance management system CMMS, Critical Thinking, Equipment Maintenance, IBM Maximo Asset Management, Industrial control systems software, Microsoft Access, Microsoft Excel, Microsoft Office software, Microsoft Outlook, Microsoft PowerPoint, Microsoft Project, Microsoft Word, Operations Monitoring, Programmable logic controller PLC software, Repairing, SAP software, Structured query language SQL, Supervisory control and data acquisition SCADA software, Troubleshooting, Vestas Wind Systems A/S Vestas Remote Panel, Web browser software"
"Coin, Vending, and Amusement Machine Servicers and Repairers","Install, service, adjust, or repair coin, vending, or amusement machines including video games, juke boxes, pinball machines, or slot machines.","Email software, Inventory tracking software, Microsoft Excel, Microsoft Outlook, Microsoft PowerPoint, Microsoft Word, Repairing, Web browser software"
Commercial Divers,"Work below surface of water, using surface-supplied air or scuba equipment to inspect, repair, remove, or install equipment and structures. May use a variety of power and hand tools, such as drills, sledgehammers, torches, and welding equipment. May conduct tests or experiments, rig explosives, or photograph structures or marine life.","Active Listening, Critical Thinking, Diving logbook software, Diving table software, Dynamic positioning DP software, Operations Monitoring, Quality Control Analysis, Remote operated vehicle ROV dive log software, Speaking, Web browser software"
Locksmiths and Safe Repairers,"Repair and open locks, make keys, change locks and safe combinations, and install and repair safes.","Intuit QuickBooks, Inventory tracking software, Mapping software, Marathon Data Systems ServiceCEO, Microsoft Excel, Microsoft Office software, Microsoft Outlook, Microsoft PowerPoint, Microsoft Word, Repairing, Scheduling software, WH Software InstaCode, WH Software MasterKey, dESCO ESC"
Manufactured Building and Mobile Home Installers,Move or install mobile homes or prefabricated buildings.,"Coordination, Critical Thinking, Email software, Judgment and Decision Making, Microsoft Excel, Monitoring, Operation and Control, Operations Monitoring, Quality Control Analysis, Web browser software"
Riggers,"Set up or repair rigging for construction projects, manufacturing plants, logging yards, ships and shipyards, or for the entertainment industry.","Autodesk AutoCAD, Autodesk Maya, Microsoft Excel, Microsoft Outlook, Microsoft Word"
Signal and Track Switch Repairers,"Install, inspect, test, maintain, or repair electric gate crossings, signals, signal equipment, track switches, section lines, or intercommunications systems within a railroad system.","Critical Thinking, Equipment Maintenance, Equipment Selection, Maintenance management software, Microsoft Excel, Microsoft Office software, Microsoft Outlook, Microsoft PowerPoint, Microsoft Word, Operations Monitoring, Quality Control Analysis, Repairing, Supervisory control and data acquisition SCADA software, Troubleshooting, Web browser software"
"Helpers--Installation, Maintenance, and Repair Workers","Help installation, maintenance, and repair workers in maintenance, parts replacement, and repair of vehicles, industrial machinery, and electrical and electronic equipment. Perform duties such as furnishing tools, materials, and supplies to other workers; cleaning work area, machines, and tools; and holding materials or tools for other workers.","Atlas Construction Business Forms, Building automation software, Data logging software, Facility energy management software, HVAC tools software, Microsoft Excel, Microsoft Office software, Microsoft Outlook, Microsoft PowerPoint, Microsoft Windows, Microsoft Word, SAP software"
"Installation, Maintenance, and Repair Workers, All Other","All installation, maintenance, and repair workers not listed separately.",
Geothermal Technicians,"Perform technical activities at power plants or individual installations necessary for the generation of power from geothermal energy sources. Monitor and control operating activities at geothermal power generation facilities and perform maintenance and repairs as necessary. Install, test, and maintain residential and commercial geothermal heat pumps.","Autodesk AutoCAD, ClimateMaster GeoDesigner, Distributed control system DCS, Email software, Geographic information system GIS systems, Geothermal Properties Measurement Tool, Microsoft Excel, Microsoft Office software, Microsoft Outlook, Microsoft Word, Monitoring, Operations Monitoring, SAP software, Thermal Dynamics Ground Loop Design GLD, Troubleshooting, WaterFurnace International Ground Loop Design PREMIER"
First-Line Supervisors of Production and Operating Workers,"Directly supervise and coordinate the activities of production and operating workers, such as inspectors, precision workers, machine setters and operators, assemblers, fabricators, and plant and system operators. Excludes team or work leaders.","Active Listening, Apple Safari, Apple iWork Pages, Aptean Made2Manage, Autodesk AutoCAD, Bowen & Groves M1 ERP, Capterra Enterprise Resource Planning, Coordination, Critical Thinking, Database software, Delphi Technology, Email software, Encompix ERP, Epicor Vantage ERP, Epicor Vista ERP, Exact MAX, Extensible markup language XML, Judgment and Decision Making, Kronos Workforce Timekeeper, Management of Personnel Resources, Microsoft Access, Microsoft Excel, Microsoft Office software, Microsoft Outlook, Microsoft PowerPoint, Microsoft Project, Microsoft SharePoint, Microsoft Word, Monitoring, Mozilla Firefox, Reading Comprehension, SAP software, Social Perceptiveness, Speaking, Time Management"
"Aircraft Structure, Surfaces, Rigging, and Systems Assemblers","Assemble, fit, fasten, and install parts of airplanes, space vehicles, or missiles, such as tails, wings, fuselage, bulkheads, stabilizers, landing gear, rigging and control equipment, or heating and ventilating systems.","Electrical power management system software, Microsoft Excel, Microsoft Office software, Microsoft Outlook, Microsoft Word, SAP software"
"Coil Winders, Tapers, and Finishers","Wind wire coils used in electrical components, such as resistors and transformers, and in electrical equipment and instruments, such as field cores, bobbins, armature cores, electrical motors, generators, and control equipment.","Blueprint display software, Electronic Systems of Wisconsin Motor Test System software, Machine Control Specialists CoilPro"
Electrical and Electronic Equipment Assemblers,"Assemble or modify electrical or electronic equipment, such as computers, test equipment telemetering systems, electric motors, and batteries.","Calibration software, Microsoft Excel, Microsoft Office software, Microsoft Outlook, Microsoft Word, National Instruments LabVIEW, Production control software, Rasmussen Software Anzio, SAP software, Sage 100 ERP, Terminal emulation software"
Electromechanical Equipment Assemblers,"Assemble or modify electromechanical equipment or devices, such as servomechanisms, gyros, dynamometers, magnetic drums, tape drives, brakes, control linkage, actuators, and appliances.","Autodesk AutoCAD, Blueprint display software, Microsoft Excel, Microsoft Office software, Microsoft Word, SAP software, Timekeeping software"
Engine and Other Machine Assemblers,"Construct, assemble, or rebuild machines, such as engines, turbines, and similar equipment used in such industries as construction, extraction, textiles, and paper manufacturing.","Computer aided design and drafting CADD software, Dassault Systemes SolidWorks, Microsoft Excel, Microsoft Office software, Microsoft Word, SAP software"
Structural Metal Fabricators and Fitters,"Fabricate, position, align, and fit parts of structural metal products.","Computer aided design and drafting CADD software, Dassault Systemes CATIA, Microsoft Excel, Microsoft Office software, Microsoft Outlook, Microsoft Word, Tekla software, Three-dimensional modeling software"
Fiberglass Laminators and Fabricators,"Laminate layers of fiberglass on molds to form boat decks and hulls, bodies for golf carts, automobiles, or other products.","Microsoft Excel, Microsoft Word"
Timing Device Assemblers and Adjusters,"Perform precision assembling or adjusting, within narrow tolerances, of timing devices such as digital clocks or timing devices with electrical or electronic components.","At Your Service Software At Your Service Repair, Inventory control software, Maplesoft Maple, Microsoft Office software, Retail sales software, Web browser software"
Team Assemblers,"Work as part of a team having responsibility for assembling an entire product or component of a product. Team assemblers can perform all tasks conducted by the team in the assembly process and rotate through all or most of them, rather than being assigned to a specific task on a permanent basis. May participate in making management decisions affecting the work. Includes team leaders who work as part of the team.","Autodesk AutoCAD, Microsoft Excel, Microsoft Office software, Microsoft Outlook, Microsoft PowerPoint, Microsoft Word, SAP software"
"Assemblers and Fabricators, All Other",All assemblers and fabricators not listed separately.,
Bakers,"Mix and bake ingredients to produce breads, rolls, cookies, cakes, pies, pastries, or other baked goods.","ADP Enterprise eTIME, Afcom Datasafe Computer Services FlexiBake, At Your Service Software CostGuard, Axxya Systems Nutritionist Pro, Barrington Software CookenPro, Culinary Software Services ChefTec, EGS CALCMENU, Email software, Enggist & Grandjean EGS F&B Control, LegacyUSA BakeSmart, Masters Software CakeBoss, Microsoft Excel, Microsoft Office software, Microsoft PowerPoint, Microsoft Word, Sage 100 ERP, SoftCafe MenuPro, SweetWARE SmallPICS, SweetWARE nutraCoster Professional, SweetWARE stockCoster, TwinPeaks Software Visual Z-Bake, Web browser software, iPro"
Butchers and Meat Cutters,"Cut, trim, or prepare consumer-sized portions of meat for use or sale in retail establishments.","Financial accounting software, Microsoft Excel, Microsoft Office software, Microsoft Outlook, Microsoft Word, Web browser software"
"Meat, Poultry, and Fish Cutters and Trimmers","Use hands or hand tools to perform routine cutting and trimming of meat, poultry, and seafood.","Meat inventory software, Microsoft Excel, Sales software, Web browser software"
Slaughterers and Meat Packers,"Perform nonroutine or precision functions involving the preparation of large portions of meat. Work may include specialized slaughtering tasks, cutting standard or premium cuts of meat for marketing, making sausage, or wrapping meats. Work typically occurs in slaughtering, meat packing, or wholesale establishments.","AccountMate Software AccountMate, AgInfoLink Meat Inventory Tracking System MITS, Integrated Management Systems Food Connex Cloud, Microsoft Excel, Microsoft Office software, RFID software, Second Foundation NaviMeat, Traceability software"
"Food and Tobacco Roasting, Baking, and Drying Machine Operators and Tenders","Operate or tend food or tobacco roasting, baking, or drying equipment, including hearth ovens, kiln driers, roasters, char kilns, and vacuum drying equipment.","Email software, Microsoft Excel, Monitoring, Operations Monitoring"
Food Batchmakers,Set up and operate equipment that mixes or blends ingredients used in the manufacturing of food products. Includes candy makers and cheese makers.,"Edible Software, Microsoft Office software, Plex Systems Plex Manufacturing Cloud"
Food Cooking Machine Operators and Tenders,"Operate or tend cooking equipment, such as steam cooking vats, deep fry cookers, pressure cookers, kettles, and boilers, to prepare food products.","Database software, Operations Monitoring"
"Food Processing Workers, All Other",All food processing workers not listed separately.,
"Extruding and Drawing Machine Setters, Operators, and Tenders, Metal and Plastic","Set up, operate, or tend machines to extrude or draw thermoplastic or metal materials into tubes, rods, hoses, wire, bars, or structural shapes.","Enterprise application integration EAI software, Microsoft Excel, Microsoft Office software, Microsoft Outlook, Microsoft PowerPoint, Microsoft Word, Operational databases, Operations Monitoring, SAP software"
"Forging Machine Setters, Operators, and Tenders, Metal and Plastic","Set up, operate, or tend forging machines to taper, shape, or form metal or plastic parts.","Email software, Inventory tracking software, Machine control software"
"Rolling Machine Setters, Operators, and Tenders, Metal and Plastic","Set up, operate, or tend machines to roll steel or plastic forming bends, beads, knurls, rolls, or plate, or to flatten, temper, or reduce gauge of material.","Email software, Monitoring, Operation and Control, Operations Monitoring, Quality Control Analysis, Web browser software"
"Cutting, Punching, and Press Machine Setters, Operators, and Tenders, Metal and Plastic","Set up, operate, or tend machines to saw, cut, shear, slit, punch, crimp, notch, bend, or straighten metal or plastic material.","Autodesk AutoCAD, Automated inventory software, Computerized numerical control CNC software, Microsoft Excel, Microsoft Office software, Microsoft Outlook, Microsoft Word, Operational databases, Operations Monitoring, SAP software, Striker Systems SS-Punch"
"Drilling and Boring Machine Tool Setters, Operators, and Tenders, Metal and Plastic","Set up, operate, or tend drilling machines to drill, bore, ream, mill, or countersink metal or plastic work pieces.","Automated inventory software, Computerized numerical control CNC software, Microsoft Excel, Microsoft Office software, Microsoft Word, Operations Monitoring, SAP software"
"Grinding, Lapping, Polishing, and Buffing Machine Tool Setters, Operators, and Tenders, Metal and Plastic","Set up, operate, or tend grinding and related tools that remove excess material or burrs from surfaces, sharpen edges or corners, or buff, hone, or polish metal or plastic work pieces.","Autodesk AutoCAD, Manufacturing reporting system, Mazak Mazatrol SMART CNC, Microsoft Excel, Microsoft Office software, Microsoft Windows, Operation and Control, Operations Monitoring, Quality Control Analysis, SAP software"
"Lathe and Turning Machine Tool Setters, Operators, and Tenders, Metal and Plastic","Set up, operate, or tend lathe and turning machines to turn, bore, thread, form, or face metal or plastic materials, such as wire, rod, or bar stock.","Autodesk HSMWorks, Computer numerical control CNC editor software, G-code, Inventory tracking software, M-code, Operations Monitoring"
"Milling and Planing Machine Setters, Operators, and Tenders, Metal and Plastic","Set up, operate, or tend milling or planing machines to mill, plane, shape, groove, or profile metal or plastic work pieces.","Autodesk AutoCAD, EditCNC, Extensible markup language XML, G-code, Kentech machine shop software, M-code, Mastercam computer-aided design and manufacturing software, Microsoft Excel, Microsoft Office software, Microsoft PowerPoint, Microsoft Word, Operations Monitoring, SWIVEL Software, Siemens Solid Edge, SmartCAMcnc SmartCAM, Vero Software ALPHACAM, Vero Software Edgecam"
Machinists,"Set up and operate a variety of machine tools to produce precision parts and instruments out of metal. Includes precision instrument makers who fabricate, modify, or repair mechanical instruments. May also fabricate and modify parts to make or repair machine tools or maintain industrial machines, applying knowledge of mechanics, mathematics, metal properties, layout, and machining procedures.","3D Printing software, Armchair Machinist software, Autodesk AutoCAD, Autodesk Fusion 360, Autodesk HSMWorks, CNC Consulting Machinists' Calculator, CNC Mastercam, Dassault Systemes CATIA, Dassault Systemes SolidWorks, ERP software, EditCNC, G-code, GRZ Software MeshCAM, Hexagon Metrology PC-DMIS, IMSI TurboCAD, JETCAM, JobBOSS, Kentech Kipware Studio, Kentech Kipware Trig Kalculator, Microsoft Excel, Microsoft Office software, Microsoft Outlook, Microsoft PowerPoint, Microsoft Word, SAP software"
Metal-Refining Furnace Operators and Tenders,"Operate or tend furnaces, such as gas, oil, coal, electric-arc or electric induction, open-hearth, or oxygen furnaces, to melt and refine metal before casting or to produce specified types of steel.","Microsoft Excel, Microsoft Office software, Monitoring, Operation and Control, Operations Monitoring, Process control software, Process safety management software, Production tracking system software"
"Pourers and Casters, Metal",Operate hand-controlled mechanisms to pour and regulate the flow of molten metal into molds to produce castings or ingots.,"Husky Injection Molding Systems Shotscope NX, Microsoft Excel, Microsoft Outlook, Microsoft PowerPoint, Microsoft Word"
"Model Makers, Metal and Plastic","Set up and operate machines, such as lathes, milling and engraving machines, and jig borers to make working models of metal or plastic objects. Includes template makers.","CNC Software Mastercam, Microsoft Excel, Microsoft Office software, Microsoft Word, Operation and Control, Operations Monitoring, PTC Creo Parametric"
"Patternmakers, Metal and Plastic","Lay out, machine, fit, and assemble castings and parts to metal or plastic foundry patterns, core boxes, or match plates.","3D Systems Geomagic Design X, Autodesk AutoCAD, Delcam PowerMILL, Mastercam computer-aided design and manufacturing software, Microsoft Excel, Microsoft Outlook"
Foundry Mold and Coremakers,Make or form wax or sand cores or molds used in the production of metal castings in foundries.,"Autodesk AutoCAD, CNC Software Mastercam, Dassault Systemes SolidWorks, Inventory tracking software, Machine control software, PTC Creo Parametric"
"Molding, Coremaking, and Casting Machine Setters, Operators, and Tenders, Metal and Plastic","Set up, operate, or tend metal or plastic molding, casting, or coremaking machines to mold or cast metal or thermoplastic parts or products.","FANUC Robotics iRVision, HotFlo! Die-Shot Monitor, Intera Systems Hawk-i, Microsoft Excel, Microsoft Office software, Microsoft Outlook, Microsoft Word, RobotWare DieCast, SAP software, Visi-Trak True-Trak 20/20"
"Multiple Machine Tool Setters, Operators, and Tenders, Metal and Plastic","Set up, operate, or tend more than one type of cutting or forming machine tool or robot.","Autodesk AutoCAD, Email software, Microsoft Excel, Microsoft Office software, Microsoft Outlook, Microsoft Windows, Microsoft Word, Operations Monitoring, SAP software"
Tool and Die Makers,"Analyze specifications, lay out metal stock, set up and operate machine tools, and fit and assemble parts to make and repair dies, cutting tools, jigs, fixtures, gauges, and machinists' hand tools.","1CadCam Unigraphics, Autodesk AutoCAD, Autodesk Inventor, Bentley MicroStation, CNC Mastercam, Cimatron CimatronE Master, DP Technology ESPRIT, Dassault Systemes CATIA, Dassault Systemes SolidWorks, JobPack MES Scheduler, Kubotek USA KeyCreator, Logopress, MAKER CAD/CAM Services DIEMAKER, Mastercam computer-aided design and manufacturing software, Microsoft Excel, Microsoft Office software, Microsoft Outlook, Microsoft PowerPoint, Microsoft Project, Microsoft Word, NC verification software, OPEN MIND Technologies hyperMILL, PTC Creo Parametric, SAP software, data M Software COPRA MetalBender"
"Welders, Cutters, Solderers, and Brazers","Use hand-welding, flame-cutting, hand-soldering, or brazing equipment to weld or join metal components or to fill holes, indentations, or seams of fabricated metal products.","EZ Pipe, Fred's Tip Cartridge Picker, IBM Notes, Microsoft Excel, Microsoft Office software, Microsoft Outlook, Microsoft Windows, OmniFleet Equipment Maintenance Management, Oracle Database, Recordkeeping software, Scientific Software Group Filter Drain FD, Value Analysis"
"Welding, Soldering, and Brazing Machine Setters, Operators, and Tenders","Set up, operate, or tend welding, soldering, or brazing machines or robots that weld, braze, solder, or heat treat metal products, components, or assemblies. Includes workers who operate laser cutters or laser-beam machines.","Email software, Linux, Microsoft Excel, Microsoft Office software, Microsoft Outlook, Microsoft PowerPoint, Microsoft Windows, Microsoft Word, SAP software, Tool center point TCP setting software"
"Heat Treating Equipment Setters, Operators, and Tenders, Metal and Plastic","Set up, operate, or tend heating equipment, such as heat-treating furnaces, flame-hardening machines, induction machines, soaking pits, or vacuum equipment to temper, harden, anneal, or heat treat metal or plastic objects.","Microsoft Excel, Microsoft Office software, Microsoft Outlook, Microsoft Word, Operation and Control, Operations Monitoring, SAP software"
"Layout Workers, Metal and Plastic","Lay out reference points and dimensions on metal or plastic stock or workpieces, such as sheets, plates, tubes, structural shapes, castings, or machine parts, for further processing. Includes shipfitters.","Autodesk AutoCAD, Hexagon Metrology PC-DMIS, Inventory tracking software, Microsoft Excel, Microsoft Office software, Microsoft PowerPoint, Microsoft Word, Optical Gaging Products Measure-X"
"Plating Machine Setters, Operators, and Tenders, Metal and Plastic","Set up, operate, or tend plating machines to coat metal or plastic products with chromium, zinc, copper, cadmium, nickel, or other metal to protect or decorate surfaces. Typically, the product being coated is immersed in molten metal or an electrolytic solution.","Autodesk AutoCAD, Hazardous materials management HMS software, Microsoft Excel, Microsoft Outlook, Microsoft Word, Oracle Advanced Procurement"
"Tool Grinders, Filers, and Sharpeners","Perform precision smoothing, sharpening, polishing, or grinding of metal objects.","ANCA ToolRoom, Dassault Systemes SolidWorks, IBM Lotus Notes, Microsoft Excel, Operation and Control, Operations Monitoring, Quality Control Analysis, Vero Software Edgecam, Zoller"
"Metal Workers and Plastic Workers, All Other",All metal workers and plastic workers not listed separately.,
Prepress Technicians and Workers,Format and proof text and images submitted by designers and clients into finished pages that can be printed. Includes digital and photo typesetting. May produce printing plates.,"Adobe Acrobat, Adobe Creative Cloud software, Adobe Director, Adobe FrameMaker, Adobe FreeHand MX, Adobe Illustrator, Adobe InDesign, Adobe LifeCycle Enterprise Suite, Adobe PageMaker, Adobe Photoshop, Corel CorelDraw Graphics Suite, Corel Painter, Esko ArtPro, File transfer protocol FTP software, Global Graphics Software Harlequin, Hamrick Software VueScan, LaserSoft Imaging SilverFast Ai Studio, Microsoft Excel, Microsoft Office software, Microsoft Outlook, Microsoft PowerPoint, Microsoft Word, Multi-line optical character reader OCR software, ProjectSend, QuarkXPress"
Printing Press Operators,"Set up and operate digital, letterpress, lithographic, flexographic, gravure, or other printing machines. Includes short-run offset printing presses.","AABACH Graphic Systems DIGRA, Adobe Acrobat, Adobe Illustrator, Adobe InDesign, Adobe LifeCycle Production Print ES3, Adobe PageMaker, Adobe Photoshop, Corel CorelDraw Graphics Suite, Electronics for Imaging EFI Monarch, Electronics for Imaging EFI Pace, Email software, Enfocus PitStop Pro, Graphics software, Image editing software, Inventory tracking software, Job scheduling software, Job tracking software, Microsoft Excel, Microsoft Office software, Microsoft Outlook, Microsoft Word, Operations Monitoring, Printers Software Inc. Presidio, Printing management system software, Quality Control Analysis, QuarkXPress, SAP software"
Print Binding and Finishing Workers,Bind books and other publications or finish printed products by hand or machine. May set up binding and finishing machines.,"Email software, Houchen Bindery Library Automated Retrieval System LARS, Label printing software, Microsoft Excel, Microsoft Office software, Microsoft Outlook, Microsoft Publisher, Microsoft Word, Trade Bindery Software Bindery Estimating System, Trade Bindery Software Bindery Management System, Web browser software"
Laundry and Dry-Cleaning Workers,"Operate or tend washing or dry-cleaning machines to wash or dry-clean industrial or household articles, such as cloth garments, suede, leather, furs, blankets, draperies, linens, rugs, and carpets. Includes spotters and dyers of these articles.","Cents, Curbside Laundries Wash and Fold POS Software, Email software, Microsoft Excel, Microsoft Office software, Microsoft Windows, Microsoft Word, Property management system PMS software, Sales processing software, Wash-Dry-Fold POS, Web browser software"
"Pressers, Textile, Garment, and Related Materials",Press or shape articles by hand or machine.,"Email software, Microsoft Excel, Microsoft Word"
Sewing Machine Operators,"Operate or tend sewing machines to join, reinforce, decorate, or perform related sewing operations in the manufacture of garment or nongarment products.","Email software, Microsoft Excel, Microsoft Office software, Microsoft Outlook, Microsoft Word, Web browser software"
Shoe and Leather Workers and Repairers,"Construct, decorate, or repair leather and leather-like products, such as luggage, shoes, and saddles. May use hand tools.","Bookkeeping software, Financial accounting software, Inventory tracking software, Microsoft Excel, Sale processing software"
Shoe Machine Operators and Tenders,"Operate or tend a variety of machines to join, decorate, reinforce, or finish shoes and shoe parts.","Adobe Acrobat, Inventory tracking software, Microsoft Excel, Microsoft Office software, Microsoft Outlook, Microsoft PowerPoint, Microsoft Word, Production control software"
"Sewers, Hand","Sew, join, reinforce, or finish, usually with needle and thread, a variety of manufactured items. Includes weavers and stitchers.","Adobe FreeHand MX, Adobe Illustrator, Adobe Photoshop, Corel CorelDraw Graphics Suite, Drawing software, Embroidery design software, Graphics digitizing software, Microsoft Excel, Microsoft Office software, Microsoft PowerPoint, Template design software"
"Tailors, Dressmakers, and Custom Sewers","Design, make, alter, repair, or fit garments.","ArbelSoft TailorMax, Bookkeeping software, Garment design software, Google Docs, Inventory tracking software, Microsoft Excel, Microsoft Office software, Microsoft Word, Tailor Master"
Textile Bleaching and Dyeing Machine Operators and Tenders,"Operate or tend machines to bleach, shrink, wash, dye, or finish textiles or synthetic or glass fibers.","Hewlett-Packard HP OpenVMS, Linux, Microsoft Excel, Microsoft Office software, Microsoft Outlook, Microsoft PowerPoint, Microsoft Word, Operations Monitoring, SAP software"
"Textile Cutting Machine Setters, Operators, and Tenders","Set up, operate, or tend machines that cut textiles.","Autodesk AutoCAD, HAISEN SoftWare System, Microsoft Excel, Microsoft Office software, Microsoft Outlook, Microsoft Windows, Microsoft Word, Operations Monitoring, SAP software"
"Textile Knitting and Weaving Machine Setters, Operators, and Tenders","Set up, operate, or tend machines that knit, loop, weave, or draw in textiles.","Microsoft Excel, Microsoft Office software, Microsoft Outlook, Microsoft PowerPoint, Microsoft Word"
"Textile Winding, Twisting, and Drawing Out Machine Setters, Operators, and Tenders","Set up, operate, or tend machines that wind or twist textiles; or draw out and combine sliver, such as wool, hemp, or synthetic fibers. Includes slubber machine and drawing frame operators.","Microsoft Excel, Microsoft Office software, Microsoft Outlook, Microsoft Word, Operation and Control, Operations Monitoring"
"Extruding and Forming Machine Setters, Operators, and Tenders, Synthetic and Glass Fibers","Set up, operate, or tend machines that extrude and form continuous filaments from synthetic materials, such as liquid polymer, rayon, and fiberglass.","Apache Hadoop YARN, Camstar Manufacturing Execution System MES, Microsoft Excel, Microsoft Office software, Microsoft Outlook, Microsoft Word, Monitoring, Operation and Control, Operational databases, Operations Monitoring, SAP software, Statistical process control SPC software"
Fabric and Apparel Patternmakers,Draw and construct sets of precision master fabric patterns or layouts. May also mark and cut fabrics and apparel.,"Adobe Creative Cloud software, Adobe Illustrator, Adobe InDesign, Adobe Photoshop, Autodesk AutoCAD, Critical Thinking, Gerber Technology AccuMark, Microsoft Excel, Microsoft Office software, Microsoft Outlook, Microsoft Word, PatternMaker"
Upholsterers,"Make, repair, or replace upholstery for household furniture or transportation vehicles.","Autodesk AutoCAD, Critical Thinking, Intuit QuickBooks, LibreOffice Draw, Microsoft Excel, Microsoft Office software, Microsoft PowerPoint, Microsoft Windows, Microsoft Word"
"Textile, Apparel, and Furnishings Workers, All Other","All textile, apparel, and furnishings workers not listed separately.",
Cabinetmakers and Bench Carpenters,"Cut, shape, and assemble wooden articles or set up and operate a variety of woodworking machines, such as power saws, jointers, and mortisers to surface, cut, or shape lumber or to fabricate parts for wood products.","Autodesk AutoCAD, Computer estimation software, Computerized maintenance management system CMMS, Microsoft Excel, Microsoft Outlook, Microsoft Windows, Operations Monitoring"
Furniture Finishers,"Shape, finish, and refinish damaged, worn, or used furniture or new high-grade furniture to specified color or finish.","DuPont ColorNet, DuPont Spies Hecker Wizard, Intuit QuickBooks, Microsoft Office software, Web browser software"
"Model Makers, Wood",Construct full-size and scale wooden precision models of products. Includes wood jig builders and loft workers.,"Dassault Systemes CATIA, Microsoft Excel, Microsoft Outlook, Microsoft PowerPoint, Microsoft Word, Siemens NX"
"Patternmakers, Wood","Plan, lay out, and construct wooden unit or sectional patterns used in forming sand molds for castings.","3D Systems Geomagic Design X, Autodesk AutoCAD, Delcam PowerMILL, Mastercam computer-aided design and manufacturing software, Microsoft Excel, Microsoft Office software, Microsoft Outlook"
"Sawing Machine Setters, Operators, and Tenders, Wood","Set up, operate, or tend wood sawing machines. May operate computer numerically controlled (CNC) equipment. Includes lead sawyers.","Adobe Acrobat, Automated inventory software, Computerized numerical control CNC software, Microsoft Excel, Microsoft Office software, Microsoft PowerPoint, Microsoft Word"
"Woodworking Machine Setters, Operators, and Tenders, Except Sawing","Set up, operate, or tend woodworking machines, such as drill presses, lathes, shapers, routers, sanders, planers, and wood nailing machines. May operate computer numerically controlled (CNC) equipment.","AS/400 Database, Adobe Acrobat, Adobe Creative Cloud software, Adobe Illustrator, Adobe InDesign, Adobe Photoshop, Apple macOS, Autodesk AutoCAD, Computer aided design and drafting CADD software, Computerized numerical control CNC software, Dassault Systemes CATIA, Dassault Systemes SolidWorks, Inventory control software, Microsoft Excel, Microsoft Office software, Microsoft Outlook, Microsoft PowerPoint, Microsoft Windows, Microsoft Word, Operation and Control, Operations Monitoring, Oracle Java, Timekeeping software, Vero Software ALPHACAM, YouTube"
"Woodworkers, All Other",All woodworkers not listed separately.,
Nuclear Power Reactor Operators,"Operate or control nuclear reactors. Move control rods, start and stop equipment, monitor and adjust controls, and record data in logs. Implement emergency procedures when needed. May respond to abnormalities, determine cause, and recommend corrective action.","Active Listening, Complex Problem Solving, Critical Thinking, Data logging software, Judgment and Decision Making, Microsoft Access, Microsoft Azure software, Microsoft Excel, Microsoft Office software, Microsoft Power Automate, Microsoft Power BI, Microsoft PowerPoint, Microsoft SharePoint, Monitoring, Operation and Control, Operations Monitoring, Outage management system OMS, Plant information data entry software, Reading Comprehension, Structured query language SQL, Writing"
Power Distributors and Dispatchers,"Coordinate, regulate, or distribute electricity or steam.","ABB MicroSCADA Pro DMS, ABB MicroSCADA Pro SYS, ABB PSGuard, Active Listening, Catapult Software iPower SCADA, Critical Thinking, Distribution automation system software, Distribution management system DMS, Energy management system EMS, Geographic information system GIS software, Microsoft Access, Microsoft Excel, Microsoft Office software, Microsoft Outlook, Microsoft PowerPoint, Microsoft Word, Milsoft DisSPatch, Monitoring, OSI monarch/SGP, Outage management system OMS, Radius NetMan, Radius Uni-View, Reading Comprehension, SAP software, Siemens Energy and Automation, Siemens Spectrum Power TG, Siemens Spectrum PowerCC Distribution Management, Speaking, Substation automation system software, Substation monitoring system software"
Power Plant Operators,"Control, operate, or maintain machinery to generate electric power. Includes auxiliary equipment operators.","Computerized maintenance management system CMMS, Continuous emissions monitoring systems CEMS, Critical Thinking, Distributed control system DCS, Email software, Emerson Ovation, Gas field monitoring system software, General Electric Mark VI Distributed Control System DCS, General Electric Mark VI Integrated Control System ICS, Interlock shutdown systems, Landfill gas analysis software, Landtec System Software LFG Pro, Microsoft Access, Microsoft Excel, Microsoft Office software, Microsoft Outlook, Microsoft PowerPoint, Microsoft Word, Operation and Control, Operational Data Store ODS software, Operations Monitoring, SAP software, Safety instrumented system SIS software, Siemens Power Plant Automation SPPA, Siemens Teleperm, Supervisory control and data acquisition SCADA software, Teknik Segala OSI Plant Information PI System, Web browser software"
Biomass Plant Technicians,Control and monitor biomass plant activities and perform maintenance as needed.,"Distributed control system DCS, Energy analysis software, Inventory control software, Microsoft Excel, Microsoft Office software, Microsoft Outlook, Microsoft Word, National Instruments LabVIEW, Operation and Control, Operations Monitoring"
Hydroelectric Plant Technicians,"Monitor and control activities associated with hydropower generation. Operate plant equipment, such as turbines, pumps, valves, gates, fans, electric control boards, and battery banks. Monitor equipment operation and performance and make necessary adjustments to ensure optimal performance. Perform equipment maintenance and repair as necessary.","Computerized maintenance management system CMMS, Critical Thinking, Distributed control system DCS, Equipment Maintenance, IBM Lotus Notes, Microsoft Excel, Microsoft Office software, Microsoft Outlook, Microsoft Word, Monitoring, Operation and Control, Operations Monitoring, Repairing, Supervisory control and data acquisition SCADA software, Web browser software"
Stationary Engineers and Boiler Operators,"Operate or maintain stationary engines, boilers, or other mechanical equipment to provide utilities for buildings or industrial processes. Operate equipment such as steam engines, generators, motors, turbines, and steam boilers.","Building management system software, Computerized maintenance management system CMMS, Database software, Email software, Graphics software, Microsoft Active Server Pages ASP, Microsoft Excel, Microsoft Office software, Microsoft Outlook, Microsoft PowerPoint, Microsoft Word, Operational Data Store ODS software, Operations Monitoring, SAP software, Statistical software, Web browser software"
Water and Wastewater Treatment Plant and System Operators,"Operate or control an entire process or system of machines, often through the use of control boards, to transfer or treat water or wastewater.","Data logging software, Database software, Geographic information system GIS systems, Human machine interface HMI software, Material safety data sheet MSDS software, Microsoft Excel, Microsoft Office software, Microsoft Outlook, Microsoft PowerPoint, Microsoft Word, Monitoring, Operation and Control, Operational Data Store ODS software, Operations Monitoring, Records management software, Supervisory control and data acquisition SCADA software, Timekeeping software, Wastewater expert control systems"
Chemical Plant and System Operators,Control or operate entire chemical processes or system of machines.,"Alarm management system software, Coordinated incident management system CIMS software, Critical Thinking, Distributed control system DCS, Interlock shutdown systems, Microsoft Excel, Microsoft Office software, Microsoft Word, Monitoring, Operation and Control, Operations Monitoring, Quality Control Analysis"
Gas Plant Operators,Distribute or process gas for utility companies and others by controlling compressors to maintain specified pressures on main pipelines.,"AspenTech HYSYS, Critical Thinking, Google Android, Microsoft Excel, Microsoft Office software, Microsoft Outlook, Microsoft PowerPoint, Microsoft Word, Monitoring, Operating log software, Operation and Control, Operations Monitoring, Quorum PGAS, SAP software, Supervisory control and data acquisition SCADA software, Work scheduling software"
"Petroleum Pump System Operators, Refinery Operators, and Gaugers","Operate or control petroleum refining or processing units. May specialize in controlling manifold and pumping systems, gauging or testing oil in storage tanks, or regulating the flow of oil into pipelines.","Email software, Inventory tracking software, Microsoft Excel, Microsoft Outlook, Microsoft Word, Monitoring, Operation and Control, Operations Monitoring, Programmable logic controller PLC software, Reading Comprehension, Supervisory control and data acquisition SCADA software"
"Plant and System Operators, All Other",All plant and system operators not listed separately.,
Biofuels Processing Technicians,"Calculate, measure, load, mix, and process refined feedstock with additives in fermentation or reaction process vessels and monitor production process. Perform, and keep records of, plant maintenance, repairs, and safety inspections.","Computerized maintenance management system CMMS, Data visualization software, Digital control systems DCS, Human machine interface HMI software, Inventory control software, Microsoft Excel, Microsoft Word, Operation and Control, Operations Monitoring, Python, R, Reading Comprehension, SAS, Tableau"
Chemical Equipment Operators and Tenders,"Operate or tend equipment to control chemical changes or reactions in the processing of industrial or consumer products. Equipment used includes devulcanizers, steam-jacketed kettles, and reactor vessels.","IBM Notes, Microsoft Excel, Microsoft Office software, Microsoft Outlook, Microsoft PowerPoint, Microsoft Word, Monitoring, Operation and Control, Operational databases, Operations Monitoring, SAP software"
"Separating, Filtering, Clarifying, Precipitating, and Still Machine Setters, Operators, and Tenders","Set up, operate, or tend continuous flow or vat-type equipment; filter presses; shaker screens; centrifuges; condenser tubes; precipitating, fermenting, or evaporating tanks; scrubbing towers; or batch stills. These machines extract, sort, or separate liquids, gases, or solids from other materials to recover a refined product. Includes dairy processing equipment operators.","Email software, Microsoft Excel, Microsoft Office software, Microsoft Outlook, Microsoft PowerPoint, Microsoft Word, Operations Monitoring, SAP software"
"Crushing, Grinding, and Polishing Machine Setters, Operators, and Tenders","Set up, operate, or tend machines to crush, grind, or polish materials, such as coal, glass, grain, stone, food, or rubber.","Email software, Microsoft Excel, Microsoft Office software, Microsoft Word, Operation and Control, Operations Monitoring, SAP software"
"Grinding and Polishing Workers, Hand","Grind, sand, or polish, using hand tools or hand-held power tools, a variety of metal, wood, stone, clay, plastic, or glass objects. Includes chippers, buffers, and finishers.","Microsoft Excel, Microsoft Word"
"Mixing and Blending Machine Setters, Operators, and Tenders","Set up, operate, or tend machines to mix or blend materials, such as chemicals, tobacco, liquids, color pigments, or explosive ingredients.","Email software, Microsoft Excel, Microsoft Office software, Microsoft Outlook, Microsoft Windows, Microsoft Word, Operation and Control, Operational databases, Operations Monitoring, SAP software"
"Cutters and Trimmers, Hand","Use hand tools or hand-held power tools to cut and trim a variety of manufactured items, such as carpet, fabric, stone, glass, or rubber.","Microsoft Excel, Microsoft Outlook, Microsoft Word"
"Cutting and Slicing Machine Setters, Operators, and Tenders","Set up, operate, or tend machines that cut or slice materials, such as glass, stone, cork, rubber, tobacco, food, paper, or insulating material.","Microsoft Excel, Microsoft Outlook, Microsoft Word, Operation and Control, Operations Monitoring, Quality Control Analysis, SAP software"
"Extruding, Forming, Pressing, and Compacting Machine Setters, Operators, and Tenders","Set up, operate, or tend machines, such as glass-forming machines, plodder machines, and tuber machines, to shape and form products such as glassware, food, rubber, soap, brick, tile, clay, wax, tobacco, or cosmetics.","Microsoft Excel, Microsoft Office software, Microsoft Outlook, Microsoft Word, Operation and Control, Operational databases, Operations Monitoring, Production scheduling software, SAP software"
"Furnace, Kiln, Oven, Drier, and Kettle Operators and Tenders","Operate or tend heating equipment other than basic metal, plastic, or food processing equipment. Includes activities such as annealing glass, drying lumber, curing rubber, removing moisture from materials, or boiling soap.","Inventory tracking software, Machine operation software, Microsoft Excel, Microsoft Word, Operations Monitoring"
"Inspectors, Testers, Sorters, Samplers, and Weighers","Inspect, test, sort, sample, or weigh nonagricultural raw materials or processed, machined, fabricated, or assembled parts or products for defects, wear, and deviations from specifications. May use precision measuring instruments and complex test equipment.","Apache Hive, Apache Pig, Atlassian JIRA, Autodesk AutoCAD, Computer assisted design software, Computer-aided inspection software, Coordinate measuring machine software, Cybermetrics GAGETrak, Dassault Systemes CATIA, Dassault Systemes SolidWorks, Data analysis software, Extensible markup language XML, Microsoft Access, Microsoft Excel, Microsoft Office software, Microsoft Outlook, Microsoft PowerPoint, Microsoft SharePoint, Microsoft Visio, Microsoft Word, Quality Control Analysis, R, SAP software, Selenium, Structured query language SQL, The MathWorks MATLAB"
Jewelers and Precious Stone and Metal Workers,"Design, fabricate, adjust, repair, or appraise jewelry, gold, silver, other precious metals, or gems.","Adobe Illustrator, Adobe Photoshop, Computer assisted jewelry design CAD software, Customer information databases, Intuit QuickBooks, Inventory tracking software, Jewelry store point of sale POS software, Metal designing software, Microsoft Excel, Microsoft Outlook, Microsoft Word, Retail management software, Web browser software"
Gem and Diamond Workers,"Fabricate, finish, or evaluate the quality of gems and diamonds used in jewelry or industrial tools.","Business accounting software, Gem identification databases, GemCad, Inventory tracking software, Jewelry design software, Spectrophotometer analysis software, Web browser software"
Dental Laboratory Technicians,Construct and repair full or partial dentures or dental appliances.,"Bookkeeping software, Computer aided design and drafting CADD software, Computer imaging software, Database management software, Dental product design software, Dental product manufacturing software, Easy Solutions Easy Lab, Email software, Graphics software, Intuit QuickBooks, Inventrix Labtrac, Jenmar International DL-Plus, LabMagic, Laboratory Systems Group Lab Manager, Mainstreet Systems & Software DentaLab/PC II, Mainstreet Systems & Software DentaRX, Microsoft Excel, Microsoft Office software, Microsoft Outlook, Microsoft PowerPoint, Microsoft Windows, Microsoft Word, Scheduling software, Web browser software"
Medical Appliance Technicians,"Construct, maintain, or repair medical supportive devices such as braces, orthotics and prosthetic devices, joints, arch supports, and other surgical and medical appliances.","Active Listening, Autodesk AutoCAD, Critical Thinking, Footmaxx Metascan software, Gait analysis software, Microsoft Excel, Microsoft Office software, Microsoft Outlook, Microsoft Word, Ohio Willow Wood OMEGA Tracer System, Operations Monitoring, Orthotic fabrication software, Quality Control Analysis, Reading Comprehension, Seattle Systems Shapemaker, Social Perceptiveness, SoftSource CADview, Speaking, Troubleshooting, Vorum Research Corporation CANFIT-PLUS"
Ophthalmic Laboratory Technicians,"Cut, grind, and polish eyeglasses, contact lenses, or other precision optical elements. Assemble and mount lenses into frames or process other optical elements. Includes precision lens polishers or grinders, centerer-edgers, and lens mounters.","Electronic medical record EMR software, Eyeglass design software, Microsoft Excel, Microsoft Office software, Microsoft Outlook, Microsoft PowerPoint, Microsoft Word, SAP software"
Packaging and Filling Machine Operators and Tenders,Operate or tend machines to prepare industrial or consumer products for storage or shipment. Includes cannery workers who pack food products.,"Email software, Label printing software, Microsoft Excel, Microsoft Office software, Microsoft Outlook, Microsoft PowerPoint, Microsoft Word, SAP software"
"Painting, Coating, and Decorating Workers","Paint, coat, or decorate articles, such as furniture, glass, plateware, pottery, jewelry, toys, books, or leather.","Adobe FreeHand MX, Adobe Illustrator, Adobe Photoshop, Corel WordPerfect Office Suite, Microsoft Excel"
"Coating, Painting, and Spraying Machine Setters, Operators, and Tenders","Set up, operate, or tend spraying or rolling machines to coat or paint any of a wide variety of products, including glassware, cloth, ceramics, metal, plastic, paper, or wood, with lacquer, silver, copper, rubber, varnish, glaze, enamel, oil, or rust-proofing materials. Includes painters of transportation vehicles such as painters in auto body repair facilities.","Inventory control software, Inventory management systems, Maintenance management software, Materials requirement planning MRP software, Microsoft Excel, Microsoft Office software, Microsoft Outlook, Microsoft Word, Operations Monitoring, Robotic painting software, Scheduling software, Time recording software"
Semiconductor Processing Technicians,"Perform any or all of the following functions in the manufacture of electronic semiconductors: load semiconductor material into furnace; saw formed ingots into segments; load individual segment into crystal growing chamber and monitor controls; locate crystal axis in ingot using x-ray equipment and saw ingots into wafers; and clean, polish, and load wafers into series of special purpose furnaces, chemical baths, and equipment used to form circuitry and change conductive properties.","Camstar Systems Camstar Semiconductor Suite, Database software, Eyelit Manufacturing, Microsoft Excel, Microsoft Office software, Microsoft PowerPoint, Microsoft Word, National Instruments TestStand, Operations Monitoring, Python, SAP software, yieldWerx"
Photographic Process Workers and Processing Machine Operators,Perform work involved in developing and processing photographic images from film or digital media. May perform precision tasks such as editing photographic negatives and prints.,"Adobe Creative Cloud software, Adobe Illustrator, Adobe InDesign, Adobe Photoshop, Amazon Web Services AWS software, Camera Bits Photo Mechanic, Cascading style sheets CSS, Docker, ExpressDigital Labtricity, Git, HeliconSoft Helicon Focus, Microsoft Access, Microsoft Excel, Microsoft Office software, Microsoft Outlook, Microsoft PowerPoint, Microsoft Publisher, Microsoft Word, MongoDB, MySQL, Operations Monitoring, Phase One Capture One, RESTful API, SAP software, Structured query language SQL, TypeScript"
Computer Numerically Controlled Tool Operators,"Operate computer-controlled tools, machines, or robots to machine or process parts, tools, or other work pieces made of metal, plastic, wood, stone, or other materials. May also set up and maintain equipment.","1CadCam Unigraphics, Autodesk AutoCAD, BobCAD-CAM, CGTech Vericut CNC, CNC Consulting Machinists' Calculator, CNC Mastercam, Cadem CAPSMill, Cadem CAPSTurn, Cadem NCnet, Cadem seeNC Mill, Critical Thinking, DP Technology ESPRIT, Dassault Systemes CATIA, Dassault Systemes SolidWorks, Delcam PowerMILL, Direct motion computer numerically controlled CNC software, ERP software, EditCNC, Eko, Microsoft Excel, Microsoft Office software, Microsoft Outlook, Microsoft PowerPoint, Microsoft Project, Microsoft Word, Monitoring, Operation and Control, Operations Monitoring, SAP software"
Computer Numerically Controlled Tool Programmers,"Develop programs to control machining or processing of materials by automatic machine tools, equipment, or systems. May also set up, operate, or maintain equipment.","1CadCam Unigraphics, 3D Systems GibbsCAM, Aptean Made2Manage, Autodesk AutoCAD, Autodesk Fusion 360, Autodesk PartMaker, Autodesk PowerMill, Autodesk PowerShape, BobCAD-CAM, CGTech Vericut CNC, Celeritive Technologies VoluMill, Cimatron CimatronE, DP Technology ESPRIT, Dassault Systemes CATIA, Dassault Systemes SolidWorks, Delcam FeatureCAM, Delcam PartMaker, Dolphin CAD/CAM, Extensible markup language XML, Microsoft Excel, Microsoft Office software, Microsoft Outlook, Microsoft PowerPoint, Microsoft Word, Monitoring, Programming, SAP software"
Adhesive Bonding Machine Operators and Tenders,"Operate or tend bonding machines that use adhesives to join items for further processing or to form a completed product. Processes include joining veneer sheets into plywood; gluing paper; or joining rubber and rubberized fabric parts, plastic, simulated leather, or other materials.","Microsoft Excel, Microsoft Office software, Microsoft PowerPoint, Microsoft Word, Operation and Control, Operations Monitoring, SAP software"
"Cleaning, Washing, and Metal Pickling Equipment Operators and Tenders","Operate or tend machines to wash or clean products, such as barrels or kegs, glass items, tin plate, food, pulp, coal, plastic, or rubber, to remove impurities.","Microsoft Excel, Microsoft Word"
Cooling and Freezing Equipment Operators and Tenders,"Operate or tend equipment such as cooling and freezing units, refrigerators, batch freezers, and freezing tunnels, to cool or freeze products, food, blood plasma, and chemicals.","Complex Problem Solving, Critical Thinking, Google Gmail, Microsoft Excel, Microsoft Office software, Microsoft PowerPoint, Microsoft Word, Monitoring, Operation and Control, Operations Monitoring"
Etchers and Engravers,"Engrave or etch metal, wood, rubber, or other materials. Includes such workers as etcher-circuit processors, pantograph engravers, and silk screen etchers.","Adobe Illustrator, Computer aided design and computer aided manufacturing CAD/CAM engraving software, Corel CorelDraw Graphics Suite, Delcam ArtCAM Express, Gravograph GravoStyle, Microsoft Office software, Microsoft Windows, Western Engravers Supply Vision EXPERT"
"Molders, Shapers, and Casters, Except Metal and Plastic","Mold, shape, form, cast, or carve products such as food products, figurines, tile, pipes, and candles consisting of clay, glass, plaster, concrete, stone, or combinations of materials.","Dassault Systemes SolidWorks, Inventory control software, Mastercam computer-aided design and manufacturing software, Microsoft Excel, Microsoft Office software, Microsoft Outlook, Microsoft Word, Timekeeping software"
"Stone Cutters and Carvers, Manufacturing",Cut or carve stone according to diagrams and patterns.,"Corel Paint Shop Pro, Inventory control software, Microsoft Excel, Microsoft Word, Timekeeping software"
"Glass Blowers, Molders, Benders, and Finishers",Shape molten glass according to patterns.,"Billing software, Inventory control software, Microsoft Excel, Microsoft Outlook"
"Potters, Manufacturing","Operate production machines such as pug mill, jigger machine, or potter's wheel to process clay in manufacture of ceramic, pottery and stoneware products.","Inventory control software, Microsoft Excel, Microsoft Outlook"
"Paper Goods Machine Setters, Operators, and Tenders","Set up, operate, or tend paper goods machines that perform a variety of functions, such as converting, sawing, corrugating, banding, wrapping, boxing, stitching, forming, or sealing paper or paperboard sheets into products.","Adobe Acrobat, Adobe Illustrator, Adobe InDesign, Adobe Photoshop, Microsoft Excel, Microsoft Office software, Microsoft Word, Objectif Lune PrintShop Mail, Operations Monitoring, Quark enterprise publishing software, Virtual Systems Mail-Shop"
Tire Builders,Operate machines to build tires.,"IBM Lotus Notes, Microsoft Excel, Microsoft Office software, Microsoft Outlook, Microsoft PowerPoint, Microsoft Project, Microsoft Word, Programmable logic controller PLC software, SAP software, Web browser software"
Helpers--Production Workers,"Help production workers by performing duties requiring less skill. Duties include supplying or holding materials or tools, and cleaning work area and equipment.","Adobe Acrobat, Adobe InDesign, Adobe Photoshop, Autodesk AutoCAD, Microsoft Excel, Microsoft Office software, Microsoft Outlook, Microsoft PowerPoint, Microsoft Word, Operational databases, SAP software"
"Production Workers, All Other",All production workers not listed separately.,
Aircraft Cargo Handling Supervisors,"Supervise and coordinate the activities of ground crew in the loading, unloading, securing, and staging of aircraft cargo or baggage. May determine the quantity and orientation of cargo and compute aircraft center of gravity. May accompany aircraft as member of flight crew and monitor and handle cargo in flight, and assist and brief passengers on safety and emergency procedures. Includes loadmasters.","Active Listening, Cargo tracking system software, Coordination, Corel WordPerfect Office Suite, Critical Thinking, Facebook, Learning Strategies, Management of Personnel Resources, Microsoft Excel, Microsoft Office software, Microsoft Outlook, Microsoft Word, Monitoring, Speaking, Time Management, Warehouse management system WMS"
"First-Line Supervisors of Helpers, Laborers, and Material Movers, Hand","Directly supervise and coordinate the activities of helpers, laborers, or material movers, hand.","Active Listening, Coordination, Corel WordPerfect Office Suite, Employee scheduling software, Inventory control software, Inventory management systems, Management of Personnel Resources, Microsoft Access, Microsoft Excel, Microsoft Office software, Microsoft Outlook, Microsoft PowerPoint, Microsoft Word, Oracle Database, SAP software, Sage ERP Accpac, Speaking, Time and attendance software, Warehouse management system WMS"
Recycling Coordinators,Supervise curbside and drop-off recycling programs for municipal governments or private firms.,"Active Listening, Coordination, Critical Thinking, Email software, Management of Personnel Resources, Microsoft Access, Microsoft Excel, Microsoft Office software, Microsoft Outlook, Microsoft PowerPoint, Microsoft Word, Monitoring, Operational databases, Reading Comprehension, SAP software, Speaking, Time Management, Web browser software, Work scheduling software"
First-Line Supervisors of Material-Moving Machine and Vehicle Operators,Directly supervise and coordinate activities of material-moving machine and vehicle operators and helpers.,"@Road GeoManager, Accellos Real Dispatch, Active Listening, Actsoft Comet Tracker, Barcode software, Bill of lading software, CAPE Systems CAPE PACK, CAPE Systems TRUCKFILL, Commercial vehicle operations CVO software, Complex Problem Solving, Coordination, Coptimal Logics AutoLoad Pro, Creative Systems Corporation Freight-Link System, Critical Thinking, Fleet management systems, General ledger software, JDA Manugistics, Judgment and Decision Making, Load optimization software, MagicLogic Optimization Cube-IQ, Management of Personnel Resources, Mapping software, Microsoft Access, Microsoft Excel, Microsoft Office software, Microsoft Outlook, Microsoft PowerPoint, Microsoft Word, Monitoring, Optimum Logistics LoadPlanner, Proof of delivery POD software, Reading Comprehension, SAP software, Social Perceptiveness, Speaking, Time Management"
First-Line Supervisors of Passenger Attendants,Supervise and coordinate activities of passenger attendants.,"Accellos Real Dispatch, Commercial vehicle operations CVO software, General ledger software, Inventory management systems, Microsoft Access, Microsoft Excel, Microsoft Office software, Microsoft Outlook, Microsoft PowerPoint, Microsoft Word, SAP software, Scheduling software, Timekeeping software, Web browser software, Work scheduling software"
"First-Line Supervisors of Transportation Workers, All Other",All first-line supervisors of transportation workers not listed separately.,
"Airline Pilots, Copilots, and Flight Engineers","Pilot and navigate the flight of fixed-wing aircraft, usually on scheduled air carrier routes, for the transport of passengers and cargo. Requires Federal Air Transport certificate and rating for specific aircraft type used. Includes regional, national, and international airline pilots and flight instructors of airline pilots.","Active Learning, Active Listening, AeroPlanner, AirSmith FlightPrompt, Airline Pilots Daily Aviation Log PPC, CoPilot Flight Planning & E6B, Complex Problem Solving, Coordination, Critical Thinking, Document Object Model DOM Scripting, Electronic aircraft information databases, IFT-Pro, Judgment and Decision Making, MJICCS PilotLog, Microsoft Excel, Microsoft Office software, Microsoft Outlook, Microsoft PowerPoint, Microsoft Visio, Microsoft Word, Monitoring, Navzilla, Nimblefeet Technologies Captain's Keeper, Notam Development Group Airport Insight, Operation and Control, Operations Monitoring, Pilot Navigator Software Load Balance, Polaris Microsystems AeroLog Pro, Polaris Microsystems CharterLog, R, RMS Technology Flitesoft, Reading Comprehension, SBS International Maestro Suite, Skylog Services Skylog Pro, Speaking, Time Management, doXstor Flight Level Logbook"
Commercial Pilots,"Pilot and navigate the flight of fixed-wing aircraft on nonscheduled air carrier routes, or helicopters. Requires Commercial Pilot certificate. Includes charter pilots with similar certification, and air ambulance and air tour pilots. Excludes regional, national, and international airline pilots.","Active Learning, Active Listening, Adobe Creative Cloud software, AeroPlanner, Aeronautical charts, AirSmith FlightPrompt, Airdata, Airline Pilots Daily Aviation Log PPC, ArduPilot Mission Planner, Calibration software, CloudCompare, Complex Problem Solving, Critical Thinking, ESRI Site Scan for ArcGIS, Electronic aircraft information databases, FLIR Thermal Studio Suite, Flight simulation software, Judgment and Decision Making, Kitty Hawk, LP360, Litchi, MJICCS PilotLog, Microsoft Office software, Monitoring, Navzilla, Nimblefeet Technologies Captain's Keeper, Notam Development Group Airport Insight, OpenDroneMap, Operation and Control, Operations Monitoring, Pilot Navigator Software Load Balance, Pix4D Pix4Dcapture, Reading Comprehension, Speaking, doXstor Flight Level Logbook"
Air Traffic Controllers,"Control air traffic on and within vicinity of airport, and movement of air traffic between altitude sectors and control centers, according to established procedures and policies. Authorize, regulate, and control commercial airline flights according to government or company regulations to expedite and ensure flight safety.","Active Learning, Active Listening, Adobe Acrobat, Advanced technologies and oceanic procedures ATOP, Automated radar terminal systems ARTS, Center TRACON automation systems CTAS, Complex Problem Solving, Coordination, Critical Thinking, Direct-to-tool software, En route descent advisor EDA, Expedite departure path EDP software, Final approach spacing tool FAST, Flight simulation software, Judgment and Decision Making, Microsoft Access, Microsoft Excel, Microsoft Office software, Microsoft Outlook, Microsoft PowerPoint, Microsoft Word, Monitoring, Multi-center traffic management advisor McTMA, Reading Comprehension, Really Simple Syndication RSS, SAP software, Speaking, Time Management, Traffic management advisor TMA software"
Airfield Operations Specialists,"Ensure the safe takeoff and landing of commercial and military aircraft. Duties include coordination between air-traffic control and maintenance personnel, dispatching, using airfield landing and navigational aids, implementing airfield safety procedures, monitoring and maintaining flight records, and applying knowledge of weather information.","Active Listening, Adobe Photoshop, Aircraft noise monitoring system software, Apache HTTP Server, Coordination, Critical Thinking, Decision Support Technologies Propworks, Extensible markup language XML, FileMaker Pro, Ground transportation management system, Internet Protocol Television Systems, Intuit QuickBooks, Linux, Microsoft Access, Microsoft Excel, Microsoft Office software, Microsoft Outlook, Microsoft PowerPoint, Microsoft SharePoint, Microsoft Windows, Microsoft Word, Monitoring, Operations scheduling software, Oracle Database, Parking access revenue control system, Reading Comprehension, SAP software, Speaking, TRMI Airport AVI"
Flight Attendants,"Monitor safety of the aircraft cabin. Provide services to airline passengers, explain safety information, serve food and beverages, and respond to emergency incidents.","AD OPT Altitude, Active Listening, Arkitektia Flight Itinerary, Bid Assistant, Coordination, IBM Lotus LearningSpace, Microsoft Excel, Microsoft Office software, Microsoft Outlook, Microsoft PowerPoint, Microsoft Windows, Microsoft Word, Monitoring, SBS International Maestro Suite, Service Orientation, Social Perceptiveness, Speaking, ValtamTech Flight Crew Log"
"Ambulance Drivers and Attendants, Except Emergency Medical Technicians","Drive ambulance or assist ambulance driver in transporting sick, injured, or convalescent persons. Assist in lifting patients.","Computer aided dispatch software, Critical Thinking, Mapping software, Microsoft Excel, Microsoft Office software, Microsoft Outlook, Microsoft Word, Service Orientation"
Driver/Sales Workers,"Drive truck or other vehicle over established routes or within an established territory and sell or deliver goods, such as food products, including restaurant take-out items, or pick up or deliver items such as commercial laundry. May also take orders, collect payment, or stock merchandise at point of delivery.","Active Listening, Computer Directions Route Sales Tracker, GEOCOMtms A.Maze Planning, IBM Domino, Microsoft Excel, Microsoft Office software, MobiTech Systems Route Sales Trakker, Regulussoft Route Accounting, Route planning software, Soft Essentials Vending Essentials, Speaking, bMobile Technology Route Manager, bMobile Technology Sales"
Heavy and Tractor-Trailer Truck Drivers,"Drive a tractor-trailer combination or a truck with a capacity of at least 26,001 pounds Gross Vehicle Weight (GVW). May be required to unload truck. Requires commercial drivers' license. Includes tow truck drivers.","3M Post-it App, ADP ezLaborManager, ALK Technologies PC*Miler, Computerized inventory tracking software, Eko, Evernote, Fog Line Software Truckn Pro, Inventory tracking software, MarcoSoft Quo Vadis, Microsoft Excel, Microsoft Office software, Microsoft Outlook, Microsoft Windows, Microsoft Word, Omnitracs Performance Monitoring, Operation and Control, Operations Monitoring, PeopleNet, SAP software, TruckersHelper, YouTube, ddlsoftware.com drivers daily log program DDL"
Light Truck Drivers,"Drive a light vehicle, such as a truck or van, with a capacity of less than 26,001 pounds Gross Vehicle Weight (GVW), primarily to pick up merchandise or packages from a distribution center and deliver. May load and unload vehicle.","Automatic routing software, Computerized inventory tracking software, Eko, FreightDATA, IBM Domino, Inventory management systems, Microsoft Excel, Microsoft Office software, Microsoft Outlook, Microsoft Windows, Package location and tracking software, Recordkeeping software, Vehicle location and tracking software"
"Bus Drivers, School",Drive a school bus to transport students. Ensure adherence to safety rules. May assist students in boarding or exiting.,"AOL MapQuest, Microsoft Windows, Web browser software"
"Bus Drivers, Transit and Intercity","Drive bus or motor coach, including regular route operations, charters, and private carriage. May assist passengers with baggage. May collect fares or tickets.","AOL MapQuest, Microsoft MapPoint, Microsoft Windows, Operation and Control, Operations Monitoring, Web browser software"
Shuttle Drivers and Chauffeurs,Drive a motor vehicle to transport passengers on a planned or scheduled basis. May collect a fare. Includes nonemergency medical transporters and hearse drivers.,"AOL MapQuest, Actsoft Comet Tracker, Digital Dispatch, Easy Dispatch, EventHelix WebTaxi, Facebook, GPC Autocab, Global positioning system GPS software, Microsoft Excel, Microsoft Office software, Microsoft Windows, Mobile Knowledge Cabmate, PC Dispatch, Penchant Software dispatchOffice, Piccolo Software PiccoloTaxi, TSS Wireless Fleet Management Suite, TranWare Enterprise Suite, Web browser software"
Taxi Drivers,"Drive a motor vehicle to transport passengers on an unplanned basis and charge a fare, usually based on a meter.","Actsoft Comet Tracker, Digital Dispatch, Easy Dispatch, EventHelix WebTaxi, Facebook, GPC Autocab, Microsoft Excel, Microsoft Office software, Microsoft Windows, Mobile Knowledge Cabmate, PC Dispatch, Penchant Software dispatchOffice, Piccolo Software PiccoloTaxi, TSS Wireless Fleet Management Suite, TranWare Enterprise Suite"
"Motor Vehicle Operators, All Other",All motor vehicle operators not listed separately.,
Locomotive Engineers,"Drive electric, diesel-electric, steam, or gas-turbine-electric locomotives to transport passengers or freight. Interpret train orders, electronic or manual signals, and railroad rules and regulations.","Active Listening, Critical Thinking, Electronic train management systems ETMS, Microsoft Excel, Microsoft Word, Monitoring, Operation and Control, Operations Monitoring, Route mapping software, Speaking, Time tracking software"
"Rail Yard Engineers, Dinkey Operators, and Hostlers","Drive switching or other locomotive or dinkey engines within railroad yard, industrial plant, quarry, construction project, or similar location.","Monitoring, Operation and Control, Operations Monitoring, Positive train control PTC systems, RailComm DocYard, Railcar inspection management software, Railyard inventory software, Railyard management software RMS, Softrail AEI Automatic Yard Tracking System, Softrail AEI Rail & Road Manager, Speaking, Web browser software"
"Railroad Brake, Signal, and Switch Operators and Locomotive Firers","Operate or monitor railroad track switches or locomotive instruments. May couple or uncouple rolling stock to make up or break up trains. Watch for and relay traffic signals. May inspect couplings, air hoses, journal boxes, and hand brakes. May watch for dragging equipment or obstacles on rights-of-way.","Electronic train management system software, Electronic train management systems ETMS, Google Android, Microsoft Excel, Microsoft Office software, Microsoft Outlook, Monitoring, Route mapping software, Time tracking software"
Railroad Conductors and Yardmasters,"Coordinate activities of switch-engine crew within railroad yard, industrial plant, or similar location. Conductors coordinate activities of train crew on passenger or freight trains. Yardmasters review train schedules and switching orders and coordinate activities of workers engaged in railroad traffic operations, such as the makeup or breakup of trains and yard switching.","Active Listening, Automated equipment identification AEI software, Bourque Data Systems YardMaster, Coordination, Critical Thinking, Freight reservation software, Inventory tracking software, Judgment and Decision Making, Microsoft Excel, Microsoft Office software, Microsoft Outlook, Microsoft PowerPoint, Microsoft Word, Monitoring, Positive train control PTC systems, RailComm DocYard, SAIC government services and IT support software, Softrail AEI Automatic Yard Tracking System, Softrail AEI Rail & Road Manager, Speaking, Time Management"
Subway and Streetcar Operators,"Operate subway or elevated suburban trains with no separate locomotive, or electric-powered streetcar, to transport passengers. May handle fares.","Active Listening, Microsoft Office software, Operation and Control, Operations Monitoring"
"Rail Transportation Workers, All Other",All rail transportation workers not listed separately.,
Sailors and Marine Oilers,"Stand watch to look for obstructions in path of vessel, measure water depth, turn wheel on bridge, or use emergency equipment as directed by captain, mate, or pilot. Break out, rig, overhaul, and store cargo-handling gear, stationary rigging, and running gear. Perform a variety of maintenance tasks to preserve the painted surface of the ship and to maintain line and ship equipment. Must hold government-issued certification and tankerman certification when working aboard liquid-carrying vessels. Includes able seamen and ordinary seamen.","Computerized maintenance management system CMMS, KNMI TurboWin, Kongsberg Maritime K-Log Deck Logbook, Log book software, Microsoft Excel, Microsoft Office software, Microsoft Outlook, Microsoft PowerPoint, Microsoft Windows, Microsoft Word, Operation and Control, Operations Monitoring"
"Captains, Mates, and Pilots of Water Vessels","Command or supervise operations of ships and water vessels, such as tugboats and ferryboats. Required to hold license issued by U.S. Coast Guard.","Apple macOS, Autodesk Revit, Computerized maintenance management system CMMS, FURUNO navigational chart software, Groundwater modeling system GMS, JRC navigation software, Jeppesen Marine Nobeltec Admiral, KNMI TurboWin, Log book software, Maptech The CAPN, Microsoft Excel, Microsoft Office Outlook, Microsoft Office software, Microsoft Outlook, Microsoft PowerPoint, Microsoft Word, Monitoring, Navigational chart software, Operation and Control, SHIPNEXT, Speaking"
Motorboat Operators,Operate small motor-driven boats. May assist in navigational activities.,"Autopilot software, Cartography software, Echo sounder software, Global positioning system GPS software, Operation and Control, Operations Monitoring, Radar software, Roam Devices Roam Marine Monitor Hub, SEA.AI Offshore ONE, Web browser software"
Ship Engineers,"Supervise and coordinate activities of crew engaged in operating and maintaining engines, boilers, deck machinery, and electrical, sanitary, and refrigeration equipment aboard ship.","Active Listening, Apple macOS, Computer aided dispatch software, Computerized maintenance management system CMMS, Critical Thinking, Damen DAMOS, Electronic data interchange EDI software, Equipment Maintenance, Kongsberg Maritime K-LOG Electronic Logbooks, Marine Software Marine Planned Maintenance, Marine Software Marine Safety Manager, Microsoft Access, Microsoft Excel, Microsoft Office software, Microsoft Outlook, Microsoft PowerPoint, Microsoft Project, Microsoft Word, Monitoring, Operation and Control, Operations Monitoring, Oracle Database, Repairing, SAP software, Salesforce software, Speaking, Troubleshooting, Wonderware software"
Bridge and Lock Tenders,"Operate and tend bridges, canal locks, and lighthouses to permit marine passage on inland waterways, near shores, and at danger points in waterway passages. May supervise such operations. Includes drawbridge operators, lock operators, and slip bridge operators.","Email software, Microsoft Excel, Microsoft Office software, Microsoft Outlook, Microsoft Word, Oracle PeopleSoft, SAP software, Virtual private networking VPN software"
Parking Attendants,Park vehicles or issue tickets for customers in a parking lot or garage. May park or tend vehicles in environments such as a car dealership or rental car facility. May collect fee.,"CorePark Valet, Email software, Microsoft Excel, Microsoft Office software, Microsoft Outlook, Microsoft Word, Payment processing software, SMS Valet, Speaking"
Automotive and Watercraft Service Attendants,"Service automobiles, buses, trucks, boats, and other automotive or marine vehicles with fuel, lubricants, and accessories. Collect payment for services and supplies. May lubricate vehicle, change motor oil, refill antifreeze, or replace lights or other accessories, such as windshield wiper blades or fan belts. May repair or replace tires.","Apple Safari, Inventory management systems, Microsoft Edge, Microsoft Excel, Microsoft Outlook, Microsoft Windows, Mozilla Firefox, Software libraries, Timekeeping software, Web browser software"
Aircraft Service Attendants,"Service aircraft with fuel. May de-ice aircraft, refill water and cooling agents, empty sewage tanks, service air and oxygen systems, or clean and polish exterior.","Access Software AIRPAX, Computerized aircraft log manager CALM, Engine analysis software, Maintenance information databases, Maintenance planning software, Maintenance record software, Microsoft Excel, Microsoft Office software, Microsoft Windows, Microsoft Word, Supply system software, Technical manual database software"
Traffic Technicians,"Conduct field studies to determine traffic volume, speed, effectiveness of signals, adequacy of lighting, and other factors influencing traffic conditions, under direction of traffic engineer.","Active Listening, Autodesk AutoCAD, Bentley MicroStation, C++, Computer aided design and drafting software CADD, Dowling Associates TRAFFIX, ESRI ArcGIS software, ESRI ArcView, Geographic information system GIS systems, JAMAR Technologies PETRAPro, Microsoft Access, Microsoft Excel, Microsoft Office software, Microsoft Outlook, Microsoft PowerPoint, Microsoft Windows, Microsoft Word, Oracle Database, Pd' Programming Intersection Magic, Python, R, SAS, Salesforce software, Structure query language SQL, Tableau, The MathWorks MATLAB"
Transportation Inspectors,"Inspect equipment or goods in connection with the safe transport of cargo or people. Includes rail transportation inspectors, such as freight inspectors, rail inspectors, and other inspectors of transportation vehicles not elsewhere classified.","Active Listening, Adobe Acrobat, Critical Thinking, Email software, Google Android, Microsoft Excel, Microsoft Office software, Microsoft Outlook, Microsoft Word, Reading Comprehension, Speaking, Web browser software, Writing"
Aviation Inspectors,"Inspect aircraft, maintenance procedures, air navigational aids, air traffic controls, and communications equipment to ensure conformance with Federal safety regulations.","Active Listening, Adobe InDesign, Adobe Photoshop, Aircraft regulation databases, Critical Thinking, Dassault Systemes CATIA, IBM WebSphere MQ, Microsoft Access, Microsoft Active Server Pages ASP, Microsoft Excel, Microsoft Office software, Microsoft Outlook, Microsoft PowerPoint, Microsoft Word, Operations Monitoring, Quality Control Analysis, Reading Comprehension, Robotic workstation software, SAP software, SAS, Speaking, Technical Data Management System TDMS, Writing"
"Transportation Vehicle, Equipment and Systems Inspectors, Except Aviation","Inspect and monitor transportation equipment, vehicles, or systems to ensure compliance with regulations and safety standards.","ASPEN, Commercial driver's license information system CDLIS, Diagnostic scanner software, Inspection Selection System ISS, Law enforcement database software, Microsoft Excel, Microsoft Office software, Microsoft Outlook, Microsoft PowerPoint, Microsoft Word, Past Inspection Query PIQ, Quality Control Analysis, Structured query language SQL, Vehicle identification number VIN database, Vehicle inspection databases"
Passenger Attendants,"Provide services to ensure the safety of passengers aboard ships, buses, trains, or within the station or terminal. Perform duties such as explaining the use of safety equipment, serving meals or beverages, or answering questions related to travel.","Active Listening, Appointment scheduling software, Email software, Microsoft Office software, Microsoft Windows, Microsoft Word, Service Orientation, Social Perceptiveness, Speaking, Time tracking software"
"Transportation Workers, All Other",All transportation workers not listed separately.,
Conveyor Operators and Tenders,"Control or tend conveyors or conveyor systems that move materials or products to and from stockpiles, processing stations, departments, or vehicles. May control speed and routing of materials or products.","Control system software, Conveyor control software, Intelligrated InControlWare, Microsoft Excel, Microsoft Windows, Operation and Control, Operations Monitoring, SAP software, Sortation software"
Crane and Tower Operators,"Operate mechanical boom and cable or tower and cable equipment to lift and move materials, machines, or products in many directions.","Crane operation control software, Inventory tracking software, Microsoft Excel, Microsoft Office software, Microsoft Outlook, Microsoft Windows, Operation and Control, Operations Monitoring"
Dredge Operators,"Operate dredge to remove sand, gravel, or other materials in order to excavate and maintain navigable channels in waterways.","Global positioning system GPS software, HYPACK DREDGEPACK, Operation and Control, Operations Monitoring, Programmable logic controller PLC software, Teledyne Odom Hydrographic ODOM eChart, Trimble HYDROpro, Web browser software"
Hoist and Winch Operators,Operate or tend hoists or winches to lift and pull loads using power-operated cable equipment.,"Critical Thinking, Microsoft Excel, Microsoft Word, Monitoring, Operations Monitoring, Time Management"
Industrial Truck and Tractor Operators,"Operate industrial trucks or tractors equipped to move materials around a warehouse, storage yard, factory, construction site, or similar location.","ATMS StockTrack PLUS, Argos Software ABECAS Insight WMS, Autodesk AutoCAD, BarControl Enterprise Manager iBEM, IntelliTrack Warehouse Management System (WMS), Inventory management systems, Lilly Software Associates VISUAL DCMS, Microsoft Excel, Microsoft Office software, Microsoft Outlook, Microsoft Word, Motek Priya, Operation and Control, RedPrairie DLx Warehouse, SAP software, SSA Global Supply Chain Management, Symphony GOLD, Warehouse management system WMS"
Cleaners of Vehicles and Equipment,"Wash or otherwise clean vehicles, machinery, and other equipment. Use such materials as water, cleaning agents, brushes, cloths, and hoses.","Bella FSM Auto Detailing Service Software, BookFresh, Green Cloud KleanTRAC, Inventory tracking software, Microsoft Windows, Thoughtful Systems Scheduling Manager for Auto Detailing"
"Laborers and Freight, Stock, and Material Movers, Hand","Manually move freight, stock, luggage, or other materials, or perform other general labor. Includes all manual laborers not elsewhere classified.","Apple Safari, Autodesk AutoCAD, Data entry software, FaceTime, Google Docs, Handheld computer device software, IBM Notes, Inventory management systems, Inventory tracking software, Machine control software, Microsoft Edge, Microsoft Excel, Microsoft Office software, Microsoft Outlook, Microsoft Publisher, Microsoft Word, Mozilla Firefox, Oracle Database, SAP software, Warehouse management system WMS"
Recycling and Reclamation Workers,Prepare and sort materials or products for recycling. Identify and remove hazardous substances. Dismantle components of products such as appliances.,"Microsoft Excel, Microsoft Office software, Microsoft Word, Work scheduling software"
Machine Feeders and Offbearers,Feed materials into or remove materials from machines or equipment that is automatic or tended by other workers.,"Machine operation software, Microsoft Excel, Microsoft Office software, Microsoft Outlook, Work time tracking software"
"Packers and Packagers, Hand",Pack or package by hand a wide variety of products and materials.,"Autodesk AutoCAD, Inventory tracking software, Microsoft Excel, Microsoft Office software, Microsoft Word, SAP software"
Stockers and Order Fillers,"Receive, store, and issue merchandise, materials, equipment, and other items from stockroom, warehouse, or storage yard to fill shelves, racks, tables, or customers' orders. May operate power equipment to fill orders. May mark prices on merchandise and set up sales displays.","Apple Safari, Data entry software, Eko, Email software, Google Docs, Handheld computer device software, Inventory management systems, Inventory tracking software, Microsoft Access, Microsoft Dynamics GP, Microsoft Edge, Microsoft Excel, Microsoft Office software, Microsoft Outlook, Microsoft Windows, Microsoft Word, Mozilla Firefox, Oracle JD Edwards EnterpriseOne, Ordering software, SAP software, Voice picking software, Warehouse management system WMS, Work scheduling software"
Gas Compressor and Gas Pumping Station Operators,"Operate steam-, gas-, electric motor-, or internal combustion-engine driven compressors. Transmit, compress, or recover gases, such as butane, nitrogen, hydrogen, and natural gas.","Computerized maintenance management system CMMS, Critical Thinking, Microsoft Excel, Microsoft Office software, Microsoft Outlook, Microsoft Word, Operation and Control, Operations Monitoring, Programmable logic controller PLC software"
"Pump Operators, Except Wellhead Pumpers","Tend, control, or operate power-driven, stationary, or portable pumps and manifold systems to transfer gases, oil, other liquids, slurries, or powdered materials to and from various vessels and processes.","Computerized maintenance management system CMMS, Microsoft Excel, Microsoft Office software, Microsoft Outlook, Microsoft Word, Monitoring, Operation and Control, Operational databases, Operations Monitoring, Supervisory control and data acquisition SCADA software"
Wellhead Pumpers,Operate power pumps and auxiliary equipment to produce flow of oil or gas from wells in oil field.,"Microsoft Excel, Microsoft Office software, Microsoft Outlook, Microsoft Word, Moxa software, Operation and Control, Operational databases, Operations Monitoring, SAP software, Supervisory control and data acquisition SCADA software"
Refuse and Recyclable Material Collectors,Collect and dump refuse or recyclable materials from containers into truck. May drive truck.,"AMCS Platform, Computerized maintenance management system CMMS, Dossier software, Fleet management software, Global positioning system GPS software, Mileage logging software, Payroll software, Routeware software, Squeegee, WAM software"
"Tank Car, Truck, and Ship Loaders","Load and unload chemicals and bulk solids, such as coal, sand, and grain, into or from tank cars, trucks, or ships, using material moving equipment. May perform a variety of other tasks relating to shipment of products. May gauge or sample shipping tanks and test them for leaks.","CompuWeigh GMS, Distributed control system DCS, Linux, Microsoft Excel, Microsoft Office software, Operation and Control, Operations Monitoring, SAP software, Warehouse management system WMS"
"Material Moving Workers, All Other",All material moving workers not listed separately.,
Air Crew Officers,"Perform and direct in-flight duties to ensure the successful completion of combat, reconnaissance, transport, and search and rescue missions. Duties include operating aircraft communications and radar equipment, such as establishing satellite linkages and jamming enemy communications capabilities; operating aircraft weapons and defensive systems; conducting preflight, in-flight, and postflight inspections of onboard equipment; and directing cargo and personnel drops.",
Aircraft Launch and Recovery Officers,"Plan and direct the operation and maintenance of catapults, arresting gear, and associated mechanical, hydraulic, and control systems involved primarily in aircraft carrier takeoff and landing operations. Duties include supervision of readiness and safety of arresting gear, launching equipment, barricades, and visual landing aid systems; planning and coordinating the design, development, and testing of launch and recovery systems; preparing specifications for catapult and arresting gear installations; evaluating design proposals; determining handling equipment needed for new aircraft; preparing technical data and instructions for operation of landing aids; and training personnel in carrier takeoff and landing procedures.",
Armored Assault Vehicle Officers,"Direct the operation of tanks, light armor, and amphibious assault vehicle units during combat situations on land or in aquatic environments. Duties include directing crew members in the operation of targeting and firing systems; coordinating the operation of advanced onboard communications and navigation equipment; directing the transport of personnel and equipment during combat; formulating and implementing battle plans, including the tactical employment of armored vehicle units; and coordinating with infantry, artillery, and air support units.",
Artillery and Missile Officers,"Manage personnel and weapons operations to destroy enemy positions, aircraft, and vessels. Duties include planning, targeting, and coordinating the tactical deployment of field artillery and air defense artillery missile systems units; directing the establishment and operation of fire control communications systems; targeting and launching intercontinental ballistic missiles; directing the storage and handling of nuclear munitions and components; overseeing security of weapons storage and launch facilities; and managing maintenance of weapons systems.",
Command and Control Center Officers,"Manage the operation of communications, detection, and weapons systems essential for controlling air, ground, and naval operations. Duties include managing critical communication links between air, naval, and ground forces; formulating and implementing emergency plans for natural and wartime disasters; coordinating emergency response teams and agencies; evaluating command center information and need for high-level military and government reporting; managing the operation of surveillance and detection systems; providing technical information and advice on capabilities and operational readiness; and directing operation of weapons targeting, firing, and launch computer systems.",
Infantry Officers,"Direct, train, and lead infantry units in ground combat operations. Duties include directing deployment of infantry weapons, vehicles, and equipment; directing location, construction, and camouflage of infantry positions and equipment; managing field communications operations; coordinating with armor, artillery, and air support units; performing strategic and tactical planning, including battle plan development; and leading basic reconnaissance operations.",
Special Forces Officers,"Lead elite teams that implement unconventional operations by air, land, or sea during combat or peacetime. These activities include offensive raids, demolitions, reconnaissance, search and rescue, and counterterrorism. In addition to their combat training, special forces officers often have specialized training in swimming, diving, parachuting, survival, emergency medicine, and foreign languages. Duties include directing advanced reconnaissance operations and evaluating intelligence information; recruiting, training, and equipping friendly forces; leading raids and invasions on enemy territories; training personnel to implement individual missions and contingency plans; performing strategic and tactical planning for politically sensitive missions; and operating sophisticated communications equipment.",
"Military Officer Special and Tactical Operations Leaders, All Other",All military officer special and tactical operations leaders not listed separately.,
First-Line Supervisors of Air Crew Members,Supervise and coordinate the activities of air crew members. Supervisors may also perform the same activities as the workers they supervise.,
First-Line Supervisors of Weapons Specialists/Crew Members,Supervise and coordinate the activities of weapons specialists/crew members. Supervisors may also perform the same activities as the workers they supervise.,
First-Line Supervisors of All Other Tactical Operations Specialists,Supervise and coordinate the activities of all other tactical operations specialists not classified separately above. Supervisors may also perform the same activities as the workers they supervise.,
Air Crew Members,"Perform in-flight duties to ensure the successful completion of combat, reconnaissance, transport, and search and rescue missions. Duties include operating aircraft communications and detection equipment, including establishing satellite linkages and jamming enemy communications capabilities; conducting preflight, in-flight, and postflight inspections of onboard equipment; operating and maintaining aircraft weapons and defensive systems; operating and maintaining aircraft in-flight refueling systems; executing aircraft safety and emergency procedures; computing and verifying passenger, cargo, fuel, and emergency and special equipment weight and balance data; and conducting cargo and personnel drops.",
Aircraft Launch and Recovery Specialists,"Operate and maintain catapults, arresting gear, and associated mechanical, hydraulic, and control systems involved primarily in aircraft carrier takeoff and landing operations. Duties include installing and maintaining visual landing aids; testing and maintaining launch and recovery equipment using electric and mechanical test equipment and hand tools; activating airfield arresting systems, such as crash barriers and cables, during emergency landing situations; directing aircraft launch and recovery operations using hand or light signals; and maintaining logs of airplane launches, recoveries, and equipment maintenance.",
Armored Assault Vehicle Crew Members,"Operate tanks, light armor, and amphibious assault vehicles during combat situations on land or in aquatic environments. Duties include driving armored vehicles that require specialized training; operating and maintaining targeting and firing systems; operating and maintaining advanced onboard communications and navigation equipment; transporting personnel and equipment in a combat environment; and operating and maintaining auxiliary weapons, including machine guns and grenade launchers.",
Artillery and Missile Crew Members,"Target, fire, and maintain weapons used to destroy enemy positions, aircraft, and vessels. Field artillery crew members predominantly use guns, cannons, and howitzers in ground combat operations, while air defense artillery crew members predominantly use missiles and rockets. Naval artillery crew members predominantly use torpedoes and missiles launched from a ship or submarine. Duties include testing, inspecting, and storing ammunition, missiles, and torpedoes; conducting preventive and routine maintenance on weapons and related equipment; establishing and maintaining radio and wire communications; and operating weapons targeting, firing, and launch computer systems.",
Command and Control Center Specialists,"Operate and monitor communications, detection, and weapons systems essential for controlling air, ground, and naval operations. Duties include maintaining and relaying critical communications between air, naval, and ground forces; implementing emergency plans for natural and wartime disasters; relaying command center information to high-level military and government decisionmakers; monitoring surveillance and detection systems, such as air defense; interpreting and evaluating tactical situations and making recommendations to superiors; and operating weapons targeting, firing, and launch computer systems.",
Infantry,"Operate weapons and equipment in ground combat operations. Duties include operating and maintaining weapons, such as rifles, machine guns, mortars, and hand grenades; locating, constructing, and camouflaging infantry positions and equipment; evaluating terrain and recording topographical information; operating and maintaining field communications equipment; assessing need for and directing supporting fire; placing explosives and performing minesweeping activities on land; and participating in basic reconnaissance operations.",
Special Forces,"Implement unconventional operations by air, land, or sea during combat or peacetime as members of elite teams. These activities include offensive raids, demolitions, reconnaissance, search and rescue, and counterterrorism. In addition to their combat training, special forces members often have specialized training in swimming, diving, parachuting, survival, emergency medicine, and foreign languages. Duties include conducting advanced reconnaissance operations and collecting intelligence information; recruiting, training, and equipping friendly forces; conducting raids and invasions on enemy territories; laying and detonating explosives for demolition targets; locating, identifying, defusing, and disposing of ordnance; and operating and maintaining sophisticated communications equipment.",
"Military Enlisted Tactical Operations and Air/Weapons Specialists and Crew Members, All Other",All military enlisted tactical operations and air/weapons specialists and crewmembers not listed separately.,
